ISO-10303-21;
HEADER;
/* Generated by software containing ST-Developer
 * from STEP Tools, Inc. (www.steptools.com) 
 */
/* OPTION: using custom renumber hook */

FILE_DESCRIPTION(
/* description */ ('STEP AP242',
'CAx-IF Rec.Pracs.---Representation and Presentation of Product Manufa
cturing Information (PMI)---4.0---2014-10-13',
'CAx-IF Rec.Pracs.---3D Tessellated Geometry---0.4---2014-09-14','2;1'),

/* implementation_level */ '2;1');

FILE_NAME(
/* name */ '68a980ddfe19a445201f1efb',
/* time_stamp */ '2025-08-23T08:50:38Z',
/* author */ (''),
/* organization */ (''),
/* preprocessor_version */ 'ST-DEVELOPER v20',
/* originating_system */ 'ONSHAPE BY PTC INC, 1.202',
/* authorisation */ '  ');

FILE_SCHEMA (('AP242_MANAGED_MODEL_BASED_3D_ENGINEERING_MIM_LF { 1 0 10303 442 1 1 4 }'));
ENDSEC;

DATA;
#10=SHAPE_REPRESENTATION_RELATIONSHIP('','',#9684,#12);
#11=SHAPE_REPRESENTATION_RELATIONSHIP('','',#9685,#13);
#12=ADVANCED_BREP_SHAPE_REPRESENTATION('',(#9680),#16632);
#13=ADVANCED_BREP_SHAPE_REPRESENTATION('',(#9681),#16633);
#14=TOROIDAL_SURFACE('',#9878,0.00199999999999996,0.001);
#15=TOROIDAL_SURFACE('',#9884,0.00994740195694674,0.001);
#16=TOROIDAL_SURFACE('',#9886,0.00199999999999962,0.001);
#17=TOROIDAL_SURFACE('',#9892,0.00199999999999925,0.001);
#18=TOROIDAL_SURFACE('',#9895,0.003,0.001);
#19=TOROIDAL_SURFACE('',#9917,0.003,0.001);
#20=TOROIDAL_SURFACE('',#9920,0.0104957205063381,0.001);
#21=TOROIDAL_SURFACE('',#9925,0.0649500317718967,0.001);
#22=TOROIDAL_SURFACE('',#9929,0.010278456097961,0.001);
#23=TOROIDAL_SURFACE('',#10322,0.003,0.001);
#24=TOROIDAL_SURFACE('',#10325,0.003,0.001);
#25=TOROIDAL_SURFACE('',#10331,0.010278456097961,0.001);
#26=TOROIDAL_SURFACE('',#10334,0.00199999999999925,0.001);
#27=TOROIDAL_SURFACE('',#10339,0.00199999999999962,0.001);
#28=TOROIDAL_SURFACE('',#10344,0.0649500317718967,0.001);
#29=TOROIDAL_SURFACE('',#10348,0.00994740195694674,0.001);
#30=TOROIDAL_SURFACE('',#10353,0.00199999999999996,0.001);
#31=TOROIDAL_SURFACE('',#10356,0.0104957205063381,0.001);
#32=VERTEX_LOOP('',#5235);
#33=VERTEX_LOOP('',#5237);
#34=VERTEX_LOOP('',#5248);
#35=VERTEX_LOOP('',#5260);
#36=VERTEX_LOOP('',#5371);
#37=VERTEX_LOOP('',#5372);
#38=VERTEX_LOOP('',#5374);
#39=VERTEX_LOOP('',#5376);
#40=VERTEX_LOOP('',#5581);
#41=VERTEX_LOOP('',#5583);
#42=VERTEX_LOOP('',#5687);
#43=VERTEX_LOOP('',#5689);
#44=VERTEX_LOOP('',#5724);
#45=VERTEX_LOOP('',#5725);
#46=VERTEX_LOOP('',#5875);
#47=VERTEX_LOOP('',#5876);
#48=VERTEX_LOOP('',#5878);
#49=VERTEX_LOOP('',#5880);
#50=B_SPLINE_SURFACE_WITH_KNOTS('',3,1,((#14097,#14098),(#14099,#14100),
(#14101,#14102),(#14103,#14104)),.SURF_OF_LINEAR_EXTRUSION.,.F.,.F.,.F.,
(4,4),(2,2),(-0.861933320263295,0.),(0.,1.),.PIECEWISE_BEZIER_KNOTS.);
#51=B_SPLINE_SURFACE_WITH_KNOTS('',3,1,((#14122,#14123),(#14124,#14125),
(#14126,#14127),(#14128,#14129)),.SURF_OF_LINEAR_EXTRUSION.,.F.,.F.,.F.,
(4,4),(2,2),(-1.43268667852044,0.),(0.,1.),.PIECEWISE_BEZIER_KNOTS.);
#52=B_SPLINE_SURFACE_WITH_KNOTS('',3,1,((#14607,#14608),(#14609,#14610),
(#14611,#14612),(#14613,#14614)),.SURF_OF_LINEAR_EXTRUSION.,.F.,.F.,.F.,
(4,4),(2,2),(-0.0353476934308849,-2.40749763329973E-9),(0.,1.),
 .PIECEWISE_BEZIER_KNOTS.);
#53=B_SPLINE_SURFACE_WITH_KNOTS('',3,1,((#14782,#14783),(#14784,#14785),
(#14786,#14787),(#14788,#14789)),.SURF_OF_LINEAR_EXTRUSION.,.F.,.F.,.F.,
(4,4),(2,2),(-0.0347199858189197,0.),(0.,1.),.PIECEWISE_BEZIER_KNOTS.);
#54=B_SPLINE_SURFACE_WITH_KNOTS('',3,1,((#14861,#14862),(#14863,#14864),
(#14865,#14866),(#14867,#14868)),.SURF_OF_LINEAR_EXTRUSION.,.F.,.F.,.F.,
(4,4),(2,2),(-0.150716583237056,0.),(0.,1.),.PIECEWISE_BEZIER_KNOTS.);
#55=B_SPLINE_SURFACE_WITH_KNOTS('',3,1,((#14877,#14878),(#14879,#14880),
(#14881,#14882),(#14883,#14884)),.SURF_OF_LINEAR_EXTRUSION.,.F.,.F.,.F.,
(4,4),(2,2),(-0.150716583236958,0.),(0.,1.),.PIECEWISE_BEZIER_KNOTS.);
#56=B_SPLINE_SURFACE_WITH_KNOTS('',3,1,((#14891,#14892),(#14893,#14894),
(#14895,#14896),(#14897,#14898)),.SURF_OF_LINEAR_EXTRUSION.,.F.,.F.,.F.,
(4,4),(2,2),(-0.150716587052484,0.),(0.,1.),.PIECEWISE_BEZIER_KNOTS.);
#57=B_SPLINE_SURFACE_WITH_KNOTS('',3,1,((#14905,#14906),(#14907,#14908),
(#14909,#14910),(#14911,#14912)),.SURF_OF_LINEAR_EXTRUSION.,.F.,.F.,.F.,
(4,4),(2,2),(-0.150716587190212,0.),(0.,1.),.PIECEWISE_BEZIER_KNOTS.);
#58=B_SPLINE_SURFACE_WITH_KNOTS('',3,1,((#15362,#15363),(#15364,#15365),
(#15366,#15367),(#15368,#15369)),.SURF_OF_LINEAR_EXTRUSION.,.F.,.F.,.F.,
(4,4),(2,2),(-0.861933320263295,0.),(0.,1.),.PIECEWISE_BEZIER_KNOTS.);
#59=B_SPLINE_SURFACE_WITH_KNOTS('',3,1,((#15387,#15388),(#15389,#15390),
(#15391,#15392),(#15393,#15394)),.SURF_OF_LINEAR_EXTRUSION.,.F.,.F.,.F.,
(4,4),(2,2),(-1.43268667852044,0.),(0.,1.),.PIECEWISE_BEZIER_KNOTS.);
#60=B_SPLINE_SURFACE_WITH_KNOTS('',3,1,((#16496,#16497),(#16498,#16499),
(#16500,#16501),(#16502,#16503)),.SURF_OF_LINEAR_EXTRUSION.,.F.,.F.,.F.,
(4,4),(2,2),(-1.,-6.02033907195081E-6),(0.,1.),.PIECEWISE_BEZIER_KNOTS.);
#61=B_SPLINE_SURFACE_WITH_KNOTS('',3,1,((#16520,#16521),(#16522,#16523),
(#16524,#16525),(#16526,#16527)),.SURF_OF_LINEAR_EXTRUSION.,.F.,.F.,.F.,
(4,4),(2,2),(-1.,0.),(0.,1.),.PIECEWISE_BEZIER_KNOTS.);
#62=B_SPLINE_CURVE_WITH_KNOTS('',3,(#13570,#13571,#13572,#13573),
 .UNSPECIFIED.,.F.,.F.,(4,4),(-0.150716583237056,0.),
 .PIECEWISE_BEZIER_KNOTS.);
#63=B_SPLINE_CURVE_WITH_KNOTS('',3,(#13576,#13577,#13578,#13579),
 .UNSPECIFIED.,.F.,.F.,(4,4),(-0.150716587190212,0.),
 .PIECEWISE_BEZIER_KNOTS.);
#64=B_SPLINE_CURVE_WITH_KNOTS('',3,(#13581,#13582,#13583,#13584),
 .UNSPECIFIED.,.F.,.F.,(4,4),(-0.150716587052484,0.),
 .PIECEWISE_BEZIER_KNOTS.);
#65=B_SPLINE_CURVE_WITH_KNOTS('',3,(#13586,#13587,#13588,#13589),
 .UNSPECIFIED.,.F.,.F.,(4,4),(-0.150716583236958,0.),
 .PIECEWISE_BEZIER_KNOTS.);
#66=B_SPLINE_CURVE_WITH_KNOTS('',3,(#13590,#13591,#13592,#13593,#13594,
#13595,#13596),.UNSPECIFIED.,.F.,.F.,(4,3,4),(-0.0350671513612176,-0.0347199518427897,
0.),.PIECEWISE_BEZIER_KNOTS.);
#67=B_SPLINE_CURVE_WITH_KNOTS('',3,(#13667,#13668,#13669,#13670),
 .UNSPECIFIED.,.F.,.F.,(4,4),(-0.0353476934308849,0.),
 .PIECEWISE_BEZIER_KNOTS.);
#68=B_SPLINE_CURVE_WITH_KNOTS('',3,(#13865,#13866,#13867,#13868),
 .UNSPECIFIED.,.F.,.F.,(4,4),(0.,1.),.UNSPECIFIED.);
#69=B_SPLINE_CURVE_WITH_KNOTS('',3,(#13874,#13875,#13876,#13877),
 .UNSPECIFIED.,.F.,.F.,(4,4),(0.,1.),.UNSPECIFIED.);
#70=B_SPLINE_CURVE_WITH_KNOTS('',3,(#13883,#13884,#13885,#13886),
 .UNSPECIFIED.,.F.,.F.,(4,4),(0.,1.),.UNSPECIFIED.);
#71=B_SPLINE_CURVE_WITH_KNOTS('',3,(#13892,#13893,#13894,#13895),
 .UNSPECIFIED.,.F.,.F.,(4,4),(0.,1.),.UNSPECIFIED.);
#72=B_SPLINE_CURVE_WITH_KNOTS('',3,(#13901,#13902,#13903,#13904),
 .UNSPECIFIED.,.F.,.F.,(4,4),(0.,1.),.UNSPECIFIED.);
#73=B_SPLINE_CURVE_WITH_KNOTS('',3,(#13910,#13911,#13912,#13913),
 .UNSPECIFIED.,.F.,.F.,(4,4),(0.,1.),.UNSPECIFIED.);
#74=B_SPLINE_CURVE_WITH_KNOTS('',3,(#13919,#13920,#13921,#13922),
 .UNSPECIFIED.,.F.,.F.,(4,4),(0.,1.),.UNSPECIFIED.);
#75=B_SPLINE_CURVE_WITH_KNOTS('',3,(#13928,#13929,#13930,#13931),
 .UNSPECIFIED.,.F.,.F.,(4,4),(0.,1.),.UNSPECIFIED.);
#76=B_SPLINE_CURVE_WITH_KNOTS('',3,(#13937,#13938,#13939,#13940),
 .UNSPECIFIED.,.F.,.F.,(4,4),(0.,1.),.UNSPECIFIED.);
#77=B_SPLINE_CURVE_WITH_KNOTS('',3,(#13946,#13947,#13948,#13949),
 .UNSPECIFIED.,.F.,.F.,(4,4),(0.,1.),.UNSPECIFIED.);
#78=B_SPLINE_CURVE_WITH_KNOTS('',3,(#13955,#13956,#13957,#13958),
 .UNSPECIFIED.,.F.,.F.,(4,4),(-2.77555756156289E-16,1.),.UNSPECIFIED.);
#79=B_SPLINE_CURVE_WITH_KNOTS('',3,(#13964,#13965,#13966,#13967),
 .UNSPECIFIED.,.F.,.F.,(4,4),(0.,1.),.UNSPECIFIED.);
#80=B_SPLINE_CURVE_WITH_KNOTS('',3,(#13973,#13974,#13975,#13976),
 .UNSPECIFIED.,.F.,.F.,(4,4),(0.,1.),.UNSPECIFIED.);
#81=B_SPLINE_CURVE_WITH_KNOTS('',3,(#13982,#13983,#13984,#13985),
 .UNSPECIFIED.,.F.,.F.,(4,4),(0.,1.),.UNSPECIFIED.);
#82=B_SPLINE_CURVE_WITH_KNOTS('',3,(#13991,#13992,#13993,#13994),
 .UNSPECIFIED.,.F.,.F.,(4,4),(0.,1.),.UNSPECIFIED.);
#83=B_SPLINE_CURVE_WITH_KNOTS('',3,(#14000,#14001,#14002,#14003),
 .UNSPECIFIED.,.F.,.F.,(4,4),(0.,1.),.UNSPECIFIED.);
#84=B_SPLINE_CURVE_WITH_KNOTS('',3,(#14009,#14010,#14011,#14012),
 .UNSPECIFIED.,.F.,.F.,(4,4),(0.,1.),.UNSPECIFIED.);
#85=B_SPLINE_CURVE_WITH_KNOTS('',3,(#14018,#14019,#14020,#14021),
 .UNSPECIFIED.,.F.,.F.,(4,4),(0.,1.),.UNSPECIFIED.);
#86=B_SPLINE_CURVE_WITH_KNOTS('',3,(#14027,#14028,#14029,#14030),
 .UNSPECIFIED.,.F.,.F.,(4,4),(0.,1.),.UNSPECIFIED.);
#87=B_SPLINE_CURVE_WITH_KNOTS('',3,(#14036,#14037,#14038,#14039),
 .UNSPECIFIED.,.F.,.F.,(4,4),(0.,1.),.UNSPECIFIED.);
#88=B_SPLINE_CURVE_WITH_KNOTS('',3,(#14045,#14046,#14047,#14048),
 .UNSPECIFIED.,.F.,.F.,(4,4),(0.,1.),.UNSPECIFIED.);
#89=B_SPLINE_CURVE_WITH_KNOTS('',3,(#14054,#14055,#14056,#14057),
 .UNSPECIFIED.,.F.,.F.,(4,4),(0.,1.),.UNSPECIFIED.);
#90=B_SPLINE_CURVE_WITH_KNOTS('',3,(#14063,#14064,#14065,#14066),
 .UNSPECIFIED.,.F.,.F.,(4,4),(-1.80411241501588E-16,1.),.UNSPECIFIED.);
#91=B_SPLINE_CURVE_WITH_KNOTS('',3,(#14105,#14106,#14107,#14108,#14109,
#14110,#14111),.UNSPECIFIED.,.F.,.F.,(4,3,4),(-0.861933320263295,-0.753215814494873,
0.),.PIECEWISE_BEZIER_KNOTS.);
#92=B_SPLINE_CURVE_WITH_KNOTS('',3,(#14113,#14114,#14115,#14116,#14117,
#14118,#14119),.UNSPECIFIED.,.F.,.F.,(4,3,4),(-0.861933320263295,-0.753215814494873,
0.),.PIECEWISE_BEZIER_KNOTS.);
#93=B_SPLINE_CURVE_WITH_KNOTS('',3,(#14130,#14131,#14132,#14133,#14134,
#14135,#14136),.UNSPECIFIED.,.F.,.F.,(4,3,4),(-1.43268667852044,-1.09176944674722,
0.),.PIECEWISE_BEZIER_KNOTS.);
#94=B_SPLINE_CURVE_WITH_KNOTS('',3,(#14138,#14139,#14140,#14141,#14142,
#14143,#14144),.UNSPECIFIED.,.F.,.F.,(4,3,4),(-1.43268667852044,-1.09176944674722,
0.),.PIECEWISE_BEZIER_KNOTS.);
#95=B_SPLINE_CURVE_WITH_KNOTS('',3,(#14411,#14412,#14413,#14414,#14415),
 .UNSPECIFIED.,.F.,.F.,(4,1,4),(0.,0.0007813286432852,0.0015626572865704),
 .UNSPECIFIED.);
#96=B_SPLINE_CURVE_WITH_KNOTS('',3,(#14617,#14618,#14619,#14620),
 .UNSPECIFIED.,.F.,.F.,(4,4),(-0.0353476934308849,0.),
 .PIECEWISE_BEZIER_KNOTS.);
#97=B_SPLINE_CURVE_WITH_KNOTS('',3,(#14792,#14793,#14794,#14795,#14796,
#14797,#14798),.UNSPECIFIED.,.F.,.F.,(4,3,4),(-0.0350671513612176,-0.0347199518427897,
0.),.PIECEWISE_BEZIER_KNOTS.);
#98=B_SPLINE_CURVE_WITH_KNOTS('',3,(#14871,#14872,#14873,#14874),
 .UNSPECIFIED.,.F.,.F.,(4,4),(-0.150716583237056,0.),
 .PIECEWISE_BEZIER_KNOTS.);
#99=B_SPLINE_CURVE_WITH_KNOTS('',3,(#14887,#14888,#14889,#14890),
 .UNSPECIFIED.,.F.,.F.,(4,4),(-0.150716583236958,0.),
 .PIECEWISE_BEZIER_KNOTS.);
#100=B_SPLINE_CURVE_WITH_KNOTS('',3,(#14901,#14902,#14903,#14904),
 .UNSPECIFIED.,.F.,.F.,(4,4),(-0.150716587052484,0.),
 .PIECEWISE_BEZIER_KNOTS.);
#101=B_SPLINE_CURVE_WITH_KNOTS('',3,(#14913,#14914,#14915,#14916),
 .UNSPECIFIED.,.F.,.F.,(4,4),(-0.150716587190212,0.),
 .PIECEWISE_BEZIER_KNOTS.);
#102=B_SPLINE_CURVE_WITH_KNOTS('',3,(#15370,#15371,#15372,#15373,#15374,
#15375,#15376),.UNSPECIFIED.,.F.,.F.,(4,3,4),(-0.861933320263295,-0.753215814494873,
0.),.PIECEWISE_BEZIER_KNOTS.);
#103=B_SPLINE_CURVE_WITH_KNOTS('',3,(#15380,#15381,#15382,#15383,#15384,
#15385,#15386),.UNSPECIFIED.,.F.,.F.,(4,3,4),(-0.861933320263295,-0.753215814494873,
0.),.PIECEWISE_BEZIER_KNOTS.);
#104=B_SPLINE_CURVE_WITH_KNOTS('',3,(#15395,#15396,#15397,#15398,#15399,
#15400,#15401),.UNSPECIFIED.,.F.,.F.,(4,3,4),(-1.43268667852044,-1.09176944674722,
0.),.PIECEWISE_BEZIER_KNOTS.);
#105=B_SPLINE_CURVE_WITH_KNOTS('',3,(#15405,#15406,#15407,#15408,#15409,
#15410,#15411),.UNSPECIFIED.,.F.,.F.,(4,3,4),(-1.43268667852044,-1.09176944674722,
0.),.PIECEWISE_BEZIER_KNOTS.);
#106=B_SPLINE_CURVE_WITH_KNOTS('',3,(#15645,#15646,#15647,#15648),
 .UNSPECIFIED.,.F.,.F.,(4,4),(-1.,0.),.PIECEWISE_BEZIER_KNOTS.);
#107=B_SPLINE_CURVE_WITH_KNOTS('',3,(#15662,#15663,#15664,#15665),
 .UNSPECIFIED.,.F.,.F.,(4,4),(-1.,0.),.PIECEWISE_BEZIER_KNOTS.);
#108=B_SPLINE_CURVE_WITH_KNOTS('',3,(#15904,#15905,#15906,#15907,#15908),
 .UNSPECIFIED.,.F.,.F.,(4,1,4),(0.,0.000781328643285262,0.00156265728657052),
 .UNSPECIFIED.);
#109=B_SPLINE_CURVE_WITH_KNOTS('',3,(#16506,#16507,#16508,#16509),
 .UNSPECIFIED.,.F.,.F.,(4,4),(-1.,0.),.PIECEWISE_BEZIER_KNOTS.);
#110=B_SPLINE_CURVE_WITH_KNOTS('',3,(#16530,#16531,#16532,#16533),
 .UNSPECIFIED.,.F.,.F.,(4,4),(-1.,0.),.PIECEWISE_BEZIER_KNOTS.);
#111=CONICAL_SURFACE('',#9692,0.001,0.872664625997165);
#112=CONICAL_SURFACE('',#9696,0.001,0.872664625997165);
#113=CONICAL_SURFACE('',#9874,0.0017,0.785398163397448);
#114=CONICAL_SURFACE('',#9876,0.0017,0.785398163397448);
#115=CONICAL_SURFACE('',#9899,0.0017,0.785398163397448);
#116=CONICAL_SURFACE('',#9911,0.0017,0.785398163397448);
#117=CONICAL_SURFACE('',#10094,0.0017,0.785398163397448);
#118=CONICAL_SURFACE('',#10095,0.0017,0.785398163397448);
#119=CONICAL_SURFACE('',#10098,0.0017,0.785398163397448);
#120=CONICAL_SURFACE('',#10101,0.0017,0.785398163397448);
#121=CONICAL_SURFACE('',#10243,0.0017,0.785398163397448);
#122=CONICAL_SURFACE('',#10245,0.0017,0.785398163397448);
#123=CONICAL_SURFACE('',#10313,0.0017,0.785398163397448);
#124=CONICAL_SURFACE('',#10315,0.0017,0.785398163397448);
#125=CONICAL_SURFACE('',#10407,0.001,0.872664625997165);
#126=CONICAL_SURFACE('',#10408,0.001,0.872664625997165);
#127=CONICAL_SURFACE('',#10662,0.0017,0.785398163397448);
#128=CONICAL_SURFACE('',#10663,0.0017,0.785398163397448);
#129=CONICAL_SURFACE('',#10666,0.0017,0.785398163397448);
#130=CONICAL_SURFACE('',#10669,0.0017,0.785398163397448);
#131=CIRCLE('',#9691,0.0012);
#132=CIRCLE('',#9693,0.001);
#133=CIRCLE('',#9695,0.001);
#134=CIRCLE('',#9698,0.000976068714522773);
#135=CIRCLE('',#9699,0.000984558988847913);
#136=CIRCLE('',#9700,0.000976070564280456);
#137=CIRCLE('',#9701,0.000984559240561528);
#138=CIRCLE('',#9702,0.000984556591212415);
#139=CIRCLE('',#9703,0.00097606976318909);
#140=CIRCLE('',#9704,0.000984558422550575);
#141=CIRCLE('',#9705,0.000984559193357296);
#142=CIRCLE('',#9706,0.000976070515209202);
#143=CIRCLE('',#9707,0.000976070564283522);
#144=CIRCLE('',#9708,0.000984559240566833);
#145=CIRCLE('',#9709,0.000976070564284044);
#146=CIRCLE('',#9710,0.000984558422551168);
#147=CIRCLE('',#9711,0.000976069763193059);
#148=CIRCLE('',#9712,0.000984558422550904);
#149=CIRCLE('',#9713,0.000976069563386199);
#150=CIRCLE('',#9714,0.000976070564280515);
#151=CIRCLE('',#9715,0.000984558422549798);
#152=CIRCLE('',#9716,0.000976069763190518);
#153=CIRCLE('',#9717,0.000976069578290772);
#154=CIRCLE('',#9718,0.00097606982586559);
#155=CIRCLE('',#9719,0.00097790017763771);
#156=CIRCLE('',#9720,0.00994740195694674);
#157=CIRCLE('',#9721,0.00199999999999996);
#158=CIRCLE('',#9722,0.0104957205063381);
#159=CIRCLE('',#9723,0.003);
#160=CIRCLE('',#9724,0.003);
#161=CIRCLE('',#9725,0.010278456097961);
#162=CIRCLE('',#9726,0.00199999999999925);
#163=CIRCLE('',#9727,0.00199999999999962);
#164=CIRCLE('',#9728,0.0649500317718967);
#165=CIRCLE('',#9729,0.00098455924056448);
#166=CIRCLE('',#9730,0.00097607056428043);
#167=CIRCLE('',#9731,0.000984559240560735);
#168=CIRCLE('',#9732,0.000976070564283302);
#169=CIRCLE('',#9733,0.000984559240560591);
#170=CIRCLE('',#9734,0.00097607031670902);
#171=CIRCLE('',#9735,0.0009845589888502);
#172=CIRCLE('',#9736,0.000976070564284065);
#173=CIRCLE('',#9739,0.001);
#174=CIRCLE('',#9740,0.001);
#175=CIRCLE('',#9741,0.002);
#176=CIRCLE('',#9742,0.00100000000000069);
#177=CIRCLE('',#9743,0.000999999999999618);
#178=CIRCLE('',#9744,0.0659499353097254);
#179=CIRCLE('',#9745,0.001);
#180=CIRCLE('',#9746,0.002);
#181=CIRCLE('',#9747,0.000999999999999851);
#182=CIRCLE('',#9748,0.00100000000000004);
#183=CIRCLE('',#9749,0.002);
#184=CIRCLE('',#9750,0.00179999999999996);
#185=CIRCLE('',#9751,0.00974740195694672);
#186=CIRCLE('',#9752,0.065150031771897);
#187=CIRCLE('',#9753,0.00179999999999962);
#188=CIRCLE('',#9754,0.00179999999999925);
#189=CIRCLE('',#9755,0.010478456097961);
#190=CIRCLE('',#9756,0.0028);
#191=CIRCLE('',#9757,0.0028);
#192=CIRCLE('',#9758,0.0106957205063381);
#193=CIRCLE('',#9785,0.0005);
#194=CIRCLE('',#9786,0.0005);
#195=CIRCLE('',#9789,0.0005);
#196=CIRCLE('',#9790,0.0005);
#197=CIRCLE('',#9794,0.0005);
#198=CIRCLE('',#9795,0.0005);
#199=CIRCLE('',#9797,0.002);
#200=CIRCLE('',#9798,0.00100000000000004);
#201=CIRCLE('',#9799,0.000999999999999851);
#202=CIRCLE('',#9800,0.002);
#203=CIRCLE('',#9801,0.001);
#204=CIRCLE('',#9802,0.0659499353097254);
#205=CIRCLE('',#9803,0.000999999999999618);
#206=CIRCLE('',#9804,0.00100000000000069);
#207=CIRCLE('',#9805,0.002);
#208=CIRCLE('',#9806,0.001);
#209=CIRCLE('',#9807,0.001);
#210=CIRCLE('',#9840,0.00179999999999996);
#211=CIRCLE('',#9842,0.0106957205063381);
#212=CIRCLE('',#9845,0.0028);
#213=CIRCLE('',#9848,0.0028);
#214=CIRCLE('',#9851,0.010478456097961);
#215=CIRCLE('',#9853,0.00179999999999925);
#216=CIRCLE('',#9856,0.00179999999999962);
#217=CIRCLE('',#9859,0.065150031771897);
#218=CIRCLE('',#9862,0.00974740195694672);
#219=CIRCLE('',#9865,0.004);
#220=CIRCLE('',#9866,0.0094957205063381);
#221=CIRCLE('',#9867,0.00299999999999996);
#222=CIRCLE('',#9868,0.0109474019569467);
#223=CIRCLE('',#9869,0.0639500317718967);
#224=CIRCLE('',#9870,0.00299999999999962);
#225=CIRCLE('',#9871,0.00299999999999925);
#226=CIRCLE('',#9872,0.00927845609796101);
#227=CIRCLE('',#9873,0.004);
#228=CIRCLE('',#9875,0.0017);
#229=CIRCLE('',#9877,0.0017);
#230=CIRCLE('',#9879,0.001);
#231=CIRCLE('',#9880,0.001);
#232=CIRCLE('',#9881,0.00299999999999996);
#233=CIRCLE('',#9883,0.001);
#234=CIRCLE('',#9885,0.0109474019569467);
#235=CIRCLE('',#9887,0.001);
#236=CIRCLE('',#9888,0.00299999999999962);
#237=CIRCLE('',#9889,0.001);
#238=CIRCLE('',#9891,0.001);
#239=CIRCLE('',#9893,0.001);
#240=CIRCLE('',#9894,0.00299999999999925);
#241=CIRCLE('',#9896,0.001);
#242=CIRCLE('',#9897,0.004);
#243=CIRCLE('',#9898,0.001);
#244=CIRCLE('',#9900,0.0017);
#245=CIRCLE('',#9902,0.0035);
#246=CIRCLE('',#9903,0.0035);
#247=CIRCLE('',#9905,0.0017);
#248=CIRCLE('',#9907,0.0017);
#249=CIRCLE('',#9909,0.0035);
#250=CIRCLE('',#9910,0.0035);
#251=CIRCLE('',#9912,0.0017);
#252=CIRCLE('',#9914,0.001);
#253=CIRCLE('',#9918,0.001);
#254=CIRCLE('',#9919,0.004);
#255=CIRCLE('',#9921,0.001);
#256=CIRCLE('',#9922,0.0094957205063381);
#257=CIRCLE('',#9924,0.001);
#258=CIRCLE('',#9926,0.001);
#259=CIRCLE('',#9927,0.0639500317718967);
#260=CIRCLE('',#9930,0.001);
#261=CIRCLE('',#9931,0.00927845609796101);
#262=CIRCLE('',#9963,0.0012);
#263=CIRCLE('',#9967,0.00097790017763771);
#264=CIRCLE('',#9969,0.00097606982586559);
#265=CIRCLE('',#9972,0.000976069578290772);
#266=CIRCLE('',#9976,0.000976069763190518);
#267=CIRCLE('',#9978,0.000984558422549798);
#268=CIRCLE('',#9983,0.00097607056428043);
#269=CIRCLE('',#9985,0.00098455924056448);
#270=CIRCLE('',#9988,0.000976070564284065);
#271=CIRCLE('',#9991,0.0009845589888502);
#272=CIRCLE('',#9994,0.00097607031670902);
#273=CIRCLE('',#9996,0.000984559240560591);
#274=CIRCLE('',#10001,0.000976070564283302);
#275=CIRCLE('',#10003,0.000984559240560735);
#276=CIRCLE('',#10010,0.000976070564280515);
#277=CIRCLE('',#10012,0.000976069563386199);
#278=CIRCLE('',#10017,0.000984558422550904);
#279=CIRCLE('',#10019,0.000976069763193059);
#280=CIRCLE('',#10022,0.000984558422551168);
#281=CIRCLE('',#10025,0.000976070564284044);
#282=CIRCLE('',#10028,0.000984559240566833);
#283=CIRCLE('',#10030,0.000976070564283522);
#284=CIRCLE('',#10036,0.000976070515209202);
#285=CIRCLE('',#10038,0.000984559193357296);
#286=CIRCLE('',#10042,0.000984558422550575);
#287=CIRCLE('',#10044,0.00097606976318909);
#288=CIRCLE('',#10047,0.000984556591212415);
#289=CIRCLE('',#10050,0.00225939083317306);
#290=CIRCLE('',#10051,0.00225939083317306);
#291=CIRCLE('',#10053,0.00225938894647637);
#292=CIRCLE('',#10054,0.00225938894647637);
#293=CIRCLE('',#10056,0.00225939083317838);
#294=CIRCLE('',#10057,0.00225939083317838);
#295=CIRCLE('',#10059,0.00225938894648071);
#296=CIRCLE('',#10060,0.00225938894648071);
#297=CIRCLE('',#10064,0.000984559240561528);
#298=CIRCLE('',#10066,0.000976070564280456);
#299=CIRCLE('',#10069,0.000984558988847913);
#300=CIRCLE('',#10071,0.000976068714522773);
#301=CIRCLE('',#10076,0.0035);
#302=CIRCLE('',#10077,0.0035);
#303=CIRCLE('',#10081,0.0017);
#304=CIRCLE('',#10083,0.0017);
#305=CIRCLE('',#10086,0.0035);
#306=CIRCLE('',#10087,0.0035);
#307=CIRCLE('',#10091,0.0017);
#308=CIRCLE('',#10093,0.0017);
#309=CIRCLE('',#10097,0.0017);
#310=CIRCLE('',#10100,0.0017);
#311=CIRCLE('',#10110,0.002);
#312=CIRCLE('',#10111,0.00100000000000004);
#313=CIRCLE('',#10112,0.000999999999999851);
#314=CIRCLE('',#10113,0.002);
#315=CIRCLE('',#10114,0.001);
#316=CIRCLE('',#10115,0.0659499353097254);
#317=CIRCLE('',#10116,0.000999999999999618);
#318=CIRCLE('',#10117,0.00100000000000069);
#319=CIRCLE('',#10118,0.002);
#320=CIRCLE('',#10119,0.001);
#321=CIRCLE('',#10120,0.001);
#322=CIRCLE('',#10121,0.0102957205063379);
#323=CIRCLE('',#10122,0.0032);
#324=CIRCLE('',#10123,0.0032);
#325=CIRCLE('',#10124,0.0100784560979608);
#326=CIRCLE('',#10125,0.00219999999999925);
#327=CIRCLE('',#10126,0.00219999999999962);
#328=CIRCLE('',#10127,0.0647500317718966);
#329=CIRCLE('',#10128,0.0101474019569467);
#330=CIRCLE('',#10129,0.00219999999999995);
#331=CIRCLE('',#10156,0.0005);
#332=CIRCLE('',#10157,0.0005);
#333=CIRCLE('',#10160,0.0005);
#334=CIRCLE('',#10161,0.0005);
#335=CIRCLE('',#10165,0.0005);
#336=CIRCLE('',#10166,0.0005);
#337=CIRCLE('',#10168,0.002);
#338=CIRCLE('',#10169,0.001);
#339=CIRCLE('',#10170,0.001);
#340=CIRCLE('',#10171,0.002);
#341=CIRCLE('',#10172,0.00100000000000069);
#342=CIRCLE('',#10173,0.000999999999999618);
#343=CIRCLE('',#10174,0.0659499353097254);
#344=CIRCLE('',#10175,0.001);
#345=CIRCLE('',#10176,0.002);
#346=CIRCLE('',#10177,0.000999999999999851);
#347=CIRCLE('',#10178,0.00100000000000004);
#348=CIRCLE('',#10209,0.0102957205063379);
#349=CIRCLE('',#10211,0.00219999999999995);
#350=CIRCLE('',#10214,0.0101474019569467);
#351=CIRCLE('',#10217,0.0647500317718966);
#352=CIRCLE('',#10220,0.00219999999999962);
#353=CIRCLE('',#10223,0.00219999999999925);
#354=CIRCLE('',#10225,0.0100784560979608);
#355=CIRCLE('',#10228,0.0032);
#356=CIRCLE('',#10231,0.0032);
#357=CIRCLE('',#10234,0.0094957205063381);
#358=CIRCLE('',#10235,0.004);
#359=CIRCLE('',#10236,0.004);
#360=CIRCLE('',#10237,0.00927845609796101);
#361=CIRCLE('',#10238,0.00299999999999925);
#362=CIRCLE('',#10239,0.00299999999999962);
#363=CIRCLE('',#10240,0.0639500317718967);
#364=CIRCLE('',#10241,0.0109474019569467);
#365=CIRCLE('',#10242,0.00299999999999996);
#366=CIRCLE('',#10244,0.0017);
#367=CIRCLE('',#10246,0.0017);
#368=CIRCLE('',#10248,0.00100746221408456);
#369=CIRCLE('',#10249,0.00104092172375679);
#370=CIRCLE('',#10250,0.00104092171974199);
#371=CIRCLE('',#10251,0.00103311630733431);
#372=CIRCLE('',#10252,0.00103881304071856);
#373=CIRCLE('',#10253,0.00103004300531855);
#374=CIRCLE('',#10254,0.00103881289591692);
#375=CIRCLE('',#10255,0.001030042627746);
#376=CIRCLE('',#10256,0.00340071625548049);
#377=CIRCLE('',#10257,0.00340071711329552);
#378=CIRCLE('',#10258,0.00340071711329554);
#379=CIRCLE('',#10259,0.00340071711329219);
#380=CIRCLE('',#10260,0.00340071751071479);
#381=CIRCLE('',#10261,0.00340071847575694);
#382=CIRCLE('',#10262,0.00340071673607634);
#383=CIRCLE('',#10263,0.00340071673607234);
#384=CIRCLE('',#10264,0.00103881304071972);
#385=CIRCLE('',#10265,0.0010300425913966);
#386=CIRCLE('',#10266,0.00104784649366635);
#387=CIRCLE('',#10267,0.00103881389331193);
#388=CIRCLE('',#10268,0.00103881389330881);
#389=CIRCLE('',#10269,0.00103004341924271);
#390=CIRCLE('',#10270,0.00103881389285287);
#391=CIRCLE('',#10271,0.00103004296266291);
#392=CIRCLE('',#10272,0.0033991082736657);
#393=CIRCLE('',#10273,0.00340071625547986);
#394=CIRCLE('',#10274,0.00340071625548372);
#395=CIRCLE('',#10275,0.00340071625548354);
#396=CIRCLE('',#10276,0.00340071625548031);
#397=CIRCLE('',#10277,0.00103881304071866);
#398=CIRCLE('',#10278,0.00103004259139896);
#399=CIRCLE('',#10279,0.00103881304071858);
#400=CIRCLE('',#10280,0.00103004259139906);
#401=CIRCLE('',#10281,0.00339228916925974);
#402=CIRCLE('',#10282,0.00340071711329564);
#403=CIRCLE('',#10283,0.00340071754220181);
#404=CIRCLE('',#10284,0.00340071780833859);
#405=CIRCLE('',#10285,0.00340071759388482);
#406=CIRCLE('',#10286,0.00103881308077979);
#407=CIRCLE('',#10287,0.00103004132653763);
#408=CIRCLE('',#10288,0.00103881304072007);
#409=CIRCLE('',#10289,0.00103004300532394);
#410=CIRCLE('',#10290,0.0010388131074227);
#411=CIRCLE('',#10291,0.00103004265361714);
#412=CIRCLE('',#10292,0.00103881388572993);
#413=CIRCLE('',#10293,0.00103004176355482);
#414=CIRCLE('',#10294,0.00105363873474722);
#415=CIRCLE('',#10295,0.00103881219571159);
#416=CIRCLE('',#10296,0.00103004341924664);
#417=CIRCLE('',#10297,0.0010388136298218);
#418=CIRCLE('',#10298,0.00103881361910012);
#419=CIRCLE('',#10299,0.00103004176355645);
#420=CIRCLE('',#10300,0.00103881388572975);
#421=CIRCLE('',#10301,0.00103004176355615);
#422=CIRCLE('',#10302,0.0649500317718967);
#423=CIRCLE('',#10303,0.00199999999999962);
#424=CIRCLE('',#10304,0.00199999999999925);
#425=CIRCLE('',#10305,0.010278456097961);
#426=CIRCLE('',#10306,0.003);
#427=CIRCLE('',#10307,0.003);
#428=CIRCLE('',#10308,0.0104957205063381);
#429=CIRCLE('',#10309,0.00199999999999996);
#430=CIRCLE('',#10310,0.00994740195694674);
#431=CIRCLE('',#10312,0.0017);
#432=CIRCLE('',#10314,0.0017);
#433=CIRCLE('',#10316,0.0017);
#434=CIRCLE('',#10318,0.0017);
#435=CIRCLE('',#10320,0.001);
#436=CIRCLE('',#10321,0.001);
#437=CIRCLE('',#10323,0.001);
#438=CIRCLE('',#10324,0.004);
#439=CIRCLE('',#10326,0.001);
#440=CIRCLE('',#10327,0.001);
#441=CIRCLE('',#10328,0.004);
#442=CIRCLE('',#10330,0.001);
#443=CIRCLE('',#10332,0.001);
#444=CIRCLE('',#10333,0.00927845609796101);
#445=CIRCLE('',#10335,0.001);
#446=CIRCLE('',#10336,0.00299999999999925);
#447=CIRCLE('',#10338,0.001);
#448=CIRCLE('',#10340,0.001);
#449=CIRCLE('',#10341,0.00299999999999962);
#450=CIRCLE('',#10343,0.001);
#451=CIRCLE('',#10345,0.001);
#452=CIRCLE('',#10346,0.0639500317718967);
#453=CIRCLE('',#10349,0.001);
#454=CIRCLE('',#10350,0.0109474019569467);
#455=CIRCLE('',#10352,0.001);
#456=CIRCLE('',#10354,0.001);
#457=CIRCLE('',#10355,0.00299999999999996);
#458=CIRCLE('',#10357,0.0094957205063381);
#459=CIRCLE('',#10359,0.0035);
#460=CIRCLE('',#10360,0.0035);
#461=CIRCLE('',#10362,0.0035);
#462=CIRCLE('',#10363,0.0035);
#463=CIRCLE('',#10365,0.0035);
#464=CIRCLE('',#10366,0.0035);
#465=CIRCLE('',#10397,0.000999999999999973);
#466=CIRCLE('',#10398,0.000999999999999973);
#467=CIRCLE('',#10401,0.001);
#468=CIRCLE('',#10402,0.001);
#469=CIRCLE('',#10404,0.001);
#470=CIRCLE('',#10406,0.001);
#471=CIRCLE('',#10411,0.00103004176355482);
#472=CIRCLE('',#10413,0.00103881388572993);
#473=CIRCLE('',#10418,0.00103004176355615);
#474=CIRCLE('',#10420,0.00103881388572975);
#475=CIRCLE('',#10425,0.00103004176355645);
#476=CIRCLE('',#10427,0.00103881361910012);
#477=CIRCLE('',#10430,0.0010388136298218);
#478=CIRCLE('',#10434,0.00103004341924664);
#479=CIRCLE('',#10436,0.00103881219571159);
#480=CIRCLE('',#10440,0.00105363873474722);
#481=CIRCLE('',#10444,0.00103004132653763);
#482=CIRCLE('',#10446,0.00103881308077979);
#483=CIRCLE('',#10449,0.00103004265361714);
#484=CIRCLE('',#10451,0.0010388131074227);
#485=CIRCLE('',#10455,0.00103004300532394);
#486=CIRCLE('',#10457,0.00103881304072007);
#487=CIRCLE('',#10461,0.00340071754220181);
#488=CIRCLE('',#10463,0.00340071711329564);
#489=CIRCLE('',#10465,0.00340071759388482);
#490=CIRCLE('',#10467,0.00132658433278014);
#491=CIRCLE('',#10468,0.00132658433278014);
#492=CIRCLE('',#10470,0.00132658534735964);
#493=CIRCLE('',#10471,0.00132658534735964);
#494=CIRCLE('',#10473,0.00132658433277843);
#495=CIRCLE('',#10474,0.00132658433277843);
#496=CIRCLE('',#10476,0.00132658534736315);
#497=CIRCLE('',#10477,0.00132658534736315);
#498=CIRCLE('',#10479,0.00340071780833859);
#499=CIRCLE('',#10483,0.00132658514047493);
#500=CIRCLE('',#10484,0.00132658514047493);
#501=CIRCLE('',#10486,0.00132658540971211);
#502=CIRCLE('',#10487,0.00132658540971211);
#503=CIRCLE('',#10489,0.00132658516862448);
#504=CIRCLE('',#10490,0.00132658516862448);
#505=CIRCLE('',#10492,0.00132658501202424);
#506=CIRCLE('',#10493,0.00132658501202424);
#507=CIRCLE('',#10495,0.00339228916925974);
#508=CIRCLE('',#10499,0.00103881304071866);
#509=CIRCLE('',#10502,0.00103004259139906);
#510=CIRCLE('',#10504,0.00103881304071858);
#511=CIRCLE('',#10507,0.00103004259139896);
#512=CIRCLE('',#10510,0.00340071625548372);
#513=CIRCLE('',#10512,0.00340071625547986);
#514=CIRCLE('',#10514,0.00340071625548031);
#515=CIRCLE('',#10516,0.0013265842704288);
#516=CIRCLE('',#10517,0.0013265842704288);
#517=CIRCLE('',#10519,0.00132658427043459);
#518=CIRCLE('',#10520,0.00132658427043459);
#519=CIRCLE('',#10522,0.0013265842704309);
#520=CIRCLE('',#10523,0.0013265842704309);
#521=CIRCLE('',#10525,0.00132658427043099);
#522=CIRCLE('',#10526,0.00132658427043099);
#523=CIRCLE('',#10528,0.00340071625548354);
#524=CIRCLE('',#10532,0.00132658480889373);
#525=CIRCLE('',#10533,0.00132658480889373);
#526=CIRCLE('',#10535,0.00132658431719662);
#527=CIRCLE('',#10536,0.00132658431719662);
#528=CIRCLE('',#10538,0.00132658540668488);
#529=CIRCLE('',#10539,0.00132658540668488);
#530=CIRCLE('',#10541,0.00132658447005188);
#531=CIRCLE('',#10542,0.00132658447005188);
#532=CIRCLE('',#10544,0.0033991082736657);
#533=CIRCLE('',#10548,0.00103881389330881);
#534=CIRCLE('',#10551,0.00103004296266291);
#535=CIRCLE('',#10553,0.00103881389285287);
#536=CIRCLE('',#10556,0.00103004341924271);
#537=CIRCLE('',#10559,0.00104784649366635);
#538=CIRCLE('',#10562,0.0010300425913966);
#539=CIRCLE('',#10564,0.00103881304071972);
#540=CIRCLE('',#10567,0.00103881389331193);
#541=CIRCLE('',#10570,0.00340071847575694);
#542=CIRCLE('',#10572,0.00340071751071479);
#543=CIRCLE('',#10574,0.00340071673607234);
#544=CIRCLE('',#10576,0.00132658480889395);
#545=CIRCLE('',#10577,0.00132658480889395);
#546=CIRCLE('',#10579,0.00132658431719641);
#547=CIRCLE('',#10580,0.00132658431719641);
#548=CIRCLE('',#10582,0.00132658540668293);
#549=CIRCLE('',#10583,0.00132658540668293);
#550=CIRCLE('',#10585,0.00132658447004691);
#551=CIRCLE('',#10586,0.00132658447004691);
#552=CIRCLE('',#10588,0.00340071673607634);
#553=CIRCLE('',#10592,0.00340071711329552);
#554=CIRCLE('',#10594,0.00340071625548049);
#555=CIRCLE('',#10596,0.00340071711329219);
#556=CIRCLE('',#10598,0.00132658427042816);
#557=CIRCLE('',#10599,0.00132658427042816);
#558=CIRCLE('',#10601,0.0013265842704343);
#559=CIRCLE('',#10602,0.0013265842704343);
#560=CIRCLE('',#10604,0.00132658427042761);
#561=CIRCLE('',#10605,0.00132658427042761);
#562=CIRCLE('',#10607,0.00132658427042588);
#563=CIRCLE('',#10608,0.00132658427042588);
#564=CIRCLE('',#10610,0.00340071711329554);
#565=CIRCLE('',#10614,0.00103881304071856);
#566=CIRCLE('',#10617,0.001030042627746);
#567=CIRCLE('',#10619,0.00103881289591692);
#568=CIRCLE('',#10622,0.00103004300531855);
#569=CIRCLE('',#10625,0.00100746221408456);
#570=CIRCLE('',#10628,0.00103311630733431);
#571=CIRCLE('',#10632,0.00104092171974199);
#572=CIRCLE('',#10634,0.00104092172375679);
#573=CIRCLE('',#10639,0.0035);
#574=CIRCLE('',#10640,0.0035);
#575=CIRCLE('',#10643,0.0017);
#576=CIRCLE('',#10645,0.0017);
#577=CIRCLE('',#10648,0.0035);
#578=CIRCLE('',#10649,0.0035);
#579=CIRCLE('',#10653,0.0017);
#580=CIRCLE('',#10656,0.0035);
#581=CIRCLE('',#10657,0.0035);
#582=CIRCLE('',#10661,0.0017);
#583=CIRCLE('',#10665,0.0017);
#584=CIRCLE('',#10668,0.0017);
#585=ELLIPSE('',#9689,0.00156648874719874,0.0012);
#586=ELLIPSE('',#9690,0.00156648874719874,0.0012);
#587=ELLIPSE('',#9961,0.00156648874719874,0.0012);
#588=ELLIPSE('',#9962,0.00156648874719874,0.0012);
#589=CYLINDRICAL_SURFACE('',#9688,0.0012);
#590=CYLINDRICAL_SURFACE('',#9784,0.0005);
#591=CYLINDRICAL_SURFACE('',#9788,0.0005);
#592=CYLINDRICAL_SURFACE('',#9793,0.0005);
#593=CYLINDRICAL_SURFACE('',#9811,0.001);
#594=CYLINDRICAL_SURFACE('',#9813,0.001);
#595=CYLINDRICAL_SURFACE('',#9816,0.002);
#596=CYLINDRICAL_SURFACE('',#9819,0.00100000000000069);
#597=CYLINDRICAL_SURFACE('',#9821,0.000999999999999618);
#598=CYLINDRICAL_SURFACE('',#9823,0.0659499353097254);
#599=CYLINDRICAL_SURFACE('',#9825,0.001);
#600=CYLINDRICAL_SURFACE('',#9828,0.002);
#601=CYLINDRICAL_SURFACE('',#9831,0.000999999999999851);
#602=CYLINDRICAL_SURFACE('',#9833,0.00100000000000004);
#603=CYLINDRICAL_SURFACE('',#9836,0.002);
#604=CYLINDRICAL_SURFACE('',#9839,0.00179999999999996);
#605=CYLINDRICAL_SURFACE('',#9841,0.0106957205063381);
#606=CYLINDRICAL_SURFACE('',#9844,0.0028);
#607=CYLINDRICAL_SURFACE('',#9847,0.0028);
#608=CYLINDRICAL_SURFACE('',#9850,0.010478456097961);
#609=CYLINDRICAL_SURFACE('',#9852,0.00179999999999925);
#610=CYLINDRICAL_SURFACE('',#9855,0.00179999999999962);
#611=CYLINDRICAL_SURFACE('',#9858,0.065150031771897);
#612=CYLINDRICAL_SURFACE('',#9861,0.00974740195694672);
#613=CYLINDRICAL_SURFACE('',#9882,0.001);
#614=CYLINDRICAL_SURFACE('',#9890,0.001);
#615=CYLINDRICAL_SURFACE('',#9901,0.0035);
#616=CYLINDRICAL_SURFACE('',#9904,0.0017);
#617=CYLINDRICAL_SURFACE('',#9906,0.0017);
#618=CYLINDRICAL_SURFACE('',#9908,0.0035);
#619=CYLINDRICAL_SURFACE('',#9913,0.001);
#620=CYLINDRICAL_SURFACE('',#9923,0.001);
#621=CYLINDRICAL_SURFACE('',#9928,0.001);
#622=CYLINDRICAL_SURFACE('',#9932,0.001);
#623=CYLINDRICAL_SURFACE('',#9933,0.001);
#624=CYLINDRICAL_SURFACE('',#9935,0.0094957205063381);
#625=CYLINDRICAL_SURFACE('',#9936,0.004);
#626=CYLINDRICAL_SURFACE('',#9943,0.00927845609796101);
#627=CYLINDRICAL_SURFACE('',#9944,0.004);
#628=CYLINDRICAL_SURFACE('',#9945,0.00299999999999925);
#629=CYLINDRICAL_SURFACE('',#9948,0.0639500317718967);
#630=CYLINDRICAL_SURFACE('',#9949,0.00299999999999962);
#631=CYLINDRICAL_SURFACE('',#9950,0.0109474019569467);
#632=CYLINDRICAL_SURFACE('',#9952,0.00299999999999996);
#633=CYLINDRICAL_SURFACE('',#9960,0.0012);
#634=CYLINDRICAL_SURFACE('',#9966,0.00097790017763771);
#635=CYLINDRICAL_SURFACE('',#9968,0.00097606982586559);
#636=CYLINDRICAL_SURFACE('',#9971,0.000976069578290772);
#637=CYLINDRICAL_SURFACE('',#9975,0.000976069763190518);
#638=CYLINDRICAL_SURFACE('',#9977,0.000984558422549798);
#639=CYLINDRICAL_SURFACE('',#9982,0.00097607056428043);
#640=CYLINDRICAL_SURFACE('',#9984,0.00098455924056448);
#641=CYLINDRICAL_SURFACE('',#9987,0.000976070564284065);
#642=CYLINDRICAL_SURFACE('',#9990,0.0009845589888502);
#643=CYLINDRICAL_SURFACE('',#9993,0.00097607031670902);
#644=CYLINDRICAL_SURFACE('',#9995,0.000984559240560591);
#645=CYLINDRICAL_SURFACE('',#10000,0.000976070564283302);
#646=CYLINDRICAL_SURFACE('',#10002,0.000984559240560735);
#647=CYLINDRICAL_SURFACE('',#10009,0.000976070564280515);
#648=CYLINDRICAL_SURFACE('',#10011,0.000976069563386199);
#649=CYLINDRICAL_SURFACE('',#10016,0.000984558422550904);
#650=CYLINDRICAL_SURFACE('',#10018,0.000976069763193059);
#651=CYLINDRICAL_SURFACE('',#10021,0.000984558422551168);
#652=CYLINDRICAL_SURFACE('',#10024,0.000976070564284044);
#653=CYLINDRICAL_SURFACE('',#10027,0.000984559240566833);
#654=CYLINDRICAL_SURFACE('',#10029,0.000976070564283522);
#655=CYLINDRICAL_SURFACE('',#10035,0.000976070515209202);
#656=CYLINDRICAL_SURFACE('',#10037,0.000984559193357296);
#657=CYLINDRICAL_SURFACE('',#10041,0.000984558422550575);
#658=CYLINDRICAL_SURFACE('',#10043,0.00097606976318909);
#659=CYLINDRICAL_SURFACE('',#10046,0.000984556591212415);
#660=CYLINDRICAL_SURFACE('',#10049,0.00225939083317306);
#661=CYLINDRICAL_SURFACE('',#10052,0.00225938894647637);
#662=CYLINDRICAL_SURFACE('',#10055,0.00225939083317838);
#663=CYLINDRICAL_SURFACE('',#10058,0.00225938894648071);
#664=CYLINDRICAL_SURFACE('',#10063,0.000984559240561528);
#665=CYLINDRICAL_SURFACE('',#10065,0.000976070564280456);
#666=CYLINDRICAL_SURFACE('',#10068,0.000984558988847913);
#667=CYLINDRICAL_SURFACE('',#10070,0.000976068714522773);
#668=CYLINDRICAL_SURFACE('',#10075,0.0035);
#669=CYLINDRICAL_SURFACE('',#10085,0.0035);
#670=CYLINDRICAL_SURFACE('',#10096,0.0017);
#671=CYLINDRICAL_SURFACE('',#10099,0.0017);
#672=CYLINDRICAL_SURFACE('',#10155,0.0005);
#673=CYLINDRICAL_SURFACE('',#10159,0.0005);
#674=CYLINDRICAL_SURFACE('',#10164,0.0005);
#675=CYLINDRICAL_SURFACE('',#10182,0.001);
#676=CYLINDRICAL_SURFACE('',#10184,0.001);
#677=CYLINDRICAL_SURFACE('',#10187,0.002);
#678=CYLINDRICAL_SURFACE('',#10190,0.00100000000000069);
#679=CYLINDRICAL_SURFACE('',#10192,0.000999999999999618);
#680=CYLINDRICAL_SURFACE('',#10194,0.0659499353097254);
#681=CYLINDRICAL_SURFACE('',#10196,0.001);
#682=CYLINDRICAL_SURFACE('',#10199,0.002);
#683=CYLINDRICAL_SURFACE('',#10202,0.000999999999999851);
#684=CYLINDRICAL_SURFACE('',#10204,0.00100000000000004);
#685=CYLINDRICAL_SURFACE('',#10207,0.002);
#686=CYLINDRICAL_SURFACE('',#10208,0.0102957205063379);
#687=CYLINDRICAL_SURFACE('',#10210,0.00219999999999995);
#688=CYLINDRICAL_SURFACE('',#10213,0.0101474019569467);
#689=CYLINDRICAL_SURFACE('',#10216,0.0647500317718966);
#690=CYLINDRICAL_SURFACE('',#10219,0.00219999999999962);
#691=CYLINDRICAL_SURFACE('',#10222,0.00219999999999925);
#692=CYLINDRICAL_SURFACE('',#10224,0.0100784560979608);
#693=CYLINDRICAL_SURFACE('',#10227,0.0032);
#694=CYLINDRICAL_SURFACE('',#10230,0.0032);
#695=CYLINDRICAL_SURFACE('',#10311,0.0017);
#696=CYLINDRICAL_SURFACE('',#10317,0.0017);
#697=CYLINDRICAL_SURFACE('',#10319,0.001);
#698=CYLINDRICAL_SURFACE('',#10329,0.001);
#699=CYLINDRICAL_SURFACE('',#10337,0.001);
#700=CYLINDRICAL_SURFACE('',#10342,0.001);
#701=CYLINDRICAL_SURFACE('',#10347,0.001);
#702=CYLINDRICAL_SURFACE('',#10351,0.001);
#703=CYLINDRICAL_SURFACE('',#10358,0.0035);
#704=CYLINDRICAL_SURFACE('',#10361,0.0035);
#705=CYLINDRICAL_SURFACE('',#10364,0.0035);
#706=CYLINDRICAL_SURFACE('',#10368,0.001);
#707=CYLINDRICAL_SURFACE('',#10380,0.0094957205063381);
#708=CYLINDRICAL_SURFACE('',#10381,0.00299999999999996);
#709=CYLINDRICAL_SURFACE('',#10383,0.0109474019569467);
#710=CYLINDRICAL_SURFACE('',#10384,0.0639500317718967);
#711=CYLINDRICAL_SURFACE('',#10386,0.00299999999999962);
#712=CYLINDRICAL_SURFACE('',#10388,0.00299999999999925);
#713=CYLINDRICAL_SURFACE('',#10389,0.00927845609796101);
#714=CYLINDRICAL_SURFACE('',#10391,0.004);
#715=CYLINDRICAL_SURFACE('',#10392,0.004);
#716=CYLINDRICAL_SURFACE('',#10396,0.000999999999999973);
#717=CYLINDRICAL_SURFACE('',#10400,0.001);
#718=CYLINDRICAL_SURFACE('',#10410,0.00103004176355482);
#719=CYLINDRICAL_SURFACE('',#10412,0.00103881388572993);
#720=CYLINDRICAL_SURFACE('',#10417,0.00103004176355615);
#721=CYLINDRICAL_SURFACE('',#10419,0.00103881388572975);
#722=CYLINDRICAL_SURFACE('',#10424,0.00103004176355645);
#723=CYLINDRICAL_SURFACE('',#10426,0.00103881361910012);
#724=CYLINDRICAL_SURFACE('',#10429,0.0010388136298218);
#725=CYLINDRICAL_SURFACE('',#10433,0.00103004341924664);
#726=CYLINDRICAL_SURFACE('',#10435,0.00103881219571159);
#727=CYLINDRICAL_SURFACE('',#10439,0.00105363873474722);
#728=CYLINDRICAL_SURFACE('',#10443,0.00103004132653763);
#729=CYLINDRICAL_SURFACE('',#10445,0.00103881308077979);
#730=CYLINDRICAL_SURFACE('',#10448,0.00103004265361714);
#731=CYLINDRICAL_SURFACE('',#10450,0.0010388131074227);
#732=CYLINDRICAL_SURFACE('',#10454,0.00103004300532394);
#733=CYLINDRICAL_SURFACE('',#10456,0.00103881304072007);
#734=CYLINDRICAL_SURFACE('',#10460,0.00340071754220181);
#735=CYLINDRICAL_SURFACE('',#10462,0.00340071711329564);
#736=CYLINDRICAL_SURFACE('',#10464,0.00340071759388482);
#737=CYLINDRICAL_SURFACE('',#10466,0.00132658433278014);
#738=CYLINDRICAL_SURFACE('',#10469,0.00132658534735964);
#739=CYLINDRICAL_SURFACE('',#10472,0.00132658433277843);
#740=CYLINDRICAL_SURFACE('',#10475,0.00132658534736315);
#741=CYLINDRICAL_SURFACE('',#10478,0.00340071780833859);
#742=CYLINDRICAL_SURFACE('',#10482,0.00132658514047493);
#743=CYLINDRICAL_SURFACE('',#10485,0.00132658540971211);
#744=CYLINDRICAL_SURFACE('',#10488,0.00132658516862448);
#745=CYLINDRICAL_SURFACE('',#10491,0.00132658501202424);
#746=CYLINDRICAL_SURFACE('',#10494,0.00339228916925974);
#747=CYLINDRICAL_SURFACE('',#10498,0.00103881304071866);
#748=CYLINDRICAL_SURFACE('',#10501,0.00103004259139906);
#749=CYLINDRICAL_SURFACE('',#10503,0.00103881304071858);
#750=CYLINDRICAL_SURFACE('',#10506,0.00103004259139896);
#751=CYLINDRICAL_SURFACE('',#10509,0.00340071625548372);
#752=CYLINDRICAL_SURFACE('',#10511,0.00340071625547986);
#753=CYLINDRICAL_SURFACE('',#10513,0.00340071625548031);
#754=CYLINDRICAL_SURFACE('',#10515,0.0013265842704288);
#755=CYLINDRICAL_SURFACE('',#10518,0.00132658427043459);
#756=CYLINDRICAL_SURFACE('',#10521,0.0013265842704309);
#757=CYLINDRICAL_SURFACE('',#10524,0.00132658427043099);
#758=CYLINDRICAL_SURFACE('',#10527,0.00340071625548354);
#759=CYLINDRICAL_SURFACE('',#10531,0.00132658480889373);
#760=CYLINDRICAL_SURFACE('',#10534,0.00132658431719662);
#761=CYLINDRICAL_SURFACE('',#10537,0.00132658540668488);
#762=CYLINDRICAL_SURFACE('',#10540,0.00132658447005188);
#763=CYLINDRICAL_SURFACE('',#10543,0.0033991082736657);
#764=CYLINDRICAL_SURFACE('',#10547,0.00103881389330881);
#765=CYLINDRICAL_SURFACE('',#10550,0.00103004296266291);
#766=CYLINDRICAL_SURFACE('',#10552,0.00103881389285287);
#767=CYLINDRICAL_SURFACE('',#10555,0.00103004341924271);
#768=CYLINDRICAL_SURFACE('',#10558,0.00104784649366635);
#769=CYLINDRICAL_SURFACE('',#10561,0.0010300425913966);
#770=CYLINDRICAL_SURFACE('',#10563,0.00103881304071972);
#771=CYLINDRICAL_SURFACE('',#10566,0.00103881389331193);
#772=CYLINDRICAL_SURFACE('',#10569,0.00340071847575694);
#773=CYLINDRICAL_SURFACE('',#10571,0.00340071751071479);
#774=CYLINDRICAL_SURFACE('',#10573,0.00340071673607234);
#775=CYLINDRICAL_SURFACE('',#10575,0.00132658480889395);
#776=CYLINDRICAL_SURFACE('',#10578,0.00132658431719641);
#777=CYLINDRICAL_SURFACE('',#10581,0.00132658540668293);
#778=CYLINDRICAL_SURFACE('',#10584,0.00132658447004691);
#779=CYLINDRICAL_SURFACE('',#10587,0.00340071673607634);
#780=CYLINDRICAL_SURFACE('',#10591,0.00340071711329552);
#781=CYLINDRICAL_SURFACE('',#10593,0.00340071625548049);
#782=CYLINDRICAL_SURFACE('',#10595,0.00340071711329219);
#783=CYLINDRICAL_SURFACE('',#10597,0.00132658427042816);
#784=CYLINDRICAL_SURFACE('',#10600,0.0013265842704343);
#785=CYLINDRICAL_SURFACE('',#10603,0.00132658427042761);
#786=CYLINDRICAL_SURFACE('',#10606,0.00132658427042588);
#787=CYLINDRICAL_SURFACE('',#10609,0.00340071711329554);
#788=CYLINDRICAL_SURFACE('',#10613,0.00103881304071856);
#789=CYLINDRICAL_SURFACE('',#10616,0.001030042627746);
#790=CYLINDRICAL_SURFACE('',#10618,0.00103881289591692);
#791=CYLINDRICAL_SURFACE('',#10621,0.00103004300531855);
#792=CYLINDRICAL_SURFACE('',#10624,0.00100746221408456);
#793=CYLINDRICAL_SURFACE('',#10627,0.00103311630733431);
#794=CYLINDRICAL_SURFACE('',#10631,0.00104092171974199);
#795=CYLINDRICAL_SURFACE('',#10633,0.00104092172375679);
#796=CYLINDRICAL_SURFACE('',#10638,0.0035);
#797=CYLINDRICAL_SURFACE('',#10647,0.0035);
#798=CYLINDRICAL_SURFACE('',#10655,0.0035);
#799=CYLINDRICAL_SURFACE('',#10664,0.0017);
#800=CYLINDRICAL_SURFACE('',#10667,0.0017);
#801=ORIENTED_EDGE('',*,*,#3565,.F.);
#802=ORIENTED_EDGE('',*,*,#3566,.T.);
#803=ORIENTED_EDGE('',*,*,#3567,.T.);
#804=ORIENTED_EDGE('',*,*,#3568,.T.);
#805=ORIENTED_EDGE('',*,*,#3569,.F.);
#806=ORIENTED_EDGE('',*,*,#3570,.F.);
#807=ORIENTED_EDGE('',*,*,#3571,.T.);
#808=ORIENTED_EDGE('',*,*,#3565,.T.);
#809=ORIENTED_EDGE('',*,*,#3572,.F.);
#810=ORIENTED_EDGE('',*,*,#3573,.F.);
#811=ORIENTED_EDGE('',*,*,#3574,.T.);
#812=ORIENTED_EDGE('',*,*,#3575,.F.);
#813=ORIENTED_EDGE('',*,*,#3576,.F.);
#814=ORIENTED_EDGE('',*,*,#3577,.F.);
#815=ORIENTED_EDGE('',*,*,#3578,.T.);
#816=ORIENTED_EDGE('',*,*,#3579,.F.);
#817=ORIENTED_EDGE('',*,*,#3580,.F.);
#818=ORIENTED_EDGE('',*,*,#3581,.T.);
#819=ORIENTED_EDGE('',*,*,#3582,.T.);
#820=ORIENTED_EDGE('',*,*,#3583,.F.);
#821=ORIENTED_EDGE('',*,*,#3579,.T.);
#822=ORIENTED_EDGE('',*,*,#3584,.F.);
#823=ORIENTED_EDGE('',*,*,#3585,.F.);
#824=ORIENTED_EDGE('',*,*,#3586,.T.);
#825=ORIENTED_EDGE('',*,*,#3587,.T.);
#826=ORIENTED_EDGE('',*,*,#3588,.F.);
#827=ORIENTED_EDGE('',*,*,#3589,.T.);
#828=ORIENTED_EDGE('',*,*,#3590,.T.);
#829=ORIENTED_EDGE('',*,*,#3591,.F.);
#830=ORIENTED_EDGE('',*,*,#3592,.F.);
#831=ORIENTED_EDGE('',*,*,#3593,.F.);
#832=ORIENTED_EDGE('',*,*,#3594,.F.);
#833=ORIENTED_EDGE('',*,*,#3595,.F.);
#834=ORIENTED_EDGE('',*,*,#3596,.T.);
#835=ORIENTED_EDGE('',*,*,#3597,.F.);
#836=ORIENTED_EDGE('',*,*,#3598,.T.);
#837=ORIENTED_EDGE('',*,*,#3599,.T.);
#838=ORIENTED_EDGE('',*,*,#3600,.F.);
#839=ORIENTED_EDGE('',*,*,#3601,.F.);
#840=ORIENTED_EDGE('',*,*,#3602,.T.);
#841=ORIENTED_EDGE('',*,*,#3603,.T.);
#842=ORIENTED_EDGE('',*,*,#3604,.F.);
#843=ORIENTED_EDGE('',*,*,#3605,.F.);
#844=ORIENTED_EDGE('',*,*,#3606,.F.);
#845=ORIENTED_EDGE('',*,*,#3607,.F.);
#846=ORIENTED_EDGE('',*,*,#3608,.T.);
#847=ORIENTED_EDGE('',*,*,#3609,.T.);
#848=ORIENTED_EDGE('',*,*,#3610,.F.);
#849=ORIENTED_EDGE('',*,*,#3611,.T.);
#850=ORIENTED_EDGE('',*,*,#3612,.F.);
#851=ORIENTED_EDGE('',*,*,#3613,.T.);
#852=ORIENTED_EDGE('',*,*,#3614,.F.);
#853=ORIENTED_EDGE('',*,*,#3615,.T.);
#854=ORIENTED_EDGE('',*,*,#3616,.T.);
#855=ORIENTED_EDGE('',*,*,#3617,.F.);
#856=ORIENTED_EDGE('',*,*,#3618,.F.);
#857=ORIENTED_EDGE('',*,*,#3619,.F.);
#858=ORIENTED_EDGE('',*,*,#3620,.T.);
#859=ORIENTED_EDGE('',*,*,#3621,.T.);
#860=ORIENTED_EDGE('',*,*,#3622,.F.);
#861=ORIENTED_EDGE('',*,*,#3623,.F.);
#862=ORIENTED_EDGE('',*,*,#3624,.F.);
#863=ORIENTED_EDGE('',*,*,#3625,.T.);
#864=ORIENTED_EDGE('',*,*,#3626,.T.);
#865=ORIENTED_EDGE('',*,*,#3627,.F.);
#866=ORIENTED_EDGE('',*,*,#3628,.F.);
#867=ORIENTED_EDGE('',*,*,#3629,.T.);
#868=ORIENTED_EDGE('',*,*,#3630,.F.);
#869=ORIENTED_EDGE('',*,*,#3631,.F.);
#870=ORIENTED_EDGE('',*,*,#3632,.T.);
#871=ORIENTED_EDGE('',*,*,#3633,.T.);
#872=ORIENTED_EDGE('',*,*,#3634,.F.);
#873=ORIENTED_EDGE('',*,*,#3635,.F.);
#874=ORIENTED_EDGE('',*,*,#3636,.F.);
#875=ORIENTED_EDGE('',*,*,#3637,.F.);
#876=ORIENTED_EDGE('',*,*,#3638,.F.);
#877=ORIENTED_EDGE('',*,*,#3639,.F.);
#878=ORIENTED_EDGE('',*,*,#3640,.F.);
#879=ORIENTED_EDGE('',*,*,#3641,.F.);
#880=ORIENTED_EDGE('',*,*,#3642,.F.);
#881=ORIENTED_EDGE('',*,*,#3643,.F.);
#882=ORIENTED_EDGE('',*,*,#3644,.F.);
#883=ORIENTED_EDGE('',*,*,#3645,.F.);
#884=ORIENTED_EDGE('',*,*,#3646,.F.);
#885=ORIENTED_EDGE('',*,*,#3647,.F.);
#886=ORIENTED_EDGE('',*,*,#3648,.F.);
#887=ORIENTED_EDGE('',*,*,#3649,.F.);
#888=ORIENTED_EDGE('',*,*,#3650,.F.);
#889=ORIENTED_EDGE('',*,*,#3651,.T.);
#890=ORIENTED_EDGE('',*,*,#3652,.T.);
#891=ORIENTED_EDGE('',*,*,#3653,.F.);
#892=ORIENTED_EDGE('',*,*,#3654,.F.);
#893=ORIENTED_EDGE('',*,*,#3655,.F.);
#894=ORIENTED_EDGE('',*,*,#3656,.T.);
#895=ORIENTED_EDGE('',*,*,#3657,.T.);
#896=ORIENTED_EDGE('',*,*,#3658,.F.);
#897=ORIENTED_EDGE('',*,*,#3659,.F.);
#898=ORIENTED_EDGE('',*,*,#3660,.F.);
#899=ORIENTED_EDGE('',*,*,#3661,.T.);
#900=ORIENTED_EDGE('',*,*,#3662,.T.);
#901=ORIENTED_EDGE('',*,*,#3663,.F.);
#902=ORIENTED_EDGE('',*,*,#3664,.T.);
#903=ORIENTED_EDGE('',*,*,#3665,.F.);
#904=ORIENTED_EDGE('',*,*,#3666,.T.);
#905=ORIENTED_EDGE('',*,*,#3582,.F.);
#906=ORIENTED_EDGE('',*,*,#3667,.T.);
#907=ORIENTED_EDGE('',*,*,#3668,.T.);
#908=ORIENTED_EDGE('',*,*,#3669,.F.);
#909=ORIENTED_EDGE('',*,*,#3670,.T.);
#910=ORIENTED_EDGE('',*,*,#3671,.T.);
#911=ORIENTED_EDGE('',*,*,#3672,.F.);
#912=ORIENTED_EDGE('',*,*,#3673,.F.);
#913=ORIENTED_EDGE('',*,*,#3568,.F.);
#914=ORIENTED_EDGE('',*,*,#3674,.T.);
#915=ORIENTED_EDGE('',*,*,#3675,.T.);
#916=ORIENTED_EDGE('',*,*,#3676,.F.);
#917=ORIENTED_EDGE('',*,*,#3677,.T.);
#918=ORIENTED_EDGE('',*,*,#3678,.T.);
#919=ORIENTED_EDGE('',*,*,#3679,.F.);
#920=ORIENTED_EDGE('',*,*,#3680,.T.);
#921=ORIENTED_EDGE('',*,*,#3681,.F.);
#922=ORIENTED_EDGE('',*,*,#3682,.T.);
#923=ORIENTED_EDGE('',*,*,#3683,.T.);
#924=ORIENTED_EDGE('',*,*,#3684,.F.);
#925=ORIENTED_EDGE('',*,*,#3685,.T.);
#926=ORIENTED_EDGE('',*,*,#3686,.T.);
#927=ORIENTED_EDGE('',*,*,#3687,.F.);
#928=ORIENTED_EDGE('',*,*,#3688,.T.);
#929=ORIENTED_EDGE('',*,*,#3689,.F.);
#930=ORIENTED_EDGE('',*,*,#3690,.T.);
#931=ORIENTED_EDGE('',*,*,#3691,.F.);
#932=ORIENTED_EDGE('',*,*,#3692,.T.);
#933=ORIENTED_EDGE('',*,*,#3693,.F.);
#934=ORIENTED_EDGE('',*,*,#3694,.T.);
#935=ORIENTED_EDGE('',*,*,#3695,.F.);
#936=ORIENTED_EDGE('',*,*,#3696,.F.);
#937=ORIENTED_EDGE('',*,*,#3697,.T.);
#938=ORIENTED_EDGE('',*,*,#3698,.T.);
#939=ORIENTED_EDGE('',*,*,#3699,.F.);
#940=ORIENTED_EDGE('',*,*,#3700,.T.);
#941=ORIENTED_EDGE('',*,*,#3701,.F.);
#942=ORIENTED_EDGE('',*,*,#3702,.T.);
#943=ORIENTED_EDGE('',*,*,#3703,.T.);
#944=ORIENTED_EDGE('',*,*,#3704,.F.);
#945=ORIENTED_EDGE('',*,*,#3705,.T.);
#946=ORIENTED_EDGE('',*,*,#3706,.F.);
#947=ORIENTED_EDGE('',*,*,#3707,.T.);
#948=ORIENTED_EDGE('',*,*,#3708,.F.);
#949=ORIENTED_EDGE('',*,*,#3709,.F.);
#950=ORIENTED_EDGE('',*,*,#3710,.F.);
#951=ORIENTED_EDGE('',*,*,#3711,.T.);
#952=ORIENTED_EDGE('',*,*,#3712,.F.);
#953=ORIENTED_EDGE('',*,*,#3713,.T.);
#954=ORIENTED_EDGE('',*,*,#3714,.F.);
#955=ORIENTED_EDGE('',*,*,#3715,.F.);
#956=ORIENTED_EDGE('',*,*,#3716,.T.);
#957=ORIENTED_EDGE('',*,*,#3717,.F.);
#958=ORIENTED_EDGE('',*,*,#3718,.T.);
#959=ORIENTED_EDGE('',*,*,#3719,.F.);
#960=ORIENTED_EDGE('',*,*,#3720,.F.);
#961=ORIENTED_EDGE('',*,*,#3721,.T.);
#962=ORIENTED_EDGE('',*,*,#3722,.F.);
#963=ORIENTED_EDGE('',*,*,#3723,.F.);
#964=ORIENTED_EDGE('',*,*,#3724,.T.);
#965=ORIENTED_EDGE('',*,*,#3725,.F.);
#966=ORIENTED_EDGE('',*,*,#3724,.F.);
#967=ORIENTED_EDGE('',*,*,#3726,.T.);
#968=ORIENTED_EDGE('',*,*,#3727,.T.);
#969=ORIENTED_EDGE('',*,*,#3728,.F.);
#970=ORIENTED_EDGE('',*,*,#3727,.F.);
#971=ORIENTED_EDGE('',*,*,#3729,.T.);
#972=ORIENTED_EDGE('',*,*,#3730,.T.);
#973=ORIENTED_EDGE('',*,*,#3731,.F.);
#974=ORIENTED_EDGE('',*,*,#3730,.F.);
#975=ORIENTED_EDGE('',*,*,#3732,.T.);
#976=ORIENTED_EDGE('',*,*,#3733,.T.);
#977=ORIENTED_EDGE('',*,*,#3734,.F.);
#978=ORIENTED_EDGE('',*,*,#3733,.F.);
#979=ORIENTED_EDGE('',*,*,#3735,.T.);
#980=ORIENTED_EDGE('',*,*,#3736,.T.);
#981=ORIENTED_EDGE('',*,*,#3737,.F.);
#982=ORIENTED_EDGE('',*,*,#3736,.F.);
#983=ORIENTED_EDGE('',*,*,#3738,.T.);
#984=ORIENTED_EDGE('',*,*,#3739,.T.);
#985=ORIENTED_EDGE('',*,*,#3740,.F.);
#986=ORIENTED_EDGE('',*,*,#3739,.F.);
#987=ORIENTED_EDGE('',*,*,#3741,.T.);
#988=ORIENTED_EDGE('',*,*,#3742,.T.);
#989=ORIENTED_EDGE('',*,*,#3743,.F.);
#990=ORIENTED_EDGE('',*,*,#3742,.F.);
#991=ORIENTED_EDGE('',*,*,#3744,.T.);
#992=ORIENTED_EDGE('',*,*,#3745,.T.);
#993=ORIENTED_EDGE('',*,*,#3746,.F.);
#994=ORIENTED_EDGE('',*,*,#3745,.F.);
#995=ORIENTED_EDGE('',*,*,#3747,.T.);
#996=ORIENTED_EDGE('',*,*,#3748,.T.);
#997=ORIENTED_EDGE('',*,*,#3749,.F.);
#998=ORIENTED_EDGE('',*,*,#3748,.F.);
#999=ORIENTED_EDGE('',*,*,#3750,.T.);
#1000=ORIENTED_EDGE('',*,*,#3751,.T.);
#1001=ORIENTED_EDGE('',*,*,#3752,.F.);
#1002=ORIENTED_EDGE('',*,*,#3751,.F.);
#1003=ORIENTED_EDGE('',*,*,#3753,.T.);
#1004=ORIENTED_EDGE('',*,*,#3754,.T.);
#1005=ORIENTED_EDGE('',*,*,#3755,.F.);
#1006=ORIENTED_EDGE('',*,*,#3754,.F.);
#1007=ORIENTED_EDGE('',*,*,#3756,.T.);
#1008=ORIENTED_EDGE('',*,*,#3757,.T.);
#1009=ORIENTED_EDGE('',*,*,#3758,.F.);
#1010=ORIENTED_EDGE('',*,*,#3757,.F.);
#1011=ORIENTED_EDGE('',*,*,#3759,.T.);
#1012=ORIENTED_EDGE('',*,*,#3760,.T.);
#1013=ORIENTED_EDGE('',*,*,#3761,.F.);
#1014=ORIENTED_EDGE('',*,*,#3760,.F.);
#1015=ORIENTED_EDGE('',*,*,#3762,.T.);
#1016=ORIENTED_EDGE('',*,*,#3763,.T.);
#1017=ORIENTED_EDGE('',*,*,#3764,.F.);
#1018=ORIENTED_EDGE('',*,*,#3763,.F.);
#1019=ORIENTED_EDGE('',*,*,#3765,.T.);
#1020=ORIENTED_EDGE('',*,*,#3766,.T.);
#1021=ORIENTED_EDGE('',*,*,#3767,.F.);
#1022=ORIENTED_EDGE('',*,*,#3766,.F.);
#1023=ORIENTED_EDGE('',*,*,#3768,.T.);
#1024=ORIENTED_EDGE('',*,*,#3769,.T.);
#1025=ORIENTED_EDGE('',*,*,#3770,.F.);
#1026=ORIENTED_EDGE('',*,*,#3769,.F.);
#1027=ORIENTED_EDGE('',*,*,#3771,.T.);
#1028=ORIENTED_EDGE('',*,*,#3772,.T.);
#1029=ORIENTED_EDGE('',*,*,#3773,.F.);
#1030=ORIENTED_EDGE('',*,*,#3772,.F.);
#1031=ORIENTED_EDGE('',*,*,#3774,.T.);
#1032=ORIENTED_EDGE('',*,*,#3775,.T.);
#1033=ORIENTED_EDGE('',*,*,#3776,.F.);
#1034=ORIENTED_EDGE('',*,*,#3775,.F.);
#1035=ORIENTED_EDGE('',*,*,#3777,.T.);
#1036=ORIENTED_EDGE('',*,*,#3778,.T.);
#1037=ORIENTED_EDGE('',*,*,#3779,.F.);
#1038=ORIENTED_EDGE('',*,*,#3778,.F.);
#1039=ORIENTED_EDGE('',*,*,#3780,.T.);
#1040=ORIENTED_EDGE('',*,*,#3781,.T.);
#1041=ORIENTED_EDGE('',*,*,#3782,.F.);
#1042=ORIENTED_EDGE('',*,*,#3781,.F.);
#1043=ORIENTED_EDGE('',*,*,#3783,.T.);
#1044=ORIENTED_EDGE('',*,*,#3784,.T.);
#1045=ORIENTED_EDGE('',*,*,#3785,.F.);
#1046=ORIENTED_EDGE('',*,*,#3784,.F.);
#1047=ORIENTED_EDGE('',*,*,#3786,.T.);
#1048=ORIENTED_EDGE('',*,*,#3787,.T.);
#1049=ORIENTED_EDGE('',*,*,#3788,.F.);
#1050=ORIENTED_EDGE('',*,*,#3787,.F.);
#1051=ORIENTED_EDGE('',*,*,#3789,.T.);
#1052=ORIENTED_EDGE('',*,*,#3790,.T.);
#1053=ORIENTED_EDGE('',*,*,#3791,.F.);
#1054=ORIENTED_EDGE('',*,*,#3790,.F.);
#1055=ORIENTED_EDGE('',*,*,#3792,.T.);
#1056=ORIENTED_EDGE('',*,*,#3793,.T.);
#1057=ORIENTED_EDGE('',*,*,#3794,.T.);
#1058=ORIENTED_EDGE('',*,*,#3793,.F.);
#1059=ORIENTED_EDGE('',*,*,#3795,.F.);
#1060=ORIENTED_EDGE('',*,*,#3796,.T.);
#1061=ORIENTED_EDGE('',*,*,#3797,.T.);
#1062=ORIENTED_EDGE('',*,*,#3796,.F.);
#1063=ORIENTED_EDGE('',*,*,#3798,.F.);
#1064=ORIENTED_EDGE('',*,*,#3799,.T.);
#1065=ORIENTED_EDGE('',*,*,#3800,.T.);
#1066=ORIENTED_EDGE('',*,*,#3799,.F.);
#1067=ORIENTED_EDGE('',*,*,#3801,.F.);
#1068=ORIENTED_EDGE('',*,*,#3802,.T.);
#1069=ORIENTED_EDGE('',*,*,#3803,.T.);
#1070=ORIENTED_EDGE('',*,*,#3802,.F.);
#1071=ORIENTED_EDGE('',*,*,#3804,.F.);
#1072=ORIENTED_EDGE('',*,*,#3805,.T.);
#1073=ORIENTED_EDGE('',*,*,#3806,.T.);
#1074=ORIENTED_EDGE('',*,*,#3805,.F.);
#1075=ORIENTED_EDGE('',*,*,#3807,.F.);
#1076=ORIENTED_EDGE('',*,*,#3808,.T.);
#1077=ORIENTED_EDGE('',*,*,#3809,.T.);
#1078=ORIENTED_EDGE('',*,*,#3808,.F.);
#1079=ORIENTED_EDGE('',*,*,#3810,.F.);
#1080=ORIENTED_EDGE('',*,*,#3811,.T.);
#1081=ORIENTED_EDGE('',*,*,#3812,.T.);
#1082=ORIENTED_EDGE('',*,*,#3811,.F.);
#1083=ORIENTED_EDGE('',*,*,#3813,.F.);
#1084=ORIENTED_EDGE('',*,*,#3814,.T.);
#1085=ORIENTED_EDGE('',*,*,#3815,.T.);
#1086=ORIENTED_EDGE('',*,*,#3814,.F.);
#1087=ORIENTED_EDGE('',*,*,#3816,.F.);
#1088=ORIENTED_EDGE('',*,*,#3817,.T.);
#1089=ORIENTED_EDGE('',*,*,#3818,.T.);
#1090=ORIENTED_EDGE('',*,*,#3817,.F.);
#1091=ORIENTED_EDGE('',*,*,#3819,.F.);
#1092=ORIENTED_EDGE('',*,*,#3722,.T.);
#1093=ORIENTED_EDGE('',*,*,#3820,.T.);
#1094=ORIENTED_EDGE('',*,*,#3821,.F.);
#1095=ORIENTED_EDGE('',*,*,#3822,.F.);
#1096=ORIENTED_EDGE('',*,*,#3823,.T.);
#1097=ORIENTED_EDGE('',*,*,#3824,.F.);
#1098=ORIENTED_EDGE('',*,*,#3825,.T.);
#1099=ORIENTED_EDGE('',*,*,#3826,.F.);
#1100=ORIENTED_EDGE('',*,*,#3827,.F.);
#1101=ORIENTED_EDGE('',*,*,#3828,.T.);
#1102=ORIENTED_EDGE('',*,*,#3829,.T.);
#1103=ORIENTED_EDGE('',*,*,#3830,.F.);
#1104=ORIENTED_EDGE('',*,*,#3831,.T.);
#1105=ORIENTED_EDGE('',*,*,#3832,.F.);
#1106=ORIENTED_EDGE('',*,*,#3833,.T.);
#1107=ORIENTED_EDGE('',*,*,#3834,.F.);
#1108=ORIENTED_EDGE('',*,*,#3835,.T.);
#1109=ORIENTED_EDGE('',*,*,#3836,.F.);
#1110=ORIENTED_EDGE('',*,*,#3837,.T.);
#1111=ORIENTED_EDGE('',*,*,#3838,.F.);
#1112=ORIENTED_EDGE('',*,*,#3839,.F.);
#1113=ORIENTED_EDGE('',*,*,#3840,.T.);
#1114=ORIENTED_EDGE('',*,*,#3841,.F.);
#1115=ORIENTED_EDGE('',*,*,#3842,.F.);
#1116=ORIENTED_EDGE('',*,*,#3843,.T.);
#1117=ORIENTED_EDGE('',*,*,#3844,.F.);
#1118=ORIENTED_EDGE('',*,*,#3845,.T.);
#1119=ORIENTED_EDGE('',*,*,#3846,.F.);
#1120=ORIENTED_EDGE('',*,*,#3847,.F.);
#1121=ORIENTED_EDGE('',*,*,#3721,.F.);
#1122=ORIENTED_EDGE('',*,*,#3725,.T.);
#1123=ORIENTED_EDGE('',*,*,#3728,.T.);
#1124=ORIENTED_EDGE('',*,*,#3731,.T.);
#1125=ORIENTED_EDGE('',*,*,#3734,.T.);
#1126=ORIENTED_EDGE('',*,*,#3737,.T.);
#1127=ORIENTED_EDGE('',*,*,#3740,.T.);
#1128=ORIENTED_EDGE('',*,*,#3743,.T.);
#1129=ORIENTED_EDGE('',*,*,#3746,.T.);
#1130=ORIENTED_EDGE('',*,*,#3749,.T.);
#1131=ORIENTED_EDGE('',*,*,#3752,.T.);
#1132=ORIENTED_EDGE('',*,*,#3755,.T.);
#1133=ORIENTED_EDGE('',*,*,#3758,.T.);
#1134=ORIENTED_EDGE('',*,*,#3761,.T.);
#1135=ORIENTED_EDGE('',*,*,#3764,.T.);
#1136=ORIENTED_EDGE('',*,*,#3767,.T.);
#1137=ORIENTED_EDGE('',*,*,#3770,.T.);
#1138=ORIENTED_EDGE('',*,*,#3773,.T.);
#1139=ORIENTED_EDGE('',*,*,#3776,.T.);
#1140=ORIENTED_EDGE('',*,*,#3779,.T.);
#1141=ORIENTED_EDGE('',*,*,#3782,.T.);
#1142=ORIENTED_EDGE('',*,*,#3785,.T.);
#1143=ORIENTED_EDGE('',*,*,#3788,.T.);
#1144=ORIENTED_EDGE('',*,*,#3791,.T.);
#1145=ORIENTED_EDGE('',*,*,#3794,.F.);
#1146=ORIENTED_EDGE('',*,*,#3797,.F.);
#1147=ORIENTED_EDGE('',*,*,#3800,.F.);
#1148=ORIENTED_EDGE('',*,*,#3803,.F.);
#1149=ORIENTED_EDGE('',*,*,#3806,.F.);
#1150=ORIENTED_EDGE('',*,*,#3809,.F.);
#1151=ORIENTED_EDGE('',*,*,#3812,.F.);
#1152=ORIENTED_EDGE('',*,*,#3815,.F.);
#1153=ORIENTED_EDGE('',*,*,#3818,.F.);
#1154=ORIENTED_EDGE('',*,*,#3789,.F.);
#1155=ORIENTED_EDGE('',*,*,#3786,.F.);
#1156=ORIENTED_EDGE('',*,*,#3783,.F.);
#1157=ORIENTED_EDGE('',*,*,#3780,.F.);
#1158=ORIENTED_EDGE('',*,*,#3777,.F.);
#1159=ORIENTED_EDGE('',*,*,#3774,.F.);
#1160=ORIENTED_EDGE('',*,*,#3771,.F.);
#1161=ORIENTED_EDGE('',*,*,#3768,.F.);
#1162=ORIENTED_EDGE('',*,*,#3765,.F.);
#1163=ORIENTED_EDGE('',*,*,#3762,.F.);
#1164=ORIENTED_EDGE('',*,*,#3759,.F.);
#1165=ORIENTED_EDGE('',*,*,#3756,.F.);
#1166=ORIENTED_EDGE('',*,*,#3753,.F.);
#1167=ORIENTED_EDGE('',*,*,#3750,.F.);
#1168=ORIENTED_EDGE('',*,*,#3747,.F.);
#1169=ORIENTED_EDGE('',*,*,#3744,.F.);
#1170=ORIENTED_EDGE('',*,*,#3741,.F.);
#1171=ORIENTED_EDGE('',*,*,#3738,.F.);
#1172=ORIENTED_EDGE('',*,*,#3735,.F.);
#1173=ORIENTED_EDGE('',*,*,#3732,.F.);
#1174=ORIENTED_EDGE('',*,*,#3729,.F.);
#1175=ORIENTED_EDGE('',*,*,#3726,.F.);
#1176=ORIENTED_EDGE('',*,*,#3723,.T.);
#1177=ORIENTED_EDGE('',*,*,#3819,.T.);
#1178=ORIENTED_EDGE('',*,*,#3816,.T.);
#1179=ORIENTED_EDGE('',*,*,#3813,.T.);
#1180=ORIENTED_EDGE('',*,*,#3810,.T.);
#1181=ORIENTED_EDGE('',*,*,#3807,.T.);
#1182=ORIENTED_EDGE('',*,*,#3804,.T.);
#1183=ORIENTED_EDGE('',*,*,#3801,.T.);
#1184=ORIENTED_EDGE('',*,*,#3798,.T.);
#1185=ORIENTED_EDGE('',*,*,#3795,.T.);
#1186=ORIENTED_EDGE('',*,*,#3792,.F.);
#1187=ORIENTED_EDGE('',*,*,#3847,.T.);
#1188=ORIENTED_EDGE('',*,*,#3848,.F.);
#1189=ORIENTED_EDGE('',*,*,#3677,.F.);
#1190=ORIENTED_EDGE('',*,*,#3849,.T.);
#1191=ORIENTED_EDGE('',*,*,#3846,.T.);
#1192=ORIENTED_EDGE('',*,*,#3850,.F.);
#1193=ORIENTED_EDGE('',*,*,#3678,.F.);
#1194=ORIENTED_EDGE('',*,*,#3848,.T.);
#1195=ORIENTED_EDGE('',*,*,#3845,.F.);
#1196=ORIENTED_EDGE('',*,*,#3851,.F.);
#1197=ORIENTED_EDGE('',*,*,#3679,.T.);
#1198=ORIENTED_EDGE('',*,*,#3850,.T.);
#1199=ORIENTED_EDGE('',*,*,#3844,.T.);
#1200=ORIENTED_EDGE('',*,*,#3852,.F.);
#1201=ORIENTED_EDGE('',*,*,#3680,.F.);
#1202=ORIENTED_EDGE('',*,*,#3851,.T.);
#1203=ORIENTED_EDGE('',*,*,#3843,.F.);
#1204=ORIENTED_EDGE('',*,*,#3853,.F.);
#1205=ORIENTED_EDGE('',*,*,#3681,.T.);
#1206=ORIENTED_EDGE('',*,*,#3852,.T.);
#1207=ORIENTED_EDGE('',*,*,#3842,.T.);
#1208=ORIENTED_EDGE('',*,*,#3854,.F.);
#1209=ORIENTED_EDGE('',*,*,#3682,.F.);
#1210=ORIENTED_EDGE('',*,*,#3853,.T.);
#1211=ORIENTED_EDGE('',*,*,#3841,.T.);
#1212=ORIENTED_EDGE('',*,*,#3855,.F.);
#1213=ORIENTED_EDGE('',*,*,#3683,.F.);
#1214=ORIENTED_EDGE('',*,*,#3854,.T.);
#1215=ORIENTED_EDGE('',*,*,#3840,.F.);
#1216=ORIENTED_EDGE('',*,*,#3856,.F.);
#1217=ORIENTED_EDGE('',*,*,#3684,.T.);
#1218=ORIENTED_EDGE('',*,*,#3855,.T.);
#1219=ORIENTED_EDGE('',*,*,#3839,.T.);
#1220=ORIENTED_EDGE('',*,*,#3857,.F.);
#1221=ORIENTED_EDGE('',*,*,#3685,.F.);
#1222=ORIENTED_EDGE('',*,*,#3856,.T.);
#1223=ORIENTED_EDGE('',*,*,#3838,.T.);
#1224=ORIENTED_EDGE('',*,*,#3858,.F.);
#1225=ORIENTED_EDGE('',*,*,#3686,.F.);
#1226=ORIENTED_EDGE('',*,*,#3857,.T.);
#1227=ORIENTED_EDGE('',*,*,#3837,.F.);
#1228=ORIENTED_EDGE('',*,*,#3859,.F.);
#1229=ORIENTED_EDGE('',*,*,#3687,.T.);
#1230=ORIENTED_EDGE('',*,*,#3858,.T.);
#1231=ORIENTED_EDGE('',*,*,#3836,.T.);
#1232=ORIENTED_EDGE('',*,*,#3860,.F.);
#1233=ORIENTED_EDGE('',*,*,#3688,.F.);
#1234=ORIENTED_EDGE('',*,*,#3859,.T.);
#1235=ORIENTED_EDGE('',*,*,#3835,.F.);
#1236=ORIENTED_EDGE('',*,*,#3861,.F.);
#1237=ORIENTED_EDGE('',*,*,#3689,.T.);
#1238=ORIENTED_EDGE('',*,*,#3860,.T.);
#1239=ORIENTED_EDGE('',*,*,#3834,.T.);
#1240=ORIENTED_EDGE('',*,*,#3862,.F.);
#1241=ORIENTED_EDGE('',*,*,#3690,.F.);
#1242=ORIENTED_EDGE('',*,*,#3861,.T.);
#1243=ORIENTED_EDGE('',*,*,#3833,.F.);
#1244=ORIENTED_EDGE('',*,*,#3863,.F.);
#1245=ORIENTED_EDGE('',*,*,#3691,.T.);
#1246=ORIENTED_EDGE('',*,*,#3862,.T.);
#1247=ORIENTED_EDGE('',*,*,#3832,.T.);
#1248=ORIENTED_EDGE('',*,*,#3864,.F.);
#1249=ORIENTED_EDGE('',*,*,#3692,.F.);
#1250=ORIENTED_EDGE('',*,*,#3863,.T.);
#1251=ORIENTED_EDGE('',*,*,#3831,.F.);
#1252=ORIENTED_EDGE('',*,*,#3865,.F.);
#1253=ORIENTED_EDGE('',*,*,#3693,.T.);
#1254=ORIENTED_EDGE('',*,*,#3864,.T.);
#1255=ORIENTED_EDGE('',*,*,#3830,.T.);
#1256=ORIENTED_EDGE('',*,*,#3866,.F.);
#1257=ORIENTED_EDGE('',*,*,#3694,.F.);
#1258=ORIENTED_EDGE('',*,*,#3865,.T.);
#1259=ORIENTED_EDGE('',*,*,#3829,.F.);
#1260=ORIENTED_EDGE('',*,*,#3867,.F.);
#1261=ORIENTED_EDGE('',*,*,#3695,.T.);
#1262=ORIENTED_EDGE('',*,*,#3866,.T.);
#1263=ORIENTED_EDGE('',*,*,#3828,.F.);
#1264=ORIENTED_EDGE('',*,*,#3868,.F.);
#1265=ORIENTED_EDGE('',*,*,#3696,.T.);
#1266=ORIENTED_EDGE('',*,*,#3867,.T.);
#1267=ORIENTED_EDGE('',*,*,#3827,.T.);
#1268=ORIENTED_EDGE('',*,*,#3869,.F.);
#1269=ORIENTED_EDGE('',*,*,#3697,.F.);
#1270=ORIENTED_EDGE('',*,*,#3868,.T.);
#1271=ORIENTED_EDGE('',*,*,#3826,.T.);
#1272=ORIENTED_EDGE('',*,*,#3870,.F.);
#1273=ORIENTED_EDGE('',*,*,#3698,.F.);
#1274=ORIENTED_EDGE('',*,*,#3869,.T.);
#1275=ORIENTED_EDGE('',*,*,#3825,.F.);
#1276=ORIENTED_EDGE('',*,*,#3871,.F.);
#1277=ORIENTED_EDGE('',*,*,#3699,.T.);
#1278=ORIENTED_EDGE('',*,*,#3870,.T.);
#1279=ORIENTED_EDGE('',*,*,#3824,.T.);
#1280=ORIENTED_EDGE('',*,*,#3872,.F.);
#1281=ORIENTED_EDGE('',*,*,#3700,.F.);
#1282=ORIENTED_EDGE('',*,*,#3871,.T.);
#1283=ORIENTED_EDGE('',*,*,#3823,.F.);
#1284=ORIENTED_EDGE('',*,*,#3873,.F.);
#1285=ORIENTED_EDGE('',*,*,#3701,.T.);
#1286=ORIENTED_EDGE('',*,*,#3872,.T.);
#1287=ORIENTED_EDGE('',*,*,#3822,.T.);
#1288=ORIENTED_EDGE('',*,*,#3874,.F.);
#1289=ORIENTED_EDGE('',*,*,#3702,.F.);
#1290=ORIENTED_EDGE('',*,*,#3873,.T.);
#1291=ORIENTED_EDGE('',*,*,#3821,.T.);
#1292=ORIENTED_EDGE('',*,*,#3875,.F.);
#1293=ORIENTED_EDGE('',*,*,#3703,.F.);
#1294=ORIENTED_EDGE('',*,*,#3874,.T.);
#1295=ORIENTED_EDGE('',*,*,#3820,.F.);
#1296=ORIENTED_EDGE('',*,*,#3849,.F.);
#1297=ORIENTED_EDGE('',*,*,#3704,.T.);
#1298=ORIENTED_EDGE('',*,*,#3875,.T.);
#1299=ORIENTED_EDGE('',*,*,#3876,.T.);
#1300=ORIENTED_EDGE('',*,*,#3877,.T.);
#1301=ORIENTED_EDGE('',*,*,#3878,.F.);
#1302=ORIENTED_EDGE('',*,*,#3879,.F.);
#1303=ORIENTED_EDGE('',*,*,#3880,.T.);
#1304=ORIENTED_EDGE('',*,*,#3881,.T.);
#1305=ORIENTED_EDGE('',*,*,#3882,.F.);
#1306=ORIENTED_EDGE('',*,*,#3883,.F.);
#1307=ORIENTED_EDGE('',*,*,#3705,.F.);
#1308=ORIENTED_EDGE('',*,*,#3884,.F.);
#1309=ORIENTED_EDGE('',*,*,#3885,.T.);
#1310=ORIENTED_EDGE('',*,*,#3886,.T.);
#1311=ORIENTED_EDGE('',*,*,#3720,.T.);
#1312=ORIENTED_EDGE('',*,*,#3887,.F.);
#1313=ORIENTED_EDGE('',*,*,#3888,.F.);
#1314=ORIENTED_EDGE('',*,*,#3884,.T.);
#1315=ORIENTED_EDGE('',*,*,#3719,.T.);
#1316=ORIENTED_EDGE('',*,*,#3889,.F.);
#1317=ORIENTED_EDGE('',*,*,#3890,.F.);
#1318=ORIENTED_EDGE('',*,*,#3887,.T.);
#1319=ORIENTED_EDGE('',*,*,#3718,.F.);
#1320=ORIENTED_EDGE('',*,*,#3891,.F.);
#1321=ORIENTED_EDGE('',*,*,#3892,.T.);
#1322=ORIENTED_EDGE('',*,*,#3889,.T.);
#1323=ORIENTED_EDGE('',*,*,#3717,.T.);
#1324=ORIENTED_EDGE('',*,*,#3893,.F.);
#1325=ORIENTED_EDGE('',*,*,#3894,.F.);
#1326=ORIENTED_EDGE('',*,*,#3891,.T.);
#1327=ORIENTED_EDGE('',*,*,#3716,.F.);
#1328=ORIENTED_EDGE('',*,*,#3895,.F.);
#1329=ORIENTED_EDGE('',*,*,#3896,.T.);
#1330=ORIENTED_EDGE('',*,*,#3893,.T.);
#1331=ORIENTED_EDGE('',*,*,#3715,.T.);
#1332=ORIENTED_EDGE('',*,*,#3897,.F.);
#1333=ORIENTED_EDGE('',*,*,#3898,.F.);
#1334=ORIENTED_EDGE('',*,*,#3895,.T.);
#1335=ORIENTED_EDGE('',*,*,#3714,.T.);
#1336=ORIENTED_EDGE('',*,*,#3899,.F.);
#1337=ORIENTED_EDGE('',*,*,#3900,.F.);
#1338=ORIENTED_EDGE('',*,*,#3897,.T.);
#1339=ORIENTED_EDGE('',*,*,#3713,.F.);
#1340=ORIENTED_EDGE('',*,*,#3901,.F.);
#1341=ORIENTED_EDGE('',*,*,#3902,.T.);
#1342=ORIENTED_EDGE('',*,*,#3899,.T.);
#1343=ORIENTED_EDGE('',*,*,#3712,.T.);
#1344=ORIENTED_EDGE('',*,*,#3903,.F.);
#1345=ORIENTED_EDGE('',*,*,#3904,.F.);
#1346=ORIENTED_EDGE('',*,*,#3901,.T.);
#1347=ORIENTED_EDGE('',*,*,#3711,.F.);
#1348=ORIENTED_EDGE('',*,*,#3905,.F.);
#1349=ORIENTED_EDGE('',*,*,#3906,.T.);
#1350=ORIENTED_EDGE('',*,*,#3903,.T.);
#1351=ORIENTED_EDGE('',*,*,#3710,.T.);
#1352=ORIENTED_EDGE('',*,*,#3907,.F.);
#1353=ORIENTED_EDGE('',*,*,#3908,.F.);
#1354=ORIENTED_EDGE('',*,*,#3905,.T.);
#1355=ORIENTED_EDGE('',*,*,#3709,.T.);
#1356=ORIENTED_EDGE('',*,*,#3909,.F.);
#1357=ORIENTED_EDGE('',*,*,#3910,.F.);
#1358=ORIENTED_EDGE('',*,*,#3907,.T.);
#1359=ORIENTED_EDGE('',*,*,#3708,.T.);
#1360=ORIENTED_EDGE('',*,*,#3911,.F.);
#1361=ORIENTED_EDGE('',*,*,#3912,.F.);
#1362=ORIENTED_EDGE('',*,*,#3909,.T.);
#1363=ORIENTED_EDGE('',*,*,#3707,.F.);
#1364=ORIENTED_EDGE('',*,*,#3913,.F.);
#1365=ORIENTED_EDGE('',*,*,#3914,.T.);
#1366=ORIENTED_EDGE('',*,*,#3911,.T.);
#1367=ORIENTED_EDGE('',*,*,#3706,.T.);
#1368=ORIENTED_EDGE('',*,*,#3886,.F.);
#1369=ORIENTED_EDGE('',*,*,#3915,.F.);
#1370=ORIENTED_EDGE('',*,*,#3913,.T.);
#1371=ORIENTED_EDGE('',*,*,#3916,.F.);
#1372=ORIENTED_EDGE('',*,*,#3917,.T.);
#1373=ORIENTED_EDGE('',*,*,#3918,.F.);
#1374=ORIENTED_EDGE('',*,*,#3919,.F.);
#1375=ORIENTED_EDGE('',*,*,#3920,.T.);
#1376=ORIENTED_EDGE('',*,*,#3921,.F.);
#1377=ORIENTED_EDGE('',*,*,#3922,.T.);
#1378=ORIENTED_EDGE('',*,*,#3671,.F.);
#1379=ORIENTED_EDGE('',*,*,#3923,.T.);
#1380=ORIENTED_EDGE('',*,*,#3924,.T.);
#1381=ORIENTED_EDGE('',*,*,#3925,.T.);
#1382=ORIENTED_EDGE('',*,*,#3926,.F.);
#1383=ORIENTED_EDGE('',*,*,#3927,.T.);
#1384=ORIENTED_EDGE('',*,*,#3928,.T.);
#1385=ORIENTED_EDGE('',*,*,#3929,.T.);
#1386=ORIENTED_EDGE('',*,*,#3930,.T.);
#1387=ORIENTED_EDGE('',*,*,#3931,.F.);
#1388=ORIENTED_EDGE('',*,*,#3880,.F.);
#1389=ORIENTED_EDGE('',*,*,#3932,.F.);
#1390=ORIENTED_EDGE('',*,*,#3876,.F.);
#1391=ORIENTED_EDGE('',*,*,#3933,.F.);
#1392=ORIENTED_EDGE('',*,*,#3934,.F.);
#1393=ORIENTED_EDGE('',*,*,#3935,.F.);
#1394=ORIENTED_EDGE('',*,*,#3936,.F.);
#1395=ORIENTED_EDGE('',*,*,#3885,.F.);
#1396=ORIENTED_EDGE('',*,*,#3888,.T.);
#1397=ORIENTED_EDGE('',*,*,#3890,.T.);
#1398=ORIENTED_EDGE('',*,*,#3892,.F.);
#1399=ORIENTED_EDGE('',*,*,#3894,.T.);
#1400=ORIENTED_EDGE('',*,*,#3896,.F.);
#1401=ORIENTED_EDGE('',*,*,#3898,.T.);
#1402=ORIENTED_EDGE('',*,*,#3900,.T.);
#1403=ORIENTED_EDGE('',*,*,#3902,.F.);
#1404=ORIENTED_EDGE('',*,*,#3904,.T.);
#1405=ORIENTED_EDGE('',*,*,#3906,.F.);
#1406=ORIENTED_EDGE('',*,*,#3908,.T.);
#1407=ORIENTED_EDGE('',*,*,#3910,.T.);
#1408=ORIENTED_EDGE('',*,*,#3912,.T.);
#1409=ORIENTED_EDGE('',*,*,#3914,.F.);
#1410=ORIENTED_EDGE('',*,*,#3915,.T.);
#1411=ORIENTED_EDGE('',*,*,#3937,.T.);
#1412=ORIENTED_EDGE('',*,*,#3938,.F.);
#1413=ORIENTED_EDGE('',*,*,#3939,.F.);
#1414=ORIENTED_EDGE('',*,*,#3637,.T.);
#1415=ORIENTED_EDGE('',*,*,#3940,.T.);
#1416=ORIENTED_EDGE('',*,*,#3941,.T.);
#1417=ORIENTED_EDGE('',*,*,#3940,.F.);
#1418=ORIENTED_EDGE('',*,*,#3636,.T.);
#1419=ORIENTED_EDGE('',*,*,#3942,.T.);
#1420=ORIENTED_EDGE('',*,*,#3943,.T.);
#1421=ORIENTED_EDGE('',*,*,#3942,.F.);
#1422=ORIENTED_EDGE('',*,*,#3635,.T.);
#1423=ORIENTED_EDGE('',*,*,#3944,.T.);
#1424=ORIENTED_EDGE('',*,*,#3945,.T.);
#1425=ORIENTED_EDGE('',*,*,#3946,.F.);
#1426=ORIENTED_EDGE('',*,*,#3947,.T.);
#1427=ORIENTED_EDGE('',*,*,#3948,.T.);
#1428=ORIENTED_EDGE('',*,*,#3647,.T.);
#1429=ORIENTED_EDGE('',*,*,#3949,.F.);
#1430=ORIENTED_EDGE('',*,*,#3950,.T.);
#1431=ORIENTED_EDGE('',*,*,#3946,.T.);
#1432=ORIENTED_EDGE('',*,*,#3646,.T.);
#1433=ORIENTED_EDGE('',*,*,#3951,.F.);
#1434=ORIENTED_EDGE('',*,*,#3952,.T.);
#1435=ORIENTED_EDGE('',*,*,#3949,.T.);
#1436=ORIENTED_EDGE('',*,*,#3645,.T.);
#1437=ORIENTED_EDGE('',*,*,#3953,.F.);
#1438=ORIENTED_EDGE('',*,*,#3954,.T.);
#1439=ORIENTED_EDGE('',*,*,#3955,.T.);
#1440=ORIENTED_EDGE('',*,*,#3642,.T.);
#1441=ORIENTED_EDGE('',*,*,#3956,.F.);
#1442=ORIENTED_EDGE('',*,*,#3957,.T.);
#1443=ORIENTED_EDGE('',*,*,#3958,.F.);
#1444=ORIENTED_EDGE('',*,*,#3959,.F.);
#1445=ORIENTED_EDGE('',*,*,#3960,.T.);
#1446=ORIENTED_EDGE('',*,*,#3937,.F.);
#1447=ORIENTED_EDGE('',*,*,#3961,.T.);
#1448=ORIENTED_EDGE('',*,*,#3938,.T.);
#1449=ORIENTED_EDGE('',*,*,#3962,.F.);
#1450=ORIENTED_EDGE('',*,*,#3963,.T.);
#1451=ORIENTED_EDGE('',*,*,#3964,.F.);
#1452=ORIENTED_EDGE('',*,*,#3965,.F.);
#1453=ORIENTED_EDGE('',*,*,#3966,.T.);
#1454=ORIENTED_EDGE('',*,*,#3967,.T.);
#1455=ORIENTED_EDGE('',*,*,#3953,.T.);
#1456=ORIENTED_EDGE('',*,*,#3641,.T.);
#1457=ORIENTED_EDGE('',*,*,#3968,.T.);
#1458=ORIENTED_EDGE('',*,*,#3969,.T.);
#1459=ORIENTED_EDGE('',*,*,#3970,.T.);
#1460=ORIENTED_EDGE('',*,*,#3966,.F.);
#1461=ORIENTED_EDGE('',*,*,#3971,.F.);
#1462=ORIENTED_EDGE('',*,*,#3972,.T.);
#1463=ORIENTED_EDGE('',*,*,#3973,.T.);
#1464=ORIENTED_EDGE('',*,*,#3960,.F.);
#1465=ORIENTED_EDGE('',*,*,#3974,.F.);
#1466=ORIENTED_EDGE('',*,*,#3975,.T.);
#1467=ORIENTED_EDGE('',*,*,#3968,.F.);
#1468=ORIENTED_EDGE('',*,*,#3640,.T.);
#1469=ORIENTED_EDGE('',*,*,#3976,.T.);
#1470=ORIENTED_EDGE('',*,*,#3977,.T.);
#1471=ORIENTED_EDGE('',*,*,#3978,.F.);
#1472=ORIENTED_EDGE('',*,*,#3638,.T.);
#1473=ORIENTED_EDGE('',*,*,#3939,.T.);
#1474=ORIENTED_EDGE('',*,*,#3979,.T.);
#1475=ORIENTED_EDGE('',*,*,#3944,.F.);
#1476=ORIENTED_EDGE('',*,*,#3634,.T.);
#1477=ORIENTED_EDGE('',*,*,#3980,.T.);
#1478=ORIENTED_EDGE('',*,*,#3673,.T.);
#1479=ORIENTED_EDGE('',*,*,#3980,.F.);
#1480=ORIENTED_EDGE('',*,*,#3649,.T.);
#1481=ORIENTED_EDGE('',*,*,#3981,.F.);
#1482=ORIENTED_EDGE('',*,*,#3982,.T.);
#1483=ORIENTED_EDGE('',*,*,#3948,.F.);
#1484=ORIENTED_EDGE('',*,*,#3983,.T.);
#1485=ORIENTED_EDGE('',*,*,#3981,.T.);
#1486=ORIENTED_EDGE('',*,*,#3648,.T.);
#1487=ORIENTED_EDGE('',*,*,#3984,.F.);
#1488=ORIENTED_EDGE('',*,*,#3985,.T.);
#1489=ORIENTED_EDGE('',*,*,#3951,.T.);
#1490=ORIENTED_EDGE('',*,*,#3644,.T.);
#1491=ORIENTED_EDGE('',*,*,#3955,.F.);
#1492=ORIENTED_EDGE('',*,*,#3986,.T.);
#1493=ORIENTED_EDGE('',*,*,#3984,.T.);
#1494=ORIENTED_EDGE('',*,*,#3643,.T.);
#1495=ORIENTED_EDGE('',*,*,#3976,.F.);
#1496=ORIENTED_EDGE('',*,*,#3639,.T.);
#1497=ORIENTED_EDGE('',*,*,#3978,.T.);
#1498=ORIENTED_EDGE('',*,*,#3987,.T.);
#1499=ORIENTED_EDGE('',*,*,#3988,.T.);
#1500=ORIENTED_EDGE('',*,*,#3918,.T.);
#1501=ORIENTED_EDGE('',*,*,#3989,.F.);
#1502=ORIENTED_EDGE('',*,*,#3987,.F.);
#1503=ORIENTED_EDGE('',*,*,#3990,.T.);
#1504=ORIENTED_EDGE('',*,*,#3919,.T.);
#1505=ORIENTED_EDGE('',*,*,#3988,.F.);
#1506=ORIENTED_EDGE('',*,*,#3979,.F.);
#1507=ORIENTED_EDGE('',*,*,#3917,.F.);
#1508=ORIENTED_EDGE('',*,*,#3991,.F.);
#1509=ORIENTED_EDGE('',*,*,#3977,.F.);
#1510=ORIENTED_EDGE('',*,*,#3989,.T.);
#1511=ORIENTED_EDGE('',*,*,#3992,.F.);
#1512=ORIENTED_EDGE('',*,*,#3933,.T.);
#1513=ORIENTED_EDGE('',*,*,#3993,.F.);
#1514=ORIENTED_EDGE('',*,*,#3975,.F.);
#1515=ORIENTED_EDGE('',*,*,#3994,.T.);
#1516=ORIENTED_EDGE('',*,*,#3932,.T.);
#1517=ORIENTED_EDGE('',*,*,#3995,.F.);
#1518=ORIENTED_EDGE('',*,*,#3972,.F.);
#1519=ORIENTED_EDGE('',*,*,#3996,.T.);
#1520=ORIENTED_EDGE('',*,*,#3931,.T.);
#1521=ORIENTED_EDGE('',*,*,#3997,.F.);
#1522=ORIENTED_EDGE('',*,*,#3969,.F.);
#1523=ORIENTED_EDGE('',*,*,#3991,.T.);
#1524=ORIENTED_EDGE('',*,*,#3916,.T.);
#1525=ORIENTED_EDGE('',*,*,#3998,.T.);
#1526=ORIENTED_EDGE('',*,*,#3999,.T.);
#1527=ORIENTED_EDGE('',*,*,#4000,.F.);
#1528=ORIENTED_EDGE('',*,*,#3935,.T.);
#1529=ORIENTED_EDGE('',*,*,#4001,.T.);
#1530=ORIENTED_EDGE('',*,*,#4002,.T.);
#1531=ORIENTED_EDGE('',*,*,#3967,.F.);
#1532=ORIENTED_EDGE('',*,*,#3996,.F.);
#1533=ORIENTED_EDGE('',*,*,#3971,.T.);
#1534=ORIENTED_EDGE('',*,*,#3965,.T.);
#1535=ORIENTED_EDGE('',*,*,#4003,.F.);
#1536=ORIENTED_EDGE('',*,*,#3881,.F.);
#1537=ORIENTED_EDGE('',*,*,#3962,.T.);
#1538=ORIENTED_EDGE('',*,*,#3995,.T.);
#1539=ORIENTED_EDGE('',*,*,#3883,.T.);
#1540=ORIENTED_EDGE('',*,*,#4004,.T.);
#1541=ORIENTED_EDGE('',*,*,#3963,.F.);
#1542=ORIENTED_EDGE('',*,*,#3970,.F.);
#1543=ORIENTED_EDGE('',*,*,#3961,.F.);
#1544=ORIENTED_EDGE('',*,*,#3994,.F.);
#1545=ORIENTED_EDGE('',*,*,#3974,.T.);
#1546=ORIENTED_EDGE('',*,*,#3959,.T.);
#1547=ORIENTED_EDGE('',*,*,#4005,.F.);
#1548=ORIENTED_EDGE('',*,*,#3877,.F.);
#1549=ORIENTED_EDGE('',*,*,#3956,.T.);
#1550=ORIENTED_EDGE('',*,*,#3993,.T.);
#1551=ORIENTED_EDGE('',*,*,#3879,.T.);
#1552=ORIENTED_EDGE('',*,*,#4006,.T.);
#1553=ORIENTED_EDGE('',*,*,#3957,.F.);
#1554=ORIENTED_EDGE('',*,*,#3973,.F.);
#1555=ORIENTED_EDGE('',*,*,#3929,.F.);
#1556=ORIENTED_EDGE('',*,*,#4007,.F.);
#1557=ORIENTED_EDGE('',*,*,#3986,.F.);
#1558=ORIENTED_EDGE('',*,*,#4008,.T.);
#1559=ORIENTED_EDGE('',*,*,#3928,.F.);
#1560=ORIENTED_EDGE('',*,*,#4009,.F.);
#1561=ORIENTED_EDGE('',*,*,#3985,.F.);
#1562=ORIENTED_EDGE('',*,*,#4007,.T.);
#1563=ORIENTED_EDGE('',*,*,#3930,.F.);
#1564=ORIENTED_EDGE('',*,*,#4008,.F.);
#1565=ORIENTED_EDGE('',*,*,#3954,.F.);
#1566=ORIENTED_EDGE('',*,*,#3997,.T.);
#1567=ORIENTED_EDGE('',*,*,#3927,.F.);
#1568=ORIENTED_EDGE('',*,*,#4010,.F.);
#1569=ORIENTED_EDGE('',*,*,#3952,.F.);
#1570=ORIENTED_EDGE('',*,*,#4009,.T.);
#1571=ORIENTED_EDGE('',*,*,#4010,.T.);
#1572=ORIENTED_EDGE('',*,*,#3926,.T.);
#1573=ORIENTED_EDGE('',*,*,#4011,.F.);
#1574=ORIENTED_EDGE('',*,*,#3950,.F.);
#1575=ORIENTED_EDGE('',*,*,#3924,.F.);
#1576=ORIENTED_EDGE('',*,*,#4012,.F.);
#1577=ORIENTED_EDGE('',*,*,#3983,.F.);
#1578=ORIENTED_EDGE('',*,*,#4013,.T.);
#1579=ORIENTED_EDGE('',*,*,#3923,.F.);
#1580=ORIENTED_EDGE('',*,*,#3670,.F.);
#1581=ORIENTED_EDGE('',*,*,#3982,.F.);
#1582=ORIENTED_EDGE('',*,*,#4012,.T.);
#1583=ORIENTED_EDGE('',*,*,#3925,.F.);
#1584=ORIENTED_EDGE('',*,*,#4013,.F.);
#1585=ORIENTED_EDGE('',*,*,#3947,.F.);
#1586=ORIENTED_EDGE('',*,*,#4011,.T.);
#1587=ORIENTED_EDGE('',*,*,#3922,.F.);
#1588=ORIENTED_EDGE('',*,*,#4014,.F.);
#1589=ORIENTED_EDGE('',*,*,#3945,.F.);
#1590=ORIENTED_EDGE('',*,*,#3672,.T.);
#1591=ORIENTED_EDGE('',*,*,#4014,.T.);
#1592=ORIENTED_EDGE('',*,*,#3921,.T.);
#1593=ORIENTED_EDGE('',*,*,#4015,.F.);
#1594=ORIENTED_EDGE('',*,*,#3943,.F.);
#1595=ORIENTED_EDGE('',*,*,#3920,.F.);
#1596=ORIENTED_EDGE('',*,*,#3990,.F.);
#1597=ORIENTED_EDGE('',*,*,#3941,.F.);
#1598=ORIENTED_EDGE('',*,*,#4015,.T.);
#1599=ORIENTED_EDGE('',*,*,#4004,.F.);
#1600=ORIENTED_EDGE('',*,*,#3882,.T.);
#1601=ORIENTED_EDGE('',*,*,#4003,.T.);
#1602=ORIENTED_EDGE('',*,*,#3964,.T.);
#1603=ORIENTED_EDGE('',*,*,#4006,.F.);
#1604=ORIENTED_EDGE('',*,*,#3878,.T.);
#1605=ORIENTED_EDGE('',*,*,#4005,.T.);
#1606=ORIENTED_EDGE('',*,*,#3958,.T.);
#1607=ORIENTED_EDGE('',*,*,#4016,.F.);
#1608=ORIENTED_EDGE('',*,*,#4017,.T.);
#1609=ORIENTED_EDGE('',*,*,#3573,.T.);
#1610=ORIENTED_EDGE('',*,*,#4018,.T.);
#1611=ORIENTED_EDGE('',*,*,#3675,.F.);
#1612=ORIENTED_EDGE('',*,*,#3567,.F.);
#1613=ORIENTED_EDGE('',*,*,#4019,.T.);
#1614=ORIENTED_EDGE('',*,*,#3576,.T.);
#1615=ORIENTED_EDGE('',*,*,#4020,.F.);
#1616=ORIENTED_EDGE('',*,*,#4016,.T.);
#1617=ORIENTED_EDGE('',*,*,#3674,.F.);
#1618=ORIENTED_EDGE('',*,*,#3569,.T.);
#1619=ORIENTED_EDGE('',*,*,#3676,.T.);
#1620=ORIENTED_EDGE('',*,*,#4018,.F.);
#1621=ORIENTED_EDGE('',*,*,#3572,.T.);
#1622=ORIENTED_EDGE('',*,*,#3581,.F.);
#1623=ORIENTED_EDGE('',*,*,#4021,.T.);
#1624=ORIENTED_EDGE('',*,*,#4022,.T.);
#1625=ORIENTED_EDGE('',*,*,#4023,.T.);
#1626=ORIENTED_EDGE('',*,*,#3667,.F.);
#1627=ORIENTED_EDGE('',*,*,#4024,.F.);
#1628=ORIENTED_EDGE('',*,*,#3577,.T.);
#1629=ORIENTED_EDGE('',*,*,#3669,.T.);
#1630=ORIENTED_EDGE('',*,*,#4025,.F.);
#1631=ORIENTED_EDGE('',*,*,#4026,.F.);
#1632=ORIENTED_EDGE('',*,*,#4022,.F.);
#1633=ORIENTED_EDGE('',*,*,#4027,.T.);
#1634=ORIENTED_EDGE('',*,*,#4028,.T.);
#1635=ORIENTED_EDGE('',*,*,#4026,.T.);
#1636=ORIENTED_EDGE('',*,*,#4029,.T.);
#1637=ORIENTED_EDGE('',*,*,#4023,.F.);
#1638=ORIENTED_EDGE('',*,*,#4029,.F.);
#1639=ORIENTED_EDGE('',*,*,#4025,.T.);
#1640=ORIENTED_EDGE('',*,*,#3668,.F.);
#1641=ORIENTED_EDGE('',*,*,#3623,.T.);
#1642=ORIENTED_EDGE('',*,*,#4030,.F.);
#1643=ORIENTED_EDGE('',*,*,#4031,.F.);
#1644=ORIENTED_EDGE('',*,*,#4032,.T.);
#1645=ORIENTED_EDGE('',*,*,#3633,.F.);
#1646=ORIENTED_EDGE('',*,*,#4033,.F.);
#1647=ORIENTED_EDGE('',*,*,#4034,.T.);
#1648=ORIENTED_EDGE('',*,*,#4030,.T.);
#1649=ORIENTED_EDGE('',*,*,#3632,.F.);
#1650=ORIENTED_EDGE('',*,*,#4035,.F.);
#1651=ORIENTED_EDGE('',*,*,#4036,.T.);
#1652=ORIENTED_EDGE('',*,*,#4033,.T.);
#1653=ORIENTED_EDGE('',*,*,#3631,.T.);
#1654=ORIENTED_EDGE('',*,*,#4037,.F.);
#1655=ORIENTED_EDGE('',*,*,#4038,.F.);
#1656=ORIENTED_EDGE('',*,*,#4035,.T.);
#1657=ORIENTED_EDGE('',*,*,#3630,.T.);
#1658=ORIENTED_EDGE('',*,*,#4039,.F.);
#1659=ORIENTED_EDGE('',*,*,#4040,.F.);
#1660=ORIENTED_EDGE('',*,*,#4037,.T.);
#1661=ORIENTED_EDGE('',*,*,#3629,.F.);
#1662=ORIENTED_EDGE('',*,*,#4041,.F.);
#1663=ORIENTED_EDGE('',*,*,#4042,.T.);
#1664=ORIENTED_EDGE('',*,*,#4039,.T.);
#1665=ORIENTED_EDGE('',*,*,#3628,.T.);
#1666=ORIENTED_EDGE('',*,*,#4043,.F.);
#1667=ORIENTED_EDGE('',*,*,#4044,.F.);
#1668=ORIENTED_EDGE('',*,*,#4041,.T.);
#1669=ORIENTED_EDGE('',*,*,#3627,.T.);
#1670=ORIENTED_EDGE('',*,*,#4045,.F.);
#1671=ORIENTED_EDGE('',*,*,#4046,.F.);
#1672=ORIENTED_EDGE('',*,*,#4043,.T.);
#1673=ORIENTED_EDGE('',*,*,#3626,.F.);
#1674=ORIENTED_EDGE('',*,*,#4047,.F.);
#1675=ORIENTED_EDGE('',*,*,#4048,.T.);
#1676=ORIENTED_EDGE('',*,*,#4045,.T.);
#1677=ORIENTED_EDGE('',*,*,#3625,.F.);
#1678=ORIENTED_EDGE('',*,*,#4049,.F.);
#1679=ORIENTED_EDGE('',*,*,#4050,.T.);
#1680=ORIENTED_EDGE('',*,*,#4047,.T.);
#1681=ORIENTED_EDGE('',*,*,#3624,.T.);
#1682=ORIENTED_EDGE('',*,*,#4032,.F.);
#1683=ORIENTED_EDGE('',*,*,#4051,.F.);
#1684=ORIENTED_EDGE('',*,*,#4049,.T.);
#1685=ORIENTED_EDGE('',*,*,#4031,.T.);
#1686=ORIENTED_EDGE('',*,*,#4034,.F.);
#1687=ORIENTED_EDGE('',*,*,#4036,.F.);
#1688=ORIENTED_EDGE('',*,*,#4038,.T.);
#1689=ORIENTED_EDGE('',*,*,#4040,.T.);
#1690=ORIENTED_EDGE('',*,*,#4042,.F.);
#1691=ORIENTED_EDGE('',*,*,#4044,.T.);
#1692=ORIENTED_EDGE('',*,*,#4046,.T.);
#1693=ORIENTED_EDGE('',*,*,#4048,.F.);
#1694=ORIENTED_EDGE('',*,*,#4050,.F.);
#1695=ORIENTED_EDGE('',*,*,#4051,.T.);
#1696=ORIENTED_EDGE('',*,*,#3653,.T.);
#1697=ORIENTED_EDGE('',*,*,#4052,.F.);
#1698=ORIENTED_EDGE('',*,*,#4053,.F.);
#1699=ORIENTED_EDGE('',*,*,#4054,.T.);
#1700=ORIENTED_EDGE('',*,*,#3652,.F.);
#1701=ORIENTED_EDGE('',*,*,#4055,.F.);
#1702=ORIENTED_EDGE('',*,*,#4056,.T.);
#1703=ORIENTED_EDGE('',*,*,#4052,.T.);
#1704=ORIENTED_EDGE('',*,*,#3651,.F.);
#1705=ORIENTED_EDGE('',*,*,#4057,.F.);
#1706=ORIENTED_EDGE('',*,*,#4058,.T.);
#1707=ORIENTED_EDGE('',*,*,#4055,.T.);
#1708=ORIENTED_EDGE('',*,*,#3650,.T.);
#1709=ORIENTED_EDGE('',*,*,#4059,.F.);
#1710=ORIENTED_EDGE('',*,*,#4060,.F.);
#1711=ORIENTED_EDGE('',*,*,#4057,.T.);
#1712=ORIENTED_EDGE('',*,*,#3666,.F.);
#1713=ORIENTED_EDGE('',*,*,#4061,.F.);
#1714=ORIENTED_EDGE('',*,*,#4062,.T.);
#1715=ORIENTED_EDGE('',*,*,#4059,.T.);
#1716=ORIENTED_EDGE('',*,*,#3665,.T.);
#1717=ORIENTED_EDGE('',*,*,#4063,.F.);
#1718=ORIENTED_EDGE('',*,*,#4064,.F.);
#1719=ORIENTED_EDGE('',*,*,#4061,.T.);
#1720=ORIENTED_EDGE('',*,*,#3664,.F.);
#1721=ORIENTED_EDGE('',*,*,#4065,.F.);
#1722=ORIENTED_EDGE('',*,*,#4066,.T.);
#1723=ORIENTED_EDGE('',*,*,#4063,.T.);
#1724=ORIENTED_EDGE('',*,*,#3663,.T.);
#1725=ORIENTED_EDGE('',*,*,#4067,.F.);
#1726=ORIENTED_EDGE('',*,*,#4068,.F.);
#1727=ORIENTED_EDGE('',*,*,#4065,.T.);
#1728=ORIENTED_EDGE('',*,*,#3662,.F.);
#1729=ORIENTED_EDGE('',*,*,#4069,.F.);
#1730=ORIENTED_EDGE('',*,*,#4070,.T.);
#1731=ORIENTED_EDGE('',*,*,#4067,.T.);
#1732=ORIENTED_EDGE('',*,*,#3661,.F.);
#1733=ORIENTED_EDGE('',*,*,#4071,.F.);
#1734=ORIENTED_EDGE('',*,*,#4072,.T.);
#1735=ORIENTED_EDGE('',*,*,#4069,.T.);
#1736=ORIENTED_EDGE('',*,*,#3660,.T.);
#1737=ORIENTED_EDGE('',*,*,#4073,.F.);
#1738=ORIENTED_EDGE('',*,*,#4074,.F.);
#1739=ORIENTED_EDGE('',*,*,#4071,.T.);
#1740=ORIENTED_EDGE('',*,*,#3659,.T.);
#1741=ORIENTED_EDGE('',*,*,#4075,.F.);
#1742=ORIENTED_EDGE('',*,*,#4076,.F.);
#1743=ORIENTED_EDGE('',*,*,#4073,.T.);
#1744=ORIENTED_EDGE('',*,*,#3658,.T.);
#1745=ORIENTED_EDGE('',*,*,#4077,.F.);
#1746=ORIENTED_EDGE('',*,*,#4078,.F.);
#1747=ORIENTED_EDGE('',*,*,#4075,.T.);
#1748=ORIENTED_EDGE('',*,*,#3657,.F.);
#1749=ORIENTED_EDGE('',*,*,#4079,.F.);
#1750=ORIENTED_EDGE('',*,*,#4080,.T.);
#1751=ORIENTED_EDGE('',*,*,#4077,.T.);
#1752=ORIENTED_EDGE('',*,*,#3656,.F.);
#1753=ORIENTED_EDGE('',*,*,#4081,.F.);
#1754=ORIENTED_EDGE('',*,*,#4082,.T.);
#1755=ORIENTED_EDGE('',*,*,#4079,.T.);
#1756=ORIENTED_EDGE('',*,*,#3655,.T.);
#1757=ORIENTED_EDGE('',*,*,#4083,.F.);
#1758=ORIENTED_EDGE('',*,*,#4084,.F.);
#1759=ORIENTED_EDGE('',*,*,#4081,.T.);
#1760=ORIENTED_EDGE('',*,*,#3654,.T.);
#1761=ORIENTED_EDGE('',*,*,#4054,.F.);
#1762=ORIENTED_EDGE('',*,*,#4085,.F.);
#1763=ORIENTED_EDGE('',*,*,#4083,.T.);
#1764=ORIENTED_EDGE('',*,*,#4053,.T.);
#1765=ORIENTED_EDGE('',*,*,#4056,.F.);
#1766=ORIENTED_EDGE('',*,*,#4058,.F.);
#1767=ORIENTED_EDGE('',*,*,#4060,.T.);
#1768=ORIENTED_EDGE('',*,*,#4062,.F.);
#1769=ORIENTED_EDGE('',*,*,#4064,.T.);
#1770=ORIENTED_EDGE('',*,*,#4066,.F.);
#1771=ORIENTED_EDGE('',*,*,#4068,.T.);
#1772=ORIENTED_EDGE('',*,*,#4070,.F.);
#1773=ORIENTED_EDGE('',*,*,#4072,.F.);
#1774=ORIENTED_EDGE('',*,*,#4074,.T.);
#1775=ORIENTED_EDGE('',*,*,#4076,.T.);
#1776=ORIENTED_EDGE('',*,*,#4078,.T.);
#1777=ORIENTED_EDGE('',*,*,#4080,.F.);
#1778=ORIENTED_EDGE('',*,*,#4082,.F.);
#1779=ORIENTED_EDGE('',*,*,#4084,.T.);
#1780=ORIENTED_EDGE('',*,*,#4085,.T.);
#1781=ORIENTED_EDGE('',*,*,#3606,.T.);
#1782=ORIENTED_EDGE('',*,*,#4086,.F.);
#1783=ORIENTED_EDGE('',*,*,#4087,.F.);
#1784=ORIENTED_EDGE('',*,*,#4088,.T.);
#1785=ORIENTED_EDGE('',*,*,#3622,.T.);
#1786=ORIENTED_EDGE('',*,*,#4089,.F.);
#1787=ORIENTED_EDGE('',*,*,#4090,.F.);
#1788=ORIENTED_EDGE('',*,*,#4086,.T.);
#1789=ORIENTED_EDGE('',*,*,#3621,.F.);
#1790=ORIENTED_EDGE('',*,*,#4091,.F.);
#1791=ORIENTED_EDGE('',*,*,#4092,.T.);
#1792=ORIENTED_EDGE('',*,*,#4089,.T.);
#1793=ORIENTED_EDGE('',*,*,#3620,.F.);
#1794=ORIENTED_EDGE('',*,*,#4093,.F.);
#1795=ORIENTED_EDGE('',*,*,#4094,.T.);
#1796=ORIENTED_EDGE('',*,*,#4091,.T.);
#1797=ORIENTED_EDGE('',*,*,#3619,.T.);
#1798=ORIENTED_EDGE('',*,*,#4095,.F.);
#1799=ORIENTED_EDGE('',*,*,#4096,.F.);
#1800=ORIENTED_EDGE('',*,*,#4093,.T.);
#1801=ORIENTED_EDGE('',*,*,#3618,.T.);
#1802=ORIENTED_EDGE('',*,*,#4097,.F.);
#1803=ORIENTED_EDGE('',*,*,#4098,.F.);
#1804=ORIENTED_EDGE('',*,*,#4095,.T.);
#1805=ORIENTED_EDGE('',*,*,#3617,.T.);
#1806=ORIENTED_EDGE('',*,*,#4099,.F.);
#1807=ORIENTED_EDGE('',*,*,#4100,.F.);
#1808=ORIENTED_EDGE('',*,*,#4097,.T.);
#1809=ORIENTED_EDGE('',*,*,#3616,.F.);
#1810=ORIENTED_EDGE('',*,*,#4101,.F.);
#1811=ORIENTED_EDGE('',*,*,#4102,.T.);
#1812=ORIENTED_EDGE('',*,*,#4099,.T.);
#1813=ORIENTED_EDGE('',*,*,#3615,.F.);
#1814=ORIENTED_EDGE('',*,*,#4103,.F.);
#1815=ORIENTED_EDGE('',*,*,#4104,.T.);
#1816=ORIENTED_EDGE('',*,*,#4101,.T.);
#1817=ORIENTED_EDGE('',*,*,#3614,.T.);
#1818=ORIENTED_EDGE('',*,*,#4105,.F.);
#1819=ORIENTED_EDGE('',*,*,#4106,.F.);
#1820=ORIENTED_EDGE('',*,*,#4103,.T.);
#1821=ORIENTED_EDGE('',*,*,#3613,.F.);
#1822=ORIENTED_EDGE('',*,*,#4107,.F.);
#1823=ORIENTED_EDGE('',*,*,#4108,.T.);
#1824=ORIENTED_EDGE('',*,*,#4105,.T.);
#1825=ORIENTED_EDGE('',*,*,#3612,.T.);
#1826=ORIENTED_EDGE('',*,*,#4109,.F.);
#1827=ORIENTED_EDGE('',*,*,#4110,.F.);
#1828=ORIENTED_EDGE('',*,*,#4107,.T.);
#1829=ORIENTED_EDGE('',*,*,#3611,.F.);
#1830=ORIENTED_EDGE('',*,*,#4111,.F.);
#1831=ORIENTED_EDGE('',*,*,#4112,.T.);
#1832=ORIENTED_EDGE('',*,*,#4109,.T.);
#1833=ORIENTED_EDGE('',*,*,#3610,.T.);
#1834=ORIENTED_EDGE('',*,*,#4113,.F.);
#1835=ORIENTED_EDGE('',*,*,#4114,.F.);
#1836=ORIENTED_EDGE('',*,*,#4111,.T.);
#1837=ORIENTED_EDGE('',*,*,#3609,.F.);
#1838=ORIENTED_EDGE('',*,*,#4115,.F.);
#1839=ORIENTED_EDGE('',*,*,#4116,.T.);
#1840=ORIENTED_EDGE('',*,*,#4113,.T.);
#1841=ORIENTED_EDGE('',*,*,#3608,.F.);
#1842=ORIENTED_EDGE('',*,*,#4117,.F.);
#1843=ORIENTED_EDGE('',*,*,#4118,.T.);
#1844=ORIENTED_EDGE('',*,*,#4115,.T.);
#1845=ORIENTED_EDGE('',*,*,#3607,.T.);
#1846=ORIENTED_EDGE('',*,*,#4088,.F.);
#1847=ORIENTED_EDGE('',*,*,#4119,.F.);
#1848=ORIENTED_EDGE('',*,*,#4117,.T.);
#1849=ORIENTED_EDGE('',*,*,#4087,.T.);
#1850=ORIENTED_EDGE('',*,*,#4090,.T.);
#1851=ORIENTED_EDGE('',*,*,#4092,.F.);
#1852=ORIENTED_EDGE('',*,*,#4094,.F.);
#1853=ORIENTED_EDGE('',*,*,#4096,.T.);
#1854=ORIENTED_EDGE('',*,*,#4098,.T.);
#1855=ORIENTED_EDGE('',*,*,#4100,.T.);
#1856=ORIENTED_EDGE('',*,*,#4102,.F.);
#1857=ORIENTED_EDGE('',*,*,#4104,.F.);
#1858=ORIENTED_EDGE('',*,*,#4106,.T.);
#1859=ORIENTED_EDGE('',*,*,#4108,.F.);
#1860=ORIENTED_EDGE('',*,*,#4110,.T.);
#1861=ORIENTED_EDGE('',*,*,#4112,.F.);
#1862=ORIENTED_EDGE('',*,*,#4114,.T.);
#1863=ORIENTED_EDGE('',*,*,#4116,.F.);
#1864=ORIENTED_EDGE('',*,*,#4118,.F.);
#1865=ORIENTED_EDGE('',*,*,#4119,.T.);
#1866=ORIENTED_EDGE('',*,*,#3595,.T.);
#1867=ORIENTED_EDGE('',*,*,#4120,.F.);
#1868=ORIENTED_EDGE('',*,*,#4121,.F.);
#1869=ORIENTED_EDGE('',*,*,#4122,.T.);
#1870=ORIENTED_EDGE('',*,*,#3605,.T.);
#1871=ORIENTED_EDGE('',*,*,#4123,.F.);
#1872=ORIENTED_EDGE('',*,*,#4124,.F.);
#1873=ORIENTED_EDGE('',*,*,#4120,.T.);
#1874=ORIENTED_EDGE('',*,*,#3604,.T.);
#1875=ORIENTED_EDGE('',*,*,#4125,.F.);
#1876=ORIENTED_EDGE('',*,*,#4126,.F.);
#1877=ORIENTED_EDGE('',*,*,#4123,.T.);
#1878=ORIENTED_EDGE('',*,*,#3603,.F.);
#1879=ORIENTED_EDGE('',*,*,#4127,.F.);
#1880=ORIENTED_EDGE('',*,*,#4128,.T.);
#1881=ORIENTED_EDGE('',*,*,#4125,.T.);
#1882=ORIENTED_EDGE('',*,*,#3602,.F.);
#1883=ORIENTED_EDGE('',*,*,#4129,.F.);
#1884=ORIENTED_EDGE('',*,*,#4130,.T.);
#1885=ORIENTED_EDGE('',*,*,#4127,.T.);
#1886=ORIENTED_EDGE('',*,*,#3601,.T.);
#1887=ORIENTED_EDGE('',*,*,#4131,.F.);
#1888=ORIENTED_EDGE('',*,*,#4132,.F.);
#1889=ORIENTED_EDGE('',*,*,#4129,.T.);
#1890=ORIENTED_EDGE('',*,*,#3600,.T.);
#1891=ORIENTED_EDGE('',*,*,#4133,.F.);
#1892=ORIENTED_EDGE('',*,*,#4134,.F.);
#1893=ORIENTED_EDGE('',*,*,#4131,.T.);
#1894=ORIENTED_EDGE('',*,*,#3599,.F.);
#1895=ORIENTED_EDGE('',*,*,#4135,.F.);
#1896=ORIENTED_EDGE('',*,*,#4136,.T.);
#1897=ORIENTED_EDGE('',*,*,#4133,.T.);
#1898=ORIENTED_EDGE('',*,*,#3598,.F.);
#1899=ORIENTED_EDGE('',*,*,#4137,.F.);
#1900=ORIENTED_EDGE('',*,*,#4138,.T.);
#1901=ORIENTED_EDGE('',*,*,#4135,.T.);
#1902=ORIENTED_EDGE('',*,*,#3597,.T.);
#1903=ORIENTED_EDGE('',*,*,#4139,.F.);
#1904=ORIENTED_EDGE('',*,*,#4140,.F.);
#1905=ORIENTED_EDGE('',*,*,#4137,.T.);
#1906=ORIENTED_EDGE('',*,*,#3596,.F.);
#1907=ORIENTED_EDGE('',*,*,#4122,.F.);
#1908=ORIENTED_EDGE('',*,*,#4141,.T.);
#1909=ORIENTED_EDGE('',*,*,#4139,.T.);
#1910=ORIENTED_EDGE('',*,*,#4121,.T.);
#1911=ORIENTED_EDGE('',*,*,#4124,.T.);
#1912=ORIENTED_EDGE('',*,*,#4126,.T.);
#1913=ORIENTED_EDGE('',*,*,#4128,.F.);
#1914=ORIENTED_EDGE('',*,*,#4130,.F.);
#1915=ORIENTED_EDGE('',*,*,#4132,.T.);
#1916=ORIENTED_EDGE('',*,*,#4134,.T.);
#1917=ORIENTED_EDGE('',*,*,#4136,.F.);
#1918=ORIENTED_EDGE('',*,*,#4138,.F.);
#1919=ORIENTED_EDGE('',*,*,#4140,.T.);
#1920=ORIENTED_EDGE('',*,*,#4141,.F.);
#1921=ORIENTED_EDGE('',*,*,#4142,.T.);
#1922=ORIENTED_EDGE('',*,*,#4143,.F.);
#1923=ORIENTED_EDGE('',*,*,#4144,.F.);
#1924=ORIENTED_EDGE('',*,*,#4145,.T.);
#1925=ORIENTED_EDGE('',*,*,#4146,.T.);
#1926=ORIENTED_EDGE('',*,*,#4147,.F.);
#1927=ORIENTED_EDGE('',*,*,#4148,.F.);
#1928=ORIENTED_EDGE('',*,*,#4143,.T.);
#1929=ORIENTED_EDGE('',*,*,#4149,.T.);
#1930=ORIENTED_EDGE('',*,*,#4150,.F.);
#1931=ORIENTED_EDGE('',*,*,#4151,.F.);
#1932=ORIENTED_EDGE('',*,*,#4147,.T.);
#1933=ORIENTED_EDGE('',*,*,#3591,.T.);
#1934=ORIENTED_EDGE('',*,*,#4152,.F.);
#1935=ORIENTED_EDGE('',*,*,#4153,.F.);
#1936=ORIENTED_EDGE('',*,*,#4154,.T.);
#1937=ORIENTED_EDGE('',*,*,#3594,.T.);
#1938=ORIENTED_EDGE('',*,*,#4155,.F.);
#1939=ORIENTED_EDGE('',*,*,#4156,.F.);
#1940=ORIENTED_EDGE('',*,*,#4152,.T.);
#1941=ORIENTED_EDGE('',*,*,#3593,.T.);
#1942=ORIENTED_EDGE('',*,*,#4157,.F.);
#1943=ORIENTED_EDGE('',*,*,#4158,.F.);
#1944=ORIENTED_EDGE('',*,*,#4155,.T.);
#1945=ORIENTED_EDGE('',*,*,#3592,.T.);
#1946=ORIENTED_EDGE('',*,*,#4154,.F.);
#1947=ORIENTED_EDGE('',*,*,#4159,.F.);
#1948=ORIENTED_EDGE('',*,*,#4157,.T.);
#1949=ORIENTED_EDGE('',*,*,#4160,.T.);
#1950=ORIENTED_EDGE('',*,*,#4145,.F.);
#1951=ORIENTED_EDGE('',*,*,#4161,.F.);
#1952=ORIENTED_EDGE('',*,*,#4150,.T.);
#1953=ORIENTED_EDGE('',*,*,#4153,.T.);
#1954=ORIENTED_EDGE('',*,*,#4156,.T.);
#1955=ORIENTED_EDGE('',*,*,#4158,.T.);
#1956=ORIENTED_EDGE('',*,*,#4159,.T.);
#1957=ORIENTED_EDGE('',*,*,#4144,.T.);
#1958=ORIENTED_EDGE('',*,*,#4148,.T.);
#1959=ORIENTED_EDGE('',*,*,#4151,.T.);
#1960=ORIENTED_EDGE('',*,*,#4161,.T.);
#1961=ORIENTED_EDGE('',*,*,#3585,.T.);
#1962=ORIENTED_EDGE('',*,*,#4162,.F.);
#1963=ORIENTED_EDGE('',*,*,#4163,.F.);
#1964=ORIENTED_EDGE('',*,*,#4164,.T.);
#1965=ORIENTED_EDGE('',*,*,#3590,.F.);
#1966=ORIENTED_EDGE('',*,*,#4165,.F.);
#1967=ORIENTED_EDGE('',*,*,#4166,.T.);
#1968=ORIENTED_EDGE('',*,*,#4162,.T.);
#1969=ORIENTED_EDGE('',*,*,#3589,.F.);
#1970=ORIENTED_EDGE('',*,*,#4167,.F.);
#1971=ORIENTED_EDGE('',*,*,#4168,.T.);
#1972=ORIENTED_EDGE('',*,*,#4165,.T.);
#1973=ORIENTED_EDGE('',*,*,#3588,.T.);
#1974=ORIENTED_EDGE('',*,*,#4169,.F.);
#1975=ORIENTED_EDGE('',*,*,#4170,.F.);
#1976=ORIENTED_EDGE('',*,*,#4167,.T.);
#1977=ORIENTED_EDGE('',*,*,#3587,.F.);
#1978=ORIENTED_EDGE('',*,*,#4171,.F.);
#1979=ORIENTED_EDGE('',*,*,#4172,.T.);
#1980=ORIENTED_EDGE('',*,*,#4169,.T.);
#1981=ORIENTED_EDGE('',*,*,#3586,.F.);
#1982=ORIENTED_EDGE('',*,*,#4164,.F.);
#1983=ORIENTED_EDGE('',*,*,#4173,.T.);
#1984=ORIENTED_EDGE('',*,*,#4171,.T.);
#1985=ORIENTED_EDGE('',*,*,#4163,.T.);
#1986=ORIENTED_EDGE('',*,*,#4166,.F.);
#1987=ORIENTED_EDGE('',*,*,#4168,.F.);
#1988=ORIENTED_EDGE('',*,*,#4170,.T.);
#1989=ORIENTED_EDGE('',*,*,#4172,.F.);
#1990=ORIENTED_EDGE('',*,*,#4173,.F.);
#1991=ORIENTED_EDGE('',*,*,#4142,.F.);
#1992=ORIENTED_EDGE('',*,*,#4160,.F.);
#1993=ORIENTED_EDGE('',*,*,#4149,.F.);
#1994=ORIENTED_EDGE('',*,*,#4146,.F.);
#1995=ORIENTED_EDGE('',*,*,#4174,.T.);
#1996=ORIENTED_EDGE('',*,*,#4175,.F.);
#1997=ORIENTED_EDGE('',*,*,#4176,.F.);
#1998=ORIENTED_EDGE('',*,*,#4177,.T.);
#1999=ORIENTED_EDGE('',*,*,#4178,.F.);
#2000=ORIENTED_EDGE('',*,*,#4179,.F.);
#2001=ORIENTED_EDGE('',*,*,#4180,.T.);
#2002=ORIENTED_EDGE('',*,*,#4175,.T.);
#2003=ORIENTED_EDGE('',*,*,#4181,.F.);
#2004=ORIENTED_EDGE('',*,*,#3999,.F.);
#2005=ORIENTED_EDGE('',*,*,#4182,.T.);
#2006=ORIENTED_EDGE('',*,*,#4179,.T.);
#2007=ORIENTED_EDGE('',*,*,#4183,.T.);
#2008=ORIENTED_EDGE('',*,*,#3936,.T.);
#2009=ORIENTED_EDGE('',*,*,#4184,.F.);
#2010=ORIENTED_EDGE('',*,*,#4177,.F.);
#2011=ORIENTED_EDGE('',*,*,#4185,.F.);
#2012=ORIENTED_EDGE('',*,*,#4176,.T.);
#2013=ORIENTED_EDGE('',*,*,#4180,.F.);
#2014=ORIENTED_EDGE('',*,*,#4182,.F.);
#2015=ORIENTED_EDGE('',*,*,#3998,.F.);
#2016=ORIENTED_EDGE('',*,*,#4183,.F.);
#2017=ORIENTED_EDGE('',*,*,#4186,.F.);
#2018=ORIENTED_EDGE('',*,*,#4174,.F.);
#2019=ORIENTED_EDGE('',*,*,#4184,.T.);
#2020=ORIENTED_EDGE('',*,*,#4000,.T.);
#2021=ORIENTED_EDGE('',*,*,#4181,.T.);
#2022=ORIENTED_EDGE('',*,*,#4178,.T.);
#2023=ORIENTED_EDGE('',*,*,#4187,.T.);
#2024=ORIENTED_EDGE('',*,*,#4188,.F.);
#2025=ORIENTED_EDGE('',*,*,#4189,.F.);
#2026=ORIENTED_EDGE('',*,*,#4190,.T.);
#2027=ORIENTED_EDGE('',*,*,#4191,.F.);
#2028=ORIENTED_EDGE('',*,*,#4192,.F.);
#2029=ORIENTED_EDGE('',*,*,#4193,.T.);
#2030=ORIENTED_EDGE('',*,*,#4188,.T.);
#2031=ORIENTED_EDGE('',*,*,#4194,.F.);
#2032=ORIENTED_EDGE('',*,*,#4002,.F.);
#2033=ORIENTED_EDGE('',*,*,#4195,.T.);
#2034=ORIENTED_EDGE('',*,*,#4192,.T.);
#2035=ORIENTED_EDGE('',*,*,#4196,.T.);
#2036=ORIENTED_EDGE('',*,*,#3934,.T.);
#2037=ORIENTED_EDGE('',*,*,#4197,.F.);
#2038=ORIENTED_EDGE('',*,*,#4190,.F.);
#2039=ORIENTED_EDGE('',*,*,#4198,.T.);
#2040=ORIENTED_EDGE('',*,*,#4189,.T.);
#2041=ORIENTED_EDGE('',*,*,#4193,.F.);
#2042=ORIENTED_EDGE('',*,*,#4195,.F.);
#2043=ORIENTED_EDGE('',*,*,#4001,.F.);
#2044=ORIENTED_EDGE('',*,*,#4196,.F.);
#2045=ORIENTED_EDGE('',*,*,#4199,.F.);
#2046=ORIENTED_EDGE('',*,*,#4187,.F.);
#2047=ORIENTED_EDGE('',*,*,#4197,.T.);
#2048=ORIENTED_EDGE('',*,*,#3992,.T.);
#2049=ORIENTED_EDGE('',*,*,#4194,.T.);
#2050=ORIENTED_EDGE('',*,*,#4191,.T.);
#2051=ORIENTED_EDGE('',*,*,#4185,.T.);
#2052=ORIENTED_EDGE('',*,*,#4199,.T.);
#2053=ORIENTED_EDGE('',*,*,#4200,.T.);
#2054=ORIENTED_EDGE('',*,*,#4198,.F.);
#2055=ORIENTED_EDGE('',*,*,#4200,.F.);
#2056=ORIENTED_EDGE('',*,*,#4201,.F.);
#2057=ORIENTED_EDGE('',*,*,#4186,.T.);
#2058=ORIENTED_EDGE('',*,*,#4201,.T.);
#2059=ORIENTED_EDGE('',*,*,#3580,.T.);
#2060=ORIENTED_EDGE('',*,*,#3583,.T.);
#2061=ORIENTED_EDGE('',*,*,#4202,.F.);
#2062=ORIENTED_EDGE('',*,*,#4027,.F.);
#2063=ORIENTED_EDGE('',*,*,#4021,.F.);
#2064=ORIENTED_EDGE('',*,*,#4024,.T.);
#2065=ORIENTED_EDGE('',*,*,#4028,.F.);
#2066=ORIENTED_EDGE('',*,*,#4202,.T.);
#2067=ORIENTED_EDGE('',*,*,#3584,.T.);
#2068=ORIENTED_EDGE('',*,*,#3578,.F.);
#2069=ORIENTED_EDGE('',*,*,#4020,.T.);
#2070=ORIENTED_EDGE('',*,*,#3575,.T.);
#2071=ORIENTED_EDGE('',*,*,#4203,.F.);
#2072=ORIENTED_EDGE('',*,*,#3570,.T.);
#2073=ORIENTED_EDGE('',*,*,#4017,.F.);
#2074=ORIENTED_EDGE('',*,*,#3571,.F.);
#2075=ORIENTED_EDGE('',*,*,#4203,.T.);
#2076=ORIENTED_EDGE('',*,*,#3574,.F.);
#2077=ORIENTED_EDGE('',*,*,#4019,.F.);
#2078=ORIENTED_EDGE('',*,*,#3566,.F.);
#2079=ORIENTED_EDGE('',*,*,#4204,.F.);
#2080=ORIENTED_EDGE('',*,*,#4205,.T.);
#2081=ORIENTED_EDGE('',*,*,#4206,.T.);
#2082=ORIENTED_EDGE('',*,*,#4207,.F.);
#2083=ORIENTED_EDGE('',*,*,#4208,.F.);
#2084=ORIENTED_EDGE('',*,*,#4209,.T.);
#2085=ORIENTED_EDGE('',*,*,#4210,.T.);
#2086=ORIENTED_EDGE('',*,*,#4211,.F.);
#2087=ORIENTED_EDGE('',*,*,#4212,.T.);
#2088=ORIENTED_EDGE('',*,*,#4213,.T.);
#2089=ORIENTED_EDGE('',*,*,#4214,.F.);
#2090=ORIENTED_EDGE('',*,*,#4215,.F.);
#2091=ORIENTED_EDGE('',*,*,#4216,.T.);
#2092=ORIENTED_EDGE('',*,*,#4217,.T.);
#2093=ORIENTED_EDGE('',*,*,#4218,.F.);
#2094=ORIENTED_EDGE('',*,*,#4219,.T.);
#2095=ORIENTED_EDGE('',*,*,#4220,.T.);
#2096=ORIENTED_EDGE('',*,*,#4221,.T.);
#2097=ORIENTED_EDGE('',*,*,#4222,.F.);
#2098=ORIENTED_EDGE('',*,*,#4223,.T.);
#2099=ORIENTED_EDGE('',*,*,#4224,.F.);
#2100=ORIENTED_EDGE('',*,*,#4225,.F.);
#2101=ORIENTED_EDGE('',*,*,#4226,.T.);
#2102=ORIENTED_EDGE('',*,*,#4227,.T.);
#2103=ORIENTED_EDGE('',*,*,#4228,.F.);
#2104=ORIENTED_EDGE('',*,*,#4229,.T.);
#2105=ORIENTED_EDGE('',*,*,#4230,.T.);
#2106=ORIENTED_EDGE('',*,*,#4231,.F.);
#2107=ORIENTED_EDGE('',*,*,#4232,.F.);
#2108=ORIENTED_EDGE('',*,*,#4233,.T.);
#2109=ORIENTED_EDGE('',*,*,#4234,.F.);
#2110=ORIENTED_EDGE('',*,*,#4235,.F.);
#2111=ORIENTED_EDGE('',*,*,#4236,.F.);
#2112=ORIENTED_EDGE('',*,*,#4237,.F.);
#2113=ORIENTED_EDGE('',*,*,#4238,.T.);
#2114=ORIENTED_EDGE('',*,*,#4239,.T.);
#2115=ORIENTED_EDGE('',*,*,#4240,.F.);
#2116=ORIENTED_EDGE('',*,*,#4241,.T.);
#2117=ORIENTED_EDGE('',*,*,#4242,.F.);
#2118=ORIENTED_EDGE('',*,*,#4243,.F.);
#2119=ORIENTED_EDGE('',*,*,#4244,.T.);
#2120=ORIENTED_EDGE('',*,*,#4245,.F.);
#2121=ORIENTED_EDGE('',*,*,#4246,.T.);
#2122=ORIENTED_EDGE('',*,*,#4247,.F.);
#2123=ORIENTED_EDGE('',*,*,#4248,.F.);
#2124=ORIENTED_EDGE('',*,*,#4249,.T.);
#2125=ORIENTED_EDGE('',*,*,#4250,.T.);
#2126=ORIENTED_EDGE('',*,*,#4251,.F.);
#2127=ORIENTED_EDGE('',*,*,#4252,.T.);
#2128=ORIENTED_EDGE('',*,*,#4253,.F.);
#2129=ORIENTED_EDGE('',*,*,#4254,.T.);
#2130=ORIENTED_EDGE('',*,*,#4255,.F.);
#2131=ORIENTED_EDGE('',*,*,#4256,.T.);
#2132=ORIENTED_EDGE('',*,*,#4257,.F.);
#2133=ORIENTED_EDGE('',*,*,#4258,.T.);
#2134=ORIENTED_EDGE('',*,*,#4259,.F.);
#2135=ORIENTED_EDGE('',*,*,#4260,.F.);
#2136=ORIENTED_EDGE('',*,*,#4261,.T.);
#2137=ORIENTED_EDGE('',*,*,#4262,.F.);
#2138=ORIENTED_EDGE('',*,*,#4263,.F.);
#2139=ORIENTED_EDGE('',*,*,#4264,.T.);
#2140=ORIENTED_EDGE('',*,*,#4265,.F.);
#2141=ORIENTED_EDGE('',*,*,#4266,.T.);
#2142=ORIENTED_EDGE('',*,*,#4267,.F.);
#2143=ORIENTED_EDGE('',*,*,#4268,.F.);
#2144=ORIENTED_EDGE('',*,*,#4269,.T.);
#2145=ORIENTED_EDGE('',*,*,#4270,.T.);
#2146=ORIENTED_EDGE('',*,*,#4271,.T.);
#2147=ORIENTED_EDGE('',*,*,#4272,.T.);
#2148=ORIENTED_EDGE('',*,*,#4273,.F.);
#2149=ORIENTED_EDGE('',*,*,#4274,.F.);
#2150=ORIENTED_EDGE('',*,*,#4275,.T.);
#2151=ORIENTED_EDGE('',*,*,#4276,.T.);
#2152=ORIENTED_EDGE('',*,*,#4277,.T.);
#2153=ORIENTED_EDGE('',*,*,#4278,.F.);
#2154=ORIENTED_EDGE('',*,*,#4279,.F.);
#2155=ORIENTED_EDGE('',*,*,#4280,.T.);
#2156=ORIENTED_EDGE('',*,*,#4281,.T.);
#2157=ORIENTED_EDGE('',*,*,#4282,.T.);
#2158=ORIENTED_EDGE('',*,*,#4283,.T.);
#2159=ORIENTED_EDGE('',*,*,#4284,.F.);
#2160=ORIENTED_EDGE('',*,*,#4285,.F.);
#2161=ORIENTED_EDGE('',*,*,#4286,.T.);
#2162=ORIENTED_EDGE('',*,*,#4287,.T.);
#2163=ORIENTED_EDGE('',*,*,#4288,.T.);
#2164=ORIENTED_EDGE('',*,*,#4289,.F.);
#2165=ORIENTED_EDGE('',*,*,#4290,.F.);
#2166=ORIENTED_EDGE('',*,*,#4285,.T.);
#2167=ORIENTED_EDGE('',*,*,#4291,.T.);
#2168=ORIENTED_EDGE('',*,*,#4292,.F.);
#2169=ORIENTED_EDGE('',*,*,#4293,.F.);
#2170=ORIENTED_EDGE('',*,*,#4289,.T.);
#2171=ORIENTED_EDGE('',*,*,#4294,.T.);
#2172=ORIENTED_EDGE('',*,*,#4295,.F.);
#2173=ORIENTED_EDGE('',*,*,#4296,.F.);
#2174=ORIENTED_EDGE('',*,*,#4292,.T.);
#2175=ORIENTED_EDGE('',*,*,#4297,.T.);
#2176=ORIENTED_EDGE('',*,*,#4298,.F.);
#2177=ORIENTED_EDGE('',*,*,#4299,.F.);
#2178=ORIENTED_EDGE('',*,*,#4295,.T.);
#2179=ORIENTED_EDGE('',*,*,#4300,.T.);
#2180=ORIENTED_EDGE('',*,*,#4301,.F.);
#2181=ORIENTED_EDGE('',*,*,#4302,.F.);
#2182=ORIENTED_EDGE('',*,*,#4298,.T.);
#2183=ORIENTED_EDGE('',*,*,#4303,.T.);
#2184=ORIENTED_EDGE('',*,*,#4304,.F.);
#2185=ORIENTED_EDGE('',*,*,#4305,.F.);
#2186=ORIENTED_EDGE('',*,*,#4301,.T.);
#2187=ORIENTED_EDGE('',*,*,#4306,.T.);
#2188=ORIENTED_EDGE('',*,*,#4307,.F.);
#2189=ORIENTED_EDGE('',*,*,#4308,.F.);
#2190=ORIENTED_EDGE('',*,*,#4304,.T.);
#2191=ORIENTED_EDGE('',*,*,#4309,.T.);
#2192=ORIENTED_EDGE('',*,*,#4310,.F.);
#2193=ORIENTED_EDGE('',*,*,#4311,.F.);
#2194=ORIENTED_EDGE('',*,*,#4307,.T.);
#2195=ORIENTED_EDGE('',*,*,#4312,.T.);
#2196=ORIENTED_EDGE('',*,*,#4313,.F.);
#2197=ORIENTED_EDGE('',*,*,#4314,.F.);
#2198=ORIENTED_EDGE('',*,*,#4310,.T.);
#2199=ORIENTED_EDGE('',*,*,#4315,.T.);
#2200=ORIENTED_EDGE('',*,*,#4316,.F.);
#2201=ORIENTED_EDGE('',*,*,#4317,.F.);
#2202=ORIENTED_EDGE('',*,*,#4313,.T.);
#2203=ORIENTED_EDGE('',*,*,#4318,.T.);
#2204=ORIENTED_EDGE('',*,*,#4319,.F.);
#2205=ORIENTED_EDGE('',*,*,#4320,.F.);
#2206=ORIENTED_EDGE('',*,*,#4316,.T.);
#2207=ORIENTED_EDGE('',*,*,#4321,.T.);
#2208=ORIENTED_EDGE('',*,*,#4322,.F.);
#2209=ORIENTED_EDGE('',*,*,#4323,.F.);
#2210=ORIENTED_EDGE('',*,*,#4319,.T.);
#2211=ORIENTED_EDGE('',*,*,#4324,.T.);
#2212=ORIENTED_EDGE('',*,*,#4325,.F.);
#2213=ORIENTED_EDGE('',*,*,#4326,.F.);
#2214=ORIENTED_EDGE('',*,*,#4322,.T.);
#2215=ORIENTED_EDGE('',*,*,#4327,.T.);
#2216=ORIENTED_EDGE('',*,*,#4328,.F.);
#2217=ORIENTED_EDGE('',*,*,#4329,.F.);
#2218=ORIENTED_EDGE('',*,*,#4325,.T.);
#2219=ORIENTED_EDGE('',*,*,#4330,.T.);
#2220=ORIENTED_EDGE('',*,*,#4331,.F.);
#2221=ORIENTED_EDGE('',*,*,#4332,.F.);
#2222=ORIENTED_EDGE('',*,*,#4328,.T.);
#2223=ORIENTED_EDGE('',*,*,#4333,.T.);
#2224=ORIENTED_EDGE('',*,*,#4334,.F.);
#2225=ORIENTED_EDGE('',*,*,#4335,.F.);
#2226=ORIENTED_EDGE('',*,*,#4331,.T.);
#2227=ORIENTED_EDGE('',*,*,#4336,.T.);
#2228=ORIENTED_EDGE('',*,*,#4337,.F.);
#2229=ORIENTED_EDGE('',*,*,#4338,.F.);
#2230=ORIENTED_EDGE('',*,*,#4334,.T.);
#2231=ORIENTED_EDGE('',*,*,#4339,.T.);
#2232=ORIENTED_EDGE('',*,*,#4340,.F.);
#2233=ORIENTED_EDGE('',*,*,#4341,.F.);
#2234=ORIENTED_EDGE('',*,*,#4337,.T.);
#2235=ORIENTED_EDGE('',*,*,#4342,.T.);
#2236=ORIENTED_EDGE('',*,*,#4343,.F.);
#2237=ORIENTED_EDGE('',*,*,#4344,.F.);
#2238=ORIENTED_EDGE('',*,*,#4340,.T.);
#2239=ORIENTED_EDGE('',*,*,#4345,.T.);
#2240=ORIENTED_EDGE('',*,*,#4346,.F.);
#2241=ORIENTED_EDGE('',*,*,#4347,.F.);
#2242=ORIENTED_EDGE('',*,*,#4343,.T.);
#2243=ORIENTED_EDGE('',*,*,#4348,.T.);
#2244=ORIENTED_EDGE('',*,*,#4349,.F.);
#2245=ORIENTED_EDGE('',*,*,#4350,.F.);
#2246=ORIENTED_EDGE('',*,*,#4346,.T.);
#2247=ORIENTED_EDGE('',*,*,#4351,.T.);
#2248=ORIENTED_EDGE('',*,*,#4352,.F.);
#2249=ORIENTED_EDGE('',*,*,#4353,.F.);
#2250=ORIENTED_EDGE('',*,*,#4349,.T.);
#2251=ORIENTED_EDGE('',*,*,#4354,.T.);
#2252=ORIENTED_EDGE('',*,*,#4355,.F.);
#2253=ORIENTED_EDGE('',*,*,#4356,.F.);
#2254=ORIENTED_EDGE('',*,*,#4352,.T.);
#2255=ORIENTED_EDGE('',*,*,#4357,.F.);
#2256=ORIENTED_EDGE('',*,*,#4358,.F.);
#2257=ORIENTED_EDGE('',*,*,#4359,.T.);
#2258=ORIENTED_EDGE('',*,*,#4355,.T.);
#2259=ORIENTED_EDGE('',*,*,#4360,.F.);
#2260=ORIENTED_EDGE('',*,*,#4361,.F.);
#2261=ORIENTED_EDGE('',*,*,#4362,.T.);
#2262=ORIENTED_EDGE('',*,*,#4358,.T.);
#2263=ORIENTED_EDGE('',*,*,#4363,.F.);
#2264=ORIENTED_EDGE('',*,*,#4364,.F.);
#2265=ORIENTED_EDGE('',*,*,#4365,.T.);
#2266=ORIENTED_EDGE('',*,*,#4361,.T.);
#2267=ORIENTED_EDGE('',*,*,#4366,.F.);
#2268=ORIENTED_EDGE('',*,*,#4367,.F.);
#2269=ORIENTED_EDGE('',*,*,#4368,.T.);
#2270=ORIENTED_EDGE('',*,*,#4364,.T.);
#2271=ORIENTED_EDGE('',*,*,#4369,.F.);
#2272=ORIENTED_EDGE('',*,*,#4370,.F.);
#2273=ORIENTED_EDGE('',*,*,#4371,.T.);
#2274=ORIENTED_EDGE('',*,*,#4367,.T.);
#2275=ORIENTED_EDGE('',*,*,#4372,.F.);
#2276=ORIENTED_EDGE('',*,*,#4373,.F.);
#2277=ORIENTED_EDGE('',*,*,#4374,.T.);
#2278=ORIENTED_EDGE('',*,*,#4370,.T.);
#2279=ORIENTED_EDGE('',*,*,#4375,.F.);
#2280=ORIENTED_EDGE('',*,*,#4376,.F.);
#2281=ORIENTED_EDGE('',*,*,#4377,.T.);
#2282=ORIENTED_EDGE('',*,*,#4373,.T.);
#2283=ORIENTED_EDGE('',*,*,#4378,.F.);
#2284=ORIENTED_EDGE('',*,*,#4379,.F.);
#2285=ORIENTED_EDGE('',*,*,#4380,.T.);
#2286=ORIENTED_EDGE('',*,*,#4376,.T.);
#2287=ORIENTED_EDGE('',*,*,#4381,.F.);
#2288=ORIENTED_EDGE('',*,*,#4287,.F.);
#2289=ORIENTED_EDGE('',*,*,#4382,.T.);
#2290=ORIENTED_EDGE('',*,*,#4379,.T.);
#2291=ORIENTED_EDGE('',*,*,#4383,.F.);
#2292=ORIENTED_EDGE('',*,*,#4384,.T.);
#2293=ORIENTED_EDGE('',*,*,#4385,.T.);
#2294=ORIENTED_EDGE('',*,*,#4386,.F.);
#2295=ORIENTED_EDGE('',*,*,#4387,.T.);
#2296=ORIENTED_EDGE('',*,*,#4388,.F.);
#2297=ORIENTED_EDGE('',*,*,#4389,.T.);
#2298=ORIENTED_EDGE('',*,*,#4390,.T.);
#2299=ORIENTED_EDGE('',*,*,#4391,.F.);
#2300=ORIENTED_EDGE('',*,*,#4392,.T.);
#2301=ORIENTED_EDGE('',*,*,#4393,.T.);
#2302=ORIENTED_EDGE('',*,*,#4394,.F.);
#2303=ORIENTED_EDGE('',*,*,#4395,.T.);
#2304=ORIENTED_EDGE('',*,*,#4396,.F.);
#2305=ORIENTED_EDGE('',*,*,#4397,.T.);
#2306=ORIENTED_EDGE('',*,*,#4398,.F.);
#2307=ORIENTED_EDGE('',*,*,#4399,.T.);
#2308=ORIENTED_EDGE('',*,*,#4400,.F.);
#2309=ORIENTED_EDGE('',*,*,#4401,.T.);
#2310=ORIENTED_EDGE('',*,*,#4402,.F.);
#2311=ORIENTED_EDGE('',*,*,#4403,.F.);
#2312=ORIENTED_EDGE('',*,*,#4404,.T.);
#2313=ORIENTED_EDGE('',*,*,#4405,.T.);
#2314=ORIENTED_EDGE('',*,*,#4406,.F.);
#2315=ORIENTED_EDGE('',*,*,#4407,.T.);
#2316=ORIENTED_EDGE('',*,*,#4408,.F.);
#2317=ORIENTED_EDGE('',*,*,#4409,.T.);
#2318=ORIENTED_EDGE('',*,*,#4410,.T.);
#2319=ORIENTED_EDGE('',*,*,#4284,.T.);
#2320=ORIENTED_EDGE('',*,*,#4381,.T.);
#2321=ORIENTED_EDGE('',*,*,#4378,.T.);
#2322=ORIENTED_EDGE('',*,*,#4375,.T.);
#2323=ORIENTED_EDGE('',*,*,#4372,.T.);
#2324=ORIENTED_EDGE('',*,*,#4369,.T.);
#2325=ORIENTED_EDGE('',*,*,#4366,.T.);
#2326=ORIENTED_EDGE('',*,*,#4363,.T.);
#2327=ORIENTED_EDGE('',*,*,#4360,.T.);
#2328=ORIENTED_EDGE('',*,*,#4357,.T.);
#2329=ORIENTED_EDGE('',*,*,#4354,.F.);
#2330=ORIENTED_EDGE('',*,*,#4351,.F.);
#2331=ORIENTED_EDGE('',*,*,#4348,.F.);
#2332=ORIENTED_EDGE('',*,*,#4345,.F.);
#2333=ORIENTED_EDGE('',*,*,#4342,.F.);
#2334=ORIENTED_EDGE('',*,*,#4339,.F.);
#2335=ORIENTED_EDGE('',*,*,#4336,.F.);
#2336=ORIENTED_EDGE('',*,*,#4333,.F.);
#2337=ORIENTED_EDGE('',*,*,#4330,.F.);
#2338=ORIENTED_EDGE('',*,*,#4327,.F.);
#2339=ORIENTED_EDGE('',*,*,#4324,.F.);
#2340=ORIENTED_EDGE('',*,*,#4321,.F.);
#2341=ORIENTED_EDGE('',*,*,#4318,.F.);
#2342=ORIENTED_EDGE('',*,*,#4315,.F.);
#2343=ORIENTED_EDGE('',*,*,#4312,.F.);
#2344=ORIENTED_EDGE('',*,*,#4309,.F.);
#2345=ORIENTED_EDGE('',*,*,#4306,.F.);
#2346=ORIENTED_EDGE('',*,*,#4303,.F.);
#2347=ORIENTED_EDGE('',*,*,#4300,.F.);
#2348=ORIENTED_EDGE('',*,*,#4297,.F.);
#2349=ORIENTED_EDGE('',*,*,#4294,.F.);
#2350=ORIENTED_EDGE('',*,*,#4291,.F.);
#2351=ORIENTED_EDGE('',*,*,#4288,.F.);
#2352=ORIENTED_EDGE('',*,*,#4353,.T.);
#2353=ORIENTED_EDGE('',*,*,#4356,.T.);
#2354=ORIENTED_EDGE('',*,*,#4359,.F.);
#2355=ORIENTED_EDGE('',*,*,#4362,.F.);
#2356=ORIENTED_EDGE('',*,*,#4365,.F.);
#2357=ORIENTED_EDGE('',*,*,#4368,.F.);
#2358=ORIENTED_EDGE('',*,*,#4371,.F.);
#2359=ORIENTED_EDGE('',*,*,#4374,.F.);
#2360=ORIENTED_EDGE('',*,*,#4377,.F.);
#2361=ORIENTED_EDGE('',*,*,#4380,.F.);
#2362=ORIENTED_EDGE('',*,*,#4382,.F.);
#2363=ORIENTED_EDGE('',*,*,#4286,.F.);
#2364=ORIENTED_EDGE('',*,*,#4290,.T.);
#2365=ORIENTED_EDGE('',*,*,#4293,.T.);
#2366=ORIENTED_EDGE('',*,*,#4296,.T.);
#2367=ORIENTED_EDGE('',*,*,#4299,.T.);
#2368=ORIENTED_EDGE('',*,*,#4302,.T.);
#2369=ORIENTED_EDGE('',*,*,#4305,.T.);
#2370=ORIENTED_EDGE('',*,*,#4308,.T.);
#2371=ORIENTED_EDGE('',*,*,#4311,.T.);
#2372=ORIENTED_EDGE('',*,*,#4314,.T.);
#2373=ORIENTED_EDGE('',*,*,#4317,.T.);
#2374=ORIENTED_EDGE('',*,*,#4320,.T.);
#2375=ORIENTED_EDGE('',*,*,#4323,.T.);
#2376=ORIENTED_EDGE('',*,*,#4326,.T.);
#2377=ORIENTED_EDGE('',*,*,#4329,.T.);
#2378=ORIENTED_EDGE('',*,*,#4332,.T.);
#2379=ORIENTED_EDGE('',*,*,#4335,.T.);
#2380=ORIENTED_EDGE('',*,*,#4338,.T.);
#2381=ORIENTED_EDGE('',*,*,#4341,.T.);
#2382=ORIENTED_EDGE('',*,*,#4344,.T.);
#2383=ORIENTED_EDGE('',*,*,#4347,.T.);
#2384=ORIENTED_EDGE('',*,*,#4350,.T.);
#2385=ORIENTED_EDGE('',*,*,#4384,.F.);
#2386=ORIENTED_EDGE('',*,*,#4411,.F.);
#2387=ORIENTED_EDGE('',*,*,#4240,.T.);
#2388=ORIENTED_EDGE('',*,*,#4412,.T.);
#2389=ORIENTED_EDGE('',*,*,#4385,.F.);
#2390=ORIENTED_EDGE('',*,*,#4412,.F.);
#2391=ORIENTED_EDGE('',*,*,#4267,.T.);
#2392=ORIENTED_EDGE('',*,*,#4413,.T.);
#2393=ORIENTED_EDGE('',*,*,#4386,.T.);
#2394=ORIENTED_EDGE('',*,*,#4413,.F.);
#2395=ORIENTED_EDGE('',*,*,#4266,.F.);
#2396=ORIENTED_EDGE('',*,*,#4414,.T.);
#2397=ORIENTED_EDGE('',*,*,#4387,.F.);
#2398=ORIENTED_EDGE('',*,*,#4414,.F.);
#2399=ORIENTED_EDGE('',*,*,#4265,.T.);
#2400=ORIENTED_EDGE('',*,*,#4415,.T.);
#2401=ORIENTED_EDGE('',*,*,#4388,.T.);
#2402=ORIENTED_EDGE('',*,*,#4415,.F.);
#2403=ORIENTED_EDGE('',*,*,#4264,.F.);
#2404=ORIENTED_EDGE('',*,*,#4416,.T.);
#2405=ORIENTED_EDGE('',*,*,#4389,.F.);
#2406=ORIENTED_EDGE('',*,*,#4416,.F.);
#2407=ORIENTED_EDGE('',*,*,#4263,.T.);
#2408=ORIENTED_EDGE('',*,*,#4417,.T.);
#2409=ORIENTED_EDGE('',*,*,#4390,.F.);
#2410=ORIENTED_EDGE('',*,*,#4417,.F.);
#2411=ORIENTED_EDGE('',*,*,#4262,.T.);
#2412=ORIENTED_EDGE('',*,*,#4418,.T.);
#2413=ORIENTED_EDGE('',*,*,#4391,.T.);
#2414=ORIENTED_EDGE('',*,*,#4418,.F.);
#2415=ORIENTED_EDGE('',*,*,#4261,.F.);
#2416=ORIENTED_EDGE('',*,*,#4419,.T.);
#2417=ORIENTED_EDGE('',*,*,#4392,.F.);
#2418=ORIENTED_EDGE('',*,*,#4419,.F.);
#2419=ORIENTED_EDGE('',*,*,#4260,.T.);
#2420=ORIENTED_EDGE('',*,*,#4420,.T.);
#2421=ORIENTED_EDGE('',*,*,#4393,.F.);
#2422=ORIENTED_EDGE('',*,*,#4420,.F.);
#2423=ORIENTED_EDGE('',*,*,#4259,.T.);
#2424=ORIENTED_EDGE('',*,*,#4421,.T.);
#2425=ORIENTED_EDGE('',*,*,#4394,.T.);
#2426=ORIENTED_EDGE('',*,*,#4421,.F.);
#2427=ORIENTED_EDGE('',*,*,#4258,.F.);
#2428=ORIENTED_EDGE('',*,*,#4422,.T.);
#2429=ORIENTED_EDGE('',*,*,#4395,.F.);
#2430=ORIENTED_EDGE('',*,*,#4422,.F.);
#2431=ORIENTED_EDGE('',*,*,#4257,.T.);
#2432=ORIENTED_EDGE('',*,*,#4423,.T.);
#2433=ORIENTED_EDGE('',*,*,#4396,.T.);
#2434=ORIENTED_EDGE('',*,*,#4423,.F.);
#2435=ORIENTED_EDGE('',*,*,#4256,.F.);
#2436=ORIENTED_EDGE('',*,*,#4424,.T.);
#2437=ORIENTED_EDGE('',*,*,#4397,.F.);
#2438=ORIENTED_EDGE('',*,*,#4424,.F.);
#2439=ORIENTED_EDGE('',*,*,#4255,.T.);
#2440=ORIENTED_EDGE('',*,*,#4425,.T.);
#2441=ORIENTED_EDGE('',*,*,#4398,.T.);
#2442=ORIENTED_EDGE('',*,*,#4425,.F.);
#2443=ORIENTED_EDGE('',*,*,#4254,.F.);
#2444=ORIENTED_EDGE('',*,*,#4426,.T.);
#2445=ORIENTED_EDGE('',*,*,#4399,.F.);
#2446=ORIENTED_EDGE('',*,*,#4426,.F.);
#2447=ORIENTED_EDGE('',*,*,#4253,.T.);
#2448=ORIENTED_EDGE('',*,*,#4427,.T.);
#2449=ORIENTED_EDGE('',*,*,#4400,.T.);
#2450=ORIENTED_EDGE('',*,*,#4427,.F.);
#2451=ORIENTED_EDGE('',*,*,#4252,.F.);
#2452=ORIENTED_EDGE('',*,*,#4428,.T.);
#2453=ORIENTED_EDGE('',*,*,#4401,.F.);
#2454=ORIENTED_EDGE('',*,*,#4428,.F.);
#2455=ORIENTED_EDGE('',*,*,#4251,.T.);
#2456=ORIENTED_EDGE('',*,*,#4429,.T.);
#2457=ORIENTED_EDGE('',*,*,#4402,.T.);
#2458=ORIENTED_EDGE('',*,*,#4429,.F.);
#2459=ORIENTED_EDGE('',*,*,#4250,.F.);
#2460=ORIENTED_EDGE('',*,*,#4430,.T.);
#2461=ORIENTED_EDGE('',*,*,#4403,.T.);
#2462=ORIENTED_EDGE('',*,*,#4430,.F.);
#2463=ORIENTED_EDGE('',*,*,#4249,.F.);
#2464=ORIENTED_EDGE('',*,*,#4431,.T.);
#2465=ORIENTED_EDGE('',*,*,#4404,.F.);
#2466=ORIENTED_EDGE('',*,*,#4431,.F.);
#2467=ORIENTED_EDGE('',*,*,#4248,.T.);
#2468=ORIENTED_EDGE('',*,*,#4432,.T.);
#2469=ORIENTED_EDGE('',*,*,#4405,.F.);
#2470=ORIENTED_EDGE('',*,*,#4432,.F.);
#2471=ORIENTED_EDGE('',*,*,#4247,.T.);
#2472=ORIENTED_EDGE('',*,*,#4433,.T.);
#2473=ORIENTED_EDGE('',*,*,#4406,.T.);
#2474=ORIENTED_EDGE('',*,*,#4433,.F.);
#2475=ORIENTED_EDGE('',*,*,#4246,.F.);
#2476=ORIENTED_EDGE('',*,*,#4434,.T.);
#2477=ORIENTED_EDGE('',*,*,#4407,.F.);
#2478=ORIENTED_EDGE('',*,*,#4434,.F.);
#2479=ORIENTED_EDGE('',*,*,#4245,.T.);
#2480=ORIENTED_EDGE('',*,*,#4435,.T.);
#2481=ORIENTED_EDGE('',*,*,#4408,.T.);
#2482=ORIENTED_EDGE('',*,*,#4435,.F.);
#2483=ORIENTED_EDGE('',*,*,#4244,.F.);
#2484=ORIENTED_EDGE('',*,*,#4436,.T.);
#2485=ORIENTED_EDGE('',*,*,#4409,.F.);
#2486=ORIENTED_EDGE('',*,*,#4436,.F.);
#2487=ORIENTED_EDGE('',*,*,#4243,.T.);
#2488=ORIENTED_EDGE('',*,*,#4437,.T.);
#2489=ORIENTED_EDGE('',*,*,#4410,.F.);
#2490=ORIENTED_EDGE('',*,*,#4437,.F.);
#2491=ORIENTED_EDGE('',*,*,#4242,.T.);
#2492=ORIENTED_EDGE('',*,*,#4438,.T.);
#2493=ORIENTED_EDGE('',*,*,#4383,.T.);
#2494=ORIENTED_EDGE('',*,*,#4438,.F.);
#2495=ORIENTED_EDGE('',*,*,#4241,.F.);
#2496=ORIENTED_EDGE('',*,*,#4411,.T.);
#2497=ORIENTED_EDGE('',*,*,#4268,.T.);
#2498=ORIENTED_EDGE('',*,*,#4439,.F.);
#2499=ORIENTED_EDGE('',*,*,#4440,.F.);
#2500=ORIENTED_EDGE('',*,*,#4441,.T.);
#2501=ORIENTED_EDGE('',*,*,#4283,.F.);
#2502=ORIENTED_EDGE('',*,*,#4442,.F.);
#2503=ORIENTED_EDGE('',*,*,#4443,.T.);
#2504=ORIENTED_EDGE('',*,*,#4439,.T.);
#2505=ORIENTED_EDGE('',*,*,#4282,.F.);
#2506=ORIENTED_EDGE('',*,*,#4444,.F.);
#2507=ORIENTED_EDGE('',*,*,#4445,.T.);
#2508=ORIENTED_EDGE('',*,*,#4442,.T.);
#2509=ORIENTED_EDGE('',*,*,#4281,.F.);
#2510=ORIENTED_EDGE('',*,*,#4446,.F.);
#2511=ORIENTED_EDGE('',*,*,#4447,.T.);
#2512=ORIENTED_EDGE('',*,*,#4444,.T.);
#2513=ORIENTED_EDGE('',*,*,#4280,.F.);
#2514=ORIENTED_EDGE('',*,*,#4448,.F.);
#2515=ORIENTED_EDGE('',*,*,#4449,.T.);
#2516=ORIENTED_EDGE('',*,*,#4446,.T.);
#2517=ORIENTED_EDGE('',*,*,#4279,.T.);
#2518=ORIENTED_EDGE('',*,*,#4450,.F.);
#2519=ORIENTED_EDGE('',*,*,#4451,.F.);
#2520=ORIENTED_EDGE('',*,*,#4448,.T.);
#2521=ORIENTED_EDGE('',*,*,#4278,.T.);
#2522=ORIENTED_EDGE('',*,*,#4452,.F.);
#2523=ORIENTED_EDGE('',*,*,#4453,.F.);
#2524=ORIENTED_EDGE('',*,*,#4450,.T.);
#2525=ORIENTED_EDGE('',*,*,#4277,.F.);
#2526=ORIENTED_EDGE('',*,*,#4454,.F.);
#2527=ORIENTED_EDGE('',*,*,#4455,.T.);
#2528=ORIENTED_EDGE('',*,*,#4452,.T.);
#2529=ORIENTED_EDGE('',*,*,#4276,.F.);
#2530=ORIENTED_EDGE('',*,*,#4456,.F.);
#2531=ORIENTED_EDGE('',*,*,#4457,.T.);
#2532=ORIENTED_EDGE('',*,*,#4454,.T.);
#2533=ORIENTED_EDGE('',*,*,#4275,.F.);
#2534=ORIENTED_EDGE('',*,*,#4458,.F.);
#2535=ORIENTED_EDGE('',*,*,#4459,.T.);
#2536=ORIENTED_EDGE('',*,*,#4456,.T.);
#2537=ORIENTED_EDGE('',*,*,#4274,.T.);
#2538=ORIENTED_EDGE('',*,*,#4460,.F.);
#2539=ORIENTED_EDGE('',*,*,#4461,.F.);
#2540=ORIENTED_EDGE('',*,*,#4458,.T.);
#2541=ORIENTED_EDGE('',*,*,#4273,.T.);
#2542=ORIENTED_EDGE('',*,*,#4462,.F.);
#2543=ORIENTED_EDGE('',*,*,#4463,.F.);
#2544=ORIENTED_EDGE('',*,*,#4460,.T.);
#2545=ORIENTED_EDGE('',*,*,#4272,.F.);
#2546=ORIENTED_EDGE('',*,*,#4464,.F.);
#2547=ORIENTED_EDGE('',*,*,#4465,.T.);
#2548=ORIENTED_EDGE('',*,*,#4462,.T.);
#2549=ORIENTED_EDGE('',*,*,#4271,.F.);
#2550=ORIENTED_EDGE('',*,*,#4466,.F.);
#2551=ORIENTED_EDGE('',*,*,#4467,.T.);
#2552=ORIENTED_EDGE('',*,*,#4464,.T.);
#2553=ORIENTED_EDGE('',*,*,#4270,.F.);
#2554=ORIENTED_EDGE('',*,*,#4468,.F.);
#2555=ORIENTED_EDGE('',*,*,#4469,.T.);
#2556=ORIENTED_EDGE('',*,*,#4466,.T.);
#2557=ORIENTED_EDGE('',*,*,#4269,.F.);
#2558=ORIENTED_EDGE('',*,*,#4441,.F.);
#2559=ORIENTED_EDGE('',*,*,#4470,.T.);
#2560=ORIENTED_EDGE('',*,*,#4468,.T.);
#2561=ORIENTED_EDGE('',*,*,#4471,.T.);
#2562=ORIENTED_EDGE('',*,*,#4472,.T.);
#2563=ORIENTED_EDGE('',*,*,#4473,.F.);
#2564=ORIENTED_EDGE('',*,*,#4224,.T.);
#2565=ORIENTED_EDGE('',*,*,#4474,.F.);
#2566=ORIENTED_EDGE('',*,*,#4475,.F.);
#2567=ORIENTED_EDGE('',*,*,#4476,.F.);
#2568=ORIENTED_EDGE('',*,*,#4477,.F.);
#2569=ORIENTED_EDGE('',*,*,#4478,.T.);
#2570=ORIENTED_EDGE('',*,*,#4479,.F.);
#2571=ORIENTED_EDGE('',*,*,#4480,.F.);
#2572=ORIENTED_EDGE('',*,*,#4481,.F.);
#2573=ORIENTED_EDGE('',*,*,#4236,.T.);
#2574=ORIENTED_EDGE('',*,*,#4482,.F.);
#2575=ORIENTED_EDGE('',*,*,#4483,.T.);
#2576=ORIENTED_EDGE('',*,*,#4484,.T.);
#2577=ORIENTED_EDGE('',*,*,#4232,.T.);
#2578=ORIENTED_EDGE('',*,*,#4485,.F.);
#2579=ORIENTED_EDGE('',*,*,#4486,.T.);
#2580=ORIENTED_EDGE('',*,*,#4487,.F.);
#2581=ORIENTED_EDGE('',*,*,#4440,.T.);
#2582=ORIENTED_EDGE('',*,*,#4443,.F.);
#2583=ORIENTED_EDGE('',*,*,#4445,.F.);
#2584=ORIENTED_EDGE('',*,*,#4447,.F.);
#2585=ORIENTED_EDGE('',*,*,#4449,.F.);
#2586=ORIENTED_EDGE('',*,*,#4451,.T.);
#2587=ORIENTED_EDGE('',*,*,#4453,.T.);
#2588=ORIENTED_EDGE('',*,*,#4455,.F.);
#2589=ORIENTED_EDGE('',*,*,#4457,.F.);
#2590=ORIENTED_EDGE('',*,*,#4459,.F.);
#2591=ORIENTED_EDGE('',*,*,#4461,.T.);
#2592=ORIENTED_EDGE('',*,*,#4463,.T.);
#2593=ORIENTED_EDGE('',*,*,#4465,.F.);
#2594=ORIENTED_EDGE('',*,*,#4467,.F.);
#2595=ORIENTED_EDGE('',*,*,#4469,.F.);
#2596=ORIENTED_EDGE('',*,*,#4470,.F.);
#2597=ORIENTED_EDGE('',*,*,#4488,.T.);
#2598=ORIENTED_EDGE('',*,*,#4489,.F.);
#2599=ORIENTED_EDGE('',*,*,#4490,.F.);
#2600=ORIENTED_EDGE('',*,*,#4491,.T.);
#2601=ORIENTED_EDGE('',*,*,#4492,.F.);
#2602=ORIENTED_EDGE('',*,*,#4493,.F.);
#2603=ORIENTED_EDGE('',*,*,#4494,.T.);
#2604=ORIENTED_EDGE('',*,*,#4495,.T.);
#2605=ORIENTED_EDGE('',*,*,#4496,.F.);
#2606=ORIENTED_EDGE('',*,*,#4497,.F.);
#2607=ORIENTED_EDGE('',*,*,#4498,.T.);
#2608=ORIENTED_EDGE('',*,*,#4499,.F.);
#2609=ORIENTED_EDGE('',*,*,#4500,.F.);
#2610=ORIENTED_EDGE('',*,*,#4501,.T.);
#2611=ORIENTED_EDGE('',*,*,#4502,.T.);
#2612=ORIENTED_EDGE('',*,*,#4503,.F.);
#2613=ORIENTED_EDGE('',*,*,#4504,.T.);
#2614=ORIENTED_EDGE('',*,*,#4505,.T.);
#2615=ORIENTED_EDGE('',*,*,#4506,.T.);
#2616=ORIENTED_EDGE('',*,*,#4507,.T.);
#2617=ORIENTED_EDGE('',*,*,#4508,.T.);
#2618=ORIENTED_EDGE('',*,*,#4509,.T.);
#2619=ORIENTED_EDGE('',*,*,#4510,.T.);
#2620=ORIENTED_EDGE('',*,*,#4511,.T.);
#2621=ORIENTED_EDGE('',*,*,#4512,.T.);
#2622=ORIENTED_EDGE('',*,*,#4513,.T.);
#2623=ORIENTED_EDGE('',*,*,#4514,.T.);
#2624=ORIENTED_EDGE('',*,*,#4515,.T.);
#2625=ORIENTED_EDGE('',*,*,#4516,.F.);
#2626=ORIENTED_EDGE('',*,*,#4517,.T.);
#2627=ORIENTED_EDGE('',*,*,#4518,.T.);
#2628=ORIENTED_EDGE('',*,*,#4519,.F.);
#2629=ORIENTED_EDGE('',*,*,#4520,.F.);
#2630=ORIENTED_EDGE('',*,*,#4521,.T.);
#2631=ORIENTED_EDGE('',*,*,#4522,.T.);
#2632=ORIENTED_EDGE('',*,*,#4523,.F.);
#2633=ORIENTED_EDGE('',*,*,#4524,.T.);
#2634=ORIENTED_EDGE('',*,*,#4525,.T.);
#2635=ORIENTED_EDGE('',*,*,#4526,.T.);
#2636=ORIENTED_EDGE('',*,*,#4527,.T.);
#2637=ORIENTED_EDGE('',*,*,#4528,.T.);
#2638=ORIENTED_EDGE('',*,*,#4529,.T.);
#2639=ORIENTED_EDGE('',*,*,#4530,.T.);
#2640=ORIENTED_EDGE('',*,*,#4531,.F.);
#2641=ORIENTED_EDGE('',*,*,#4532,.T.);
#2642=ORIENTED_EDGE('',*,*,#4533,.T.);
#2643=ORIENTED_EDGE('',*,*,#4534,.F.);
#2644=ORIENTED_EDGE('',*,*,#4535,.T.);
#2645=ORIENTED_EDGE('',*,*,#4536,.T.);
#2646=ORIENTED_EDGE('',*,*,#4537,.T.);
#2647=ORIENTED_EDGE('',*,*,#4538,.T.);
#2648=ORIENTED_EDGE('',*,*,#4539,.T.);
#2649=ORIENTED_EDGE('',*,*,#4540,.T.);
#2650=ORIENTED_EDGE('',*,*,#4541,.T.);
#2651=ORIENTED_EDGE('',*,*,#4542,.T.);
#2652=ORIENTED_EDGE('',*,*,#4543,.T.);
#2653=ORIENTED_EDGE('',*,*,#4544,.F.);
#2654=ORIENTED_EDGE('',*,*,#4545,.F.);
#2655=ORIENTED_EDGE('',*,*,#4546,.T.);
#2656=ORIENTED_EDGE('',*,*,#4547,.T.);
#2657=ORIENTED_EDGE('',*,*,#4548,.F.);
#2658=ORIENTED_EDGE('',*,*,#4549,.F.);
#2659=ORIENTED_EDGE('',*,*,#4550,.T.);
#2660=ORIENTED_EDGE('',*,*,#4551,.T.);
#2661=ORIENTED_EDGE('',*,*,#4552,.F.);
#2662=ORIENTED_EDGE('',*,*,#4553,.T.);
#2663=ORIENTED_EDGE('',*,*,#4554,.T.);
#2664=ORIENTED_EDGE('',*,*,#4555,.F.);
#2665=ORIENTED_EDGE('',*,*,#4556,.T.);
#2666=ORIENTED_EDGE('',*,*,#4557,.F.);
#2667=ORIENTED_EDGE('',*,*,#4558,.F.);
#2668=ORIENTED_EDGE('',*,*,#4559,.T.);
#2669=ORIENTED_EDGE('',*,*,#4560,.T.);
#2670=ORIENTED_EDGE('',*,*,#4561,.F.);
#2671=ORIENTED_EDGE('',*,*,#4562,.F.);
#2672=ORIENTED_EDGE('',*,*,#4563,.T.);
#2673=ORIENTED_EDGE('',*,*,#4564,.F.);
#2674=ORIENTED_EDGE('',*,*,#4565,.T.);
#2675=ORIENTED_EDGE('',*,*,#4566,.T.);
#2676=ORIENTED_EDGE('',*,*,#4567,.F.);
#2677=ORIENTED_EDGE('',*,*,#4568,.F.);
#2678=ORIENTED_EDGE('',*,*,#4569,.F.);
#2679=ORIENTED_EDGE('',*,*,#4570,.T.);
#2680=ORIENTED_EDGE('',*,*,#4571,.T.);
#2681=ORIENTED_EDGE('',*,*,#4572,.F.);
#2682=ORIENTED_EDGE('',*,*,#4573,.F.);
#2683=ORIENTED_EDGE('',*,*,#4574,.F.);
#2684=ORIENTED_EDGE('',*,*,#4575,.T.);
#2685=ORIENTED_EDGE('',*,*,#4576,.T.);
#2686=ORIENTED_EDGE('',*,*,#4577,.T.);
#2687=ORIENTED_EDGE('',*,*,#4578,.T.);
#2688=ORIENTED_EDGE('',*,*,#4579,.T.);
#2689=ORIENTED_EDGE('',*,*,#4580,.T.);
#2690=ORIENTED_EDGE('',*,*,#4581,.T.);
#2691=ORIENTED_EDGE('',*,*,#4582,.T.);
#2692=ORIENTED_EDGE('',*,*,#4583,.T.);
#2693=ORIENTED_EDGE('',*,*,#4584,.T.);
#2694=ORIENTED_EDGE('',*,*,#4585,.T.);
#2695=ORIENTED_EDGE('',*,*,#4586,.T.);
#2696=ORIENTED_EDGE('',*,*,#4587,.T.);
#2697=ORIENTED_EDGE('',*,*,#4588,.T.);
#2698=ORIENTED_EDGE('',*,*,#4589,.T.);
#2699=ORIENTED_EDGE('',*,*,#4590,.T.);
#2700=ORIENTED_EDGE('',*,*,#4591,.T.);
#2701=ORIENTED_EDGE('',*,*,#4488,.F.);
#2702=ORIENTED_EDGE('',*,*,#4592,.F.);
#2703=ORIENTED_EDGE('',*,*,#4593,.T.);
#2704=ORIENTED_EDGE('',*,*,#4489,.T.);
#2705=ORIENTED_EDGE('',*,*,#4594,.F.);
#2706=ORIENTED_EDGE('',*,*,#4595,.T.);
#2707=ORIENTED_EDGE('',*,*,#4596,.F.);
#2708=ORIENTED_EDGE('',*,*,#4597,.F.);
#2709=ORIENTED_EDGE('',*,*,#4586,.F.);
#2710=ORIENTED_EDGE('',*,*,#4598,.T.);
#2711=ORIENTED_EDGE('',*,*,#4599,.F.);
#2712=ORIENTED_EDGE('',*,*,#4595,.F.);
#2713=ORIENTED_EDGE('',*,*,#4585,.F.);
#2714=ORIENTED_EDGE('',*,*,#4600,.T.);
#2715=ORIENTED_EDGE('',*,*,#4583,.F.);
#2716=ORIENTED_EDGE('',*,*,#4601,.F.);
#2717=ORIENTED_EDGE('',*,*,#4602,.F.);
#2718=ORIENTED_EDGE('',*,*,#4601,.T.);
#2719=ORIENTED_EDGE('',*,*,#4582,.F.);
#2720=ORIENTED_EDGE('',*,*,#4603,.F.);
#2721=ORIENTED_EDGE('',*,*,#4604,.F.);
#2722=ORIENTED_EDGE('',*,*,#4603,.T.);
#2723=ORIENTED_EDGE('',*,*,#4581,.F.);
#2724=ORIENTED_EDGE('',*,*,#4605,.F.);
#2725=ORIENTED_EDGE('',*,*,#4606,.F.);
#2726=ORIENTED_EDGE('',*,*,#4605,.T.);
#2727=ORIENTED_EDGE('',*,*,#4580,.F.);
#2728=ORIENTED_EDGE('',*,*,#4607,.F.);
#2729=ORIENTED_EDGE('',*,*,#4608,.F.);
#2730=ORIENTED_EDGE('',*,*,#4607,.T.);
#2731=ORIENTED_EDGE('',*,*,#4579,.F.);
#2732=ORIENTED_EDGE('',*,*,#4609,.F.);
#2733=ORIENTED_EDGE('',*,*,#4610,.F.);
#2734=ORIENTED_EDGE('',*,*,#4609,.T.);
#2735=ORIENTED_EDGE('',*,*,#4578,.F.);
#2736=ORIENTED_EDGE('',*,*,#4611,.F.);
#2737=ORIENTED_EDGE('',*,*,#4612,.F.);
#2738=ORIENTED_EDGE('',*,*,#4611,.T.);
#2739=ORIENTED_EDGE('',*,*,#4577,.F.);
#2740=ORIENTED_EDGE('',*,*,#4613,.F.);
#2741=ORIENTED_EDGE('',*,*,#4614,.F.);
#2742=ORIENTED_EDGE('',*,*,#4615,.T.);
#2743=ORIENTED_EDGE('',*,*,#4616,.F.);
#2744=ORIENTED_EDGE('',*,*,#4613,.T.);
#2745=ORIENTED_EDGE('',*,*,#4576,.F.);
#2746=ORIENTED_EDGE('',*,*,#4617,.T.);
#2747=ORIENTED_EDGE('',*,*,#4238,.F.);
#2748=ORIENTED_EDGE('',*,*,#4615,.F.);
#2749=ORIENTED_EDGE('',*,*,#4575,.F.);
#2750=ORIENTED_EDGE('',*,*,#4618,.T.);
#2751=ORIENTED_EDGE('',*,*,#4619,.F.);
#2752=ORIENTED_EDGE('',*,*,#4617,.F.);
#2753=ORIENTED_EDGE('',*,*,#4590,.F.);
#2754=ORIENTED_EDGE('',*,*,#4620,.T.);
#2755=ORIENTED_EDGE('',*,*,#4621,.F.);
#2756=ORIENTED_EDGE('',*,*,#4618,.F.);
#2757=ORIENTED_EDGE('',*,*,#4589,.F.);
#2758=ORIENTED_EDGE('',*,*,#4622,.T.);
#2759=ORIENTED_EDGE('',*,*,#4623,.F.);
#2760=ORIENTED_EDGE('',*,*,#4620,.F.);
#2761=ORIENTED_EDGE('',*,*,#4588,.F.);
#2762=ORIENTED_EDGE('',*,*,#4597,.T.);
#2763=ORIENTED_EDGE('',*,*,#4624,.F.);
#2764=ORIENTED_EDGE('',*,*,#4622,.F.);
#2765=ORIENTED_EDGE('',*,*,#4587,.F.);
#2766=ORIENTED_EDGE('',*,*,#4625,.F.);
#2767=ORIENTED_EDGE('',*,*,#4626,.F.);
#2768=ORIENTED_EDGE('',*,*,#4627,.T.);
#2769=ORIENTED_EDGE('',*,*,#4628,.T.);
#2770=ORIENTED_EDGE('',*,*,#4629,.T.);
#2771=ORIENTED_EDGE('',*,*,#4630,.F.);
#2772=ORIENTED_EDGE('',*,*,#4631,.F.);
#2773=ORIENTED_EDGE('',*,*,#4632,.T.);
#2774=ORIENTED_EDGE('',*,*,#4633,.T.);
#2775=ORIENTED_EDGE('',*,*,#4634,.F.);
#2776=ORIENTED_EDGE('',*,*,#4635,.F.);
#2777=ORIENTED_EDGE('',*,*,#4636,.T.);
#2778=ORIENTED_EDGE('',*,*,#4637,.T.);
#2779=ORIENTED_EDGE('',*,*,#4222,.T.);
#2780=ORIENTED_EDGE('',*,*,#4638,.T.);
#2781=ORIENTED_EDGE('',*,*,#4635,.T.);
#2782=ORIENTED_EDGE('',*,*,#4600,.F.);
#2783=ORIENTED_EDGE('',*,*,#4226,.F.);
#2784=ORIENTED_EDGE('',*,*,#4598,.F.);
#2785=ORIENTED_EDGE('',*,*,#4584,.F.);
#2786=ORIENTED_EDGE('',*,*,#4639,.F.);
#2787=ORIENTED_EDGE('',*,*,#4627,.F.);
#2788=ORIENTED_EDGE('',*,*,#4640,.F.);
#2789=ORIENTED_EDGE('',*,*,#4212,.F.);
#2790=ORIENTED_EDGE('',*,*,#4641,.F.);
#2791=ORIENTED_EDGE('',*,*,#4628,.F.);
#2792=ORIENTED_EDGE('',*,*,#4639,.T.);
#2793=ORIENTED_EDGE('',*,*,#4215,.T.);
#2794=ORIENTED_EDGE('',*,*,#4213,.F.);
#2795=ORIENTED_EDGE('',*,*,#4640,.T.);
#2796=ORIENTED_EDGE('',*,*,#4626,.T.);
#2797=ORIENTED_EDGE('',*,*,#4642,.F.);
#2798=ORIENTED_EDGE('',*,*,#4591,.F.);
#2799=ORIENTED_EDGE('',*,*,#4641,.T.);
#2800=ORIENTED_EDGE('',*,*,#4214,.T.);
#2801=ORIENTED_EDGE('',*,*,#4642,.T.);
#2802=ORIENTED_EDGE('',*,*,#4625,.T.);
#2803=ORIENTED_EDGE('',*,*,#4592,.T.);
#2804=ORIENTED_EDGE('',*,*,#4643,.F.);
#2805=ORIENTED_EDGE('',*,*,#4629,.F.);
#2806=ORIENTED_EDGE('',*,*,#4644,.F.);
#2807=ORIENTED_EDGE('',*,*,#4216,.F.);
#2808=ORIENTED_EDGE('',*,*,#4643,.T.);
#2809=ORIENTED_EDGE('',*,*,#4219,.F.);
#2810=ORIENTED_EDGE('',*,*,#4645,.F.);
#2811=ORIENTED_EDGE('',*,*,#4630,.T.);
#2812=ORIENTED_EDGE('',*,*,#4217,.F.);
#2813=ORIENTED_EDGE('',*,*,#4644,.T.);
#2814=ORIENTED_EDGE('',*,*,#4632,.F.);
#2815=ORIENTED_EDGE('',*,*,#4646,.F.);
#2816=ORIENTED_EDGE('',*,*,#4593,.F.);
#2817=ORIENTED_EDGE('',*,*,#4645,.T.);
#2818=ORIENTED_EDGE('',*,*,#4218,.T.);
#2819=ORIENTED_EDGE('',*,*,#4646,.T.);
#2820=ORIENTED_EDGE('',*,*,#4631,.T.);
#2821=ORIENTED_EDGE('',*,*,#4221,.F.);
#2822=ORIENTED_EDGE('',*,*,#4647,.T.);
#2823=ORIENTED_EDGE('',*,*,#4636,.F.);
#2824=ORIENTED_EDGE('',*,*,#4638,.F.);
#2825=ORIENTED_EDGE('',*,*,#4594,.T.);
#2826=ORIENTED_EDGE('',*,*,#4648,.F.);
#2827=ORIENTED_EDGE('',*,*,#4633,.F.);
#2828=ORIENTED_EDGE('',*,*,#4647,.F.);
#2829=ORIENTED_EDGE('',*,*,#4220,.F.);
#2830=ORIENTED_EDGE('',*,*,#4648,.T.);
#2831=ORIENTED_EDGE('',*,*,#4223,.F.);
#2832=ORIENTED_EDGE('',*,*,#4637,.F.);
#2833=ORIENTED_EDGE('',*,*,#4634,.T.);
#2834=ORIENTED_EDGE('',*,*,#4649,.F.);
#2835=ORIENTED_EDGE('',*,*,#4624,.T.);
#2836=ORIENTED_EDGE('',*,*,#4650,.T.);
#2837=ORIENTED_EDGE('',*,*,#4471,.F.);
#2838=ORIENTED_EDGE('',*,*,#4651,.F.);
#2839=ORIENTED_EDGE('',*,*,#4623,.T.);
#2840=ORIENTED_EDGE('',*,*,#4649,.T.);
#2841=ORIENTED_EDGE('',*,*,#4487,.T.);
#2842=ORIENTED_EDGE('',*,*,#4652,.F.);
#2843=ORIENTED_EDGE('',*,*,#4621,.T.);
#2844=ORIENTED_EDGE('',*,*,#4651,.T.);
#2845=ORIENTED_EDGE('',*,*,#4486,.F.);
#2846=ORIENTED_EDGE('',*,*,#4239,.F.);
#2847=ORIENTED_EDGE('',*,*,#4619,.T.);
#2848=ORIENTED_EDGE('',*,*,#4652,.T.);
#2849=ORIENTED_EDGE('',*,*,#4485,.T.);
#2850=ORIENTED_EDGE('',*,*,#4653,.F.);
#2851=ORIENTED_EDGE('',*,*,#4616,.T.);
#2852=ORIENTED_EDGE('',*,*,#4237,.T.);
#2853=ORIENTED_EDGE('',*,*,#4481,.T.);
#2854=ORIENTED_EDGE('',*,*,#4654,.F.);
#2855=ORIENTED_EDGE('',*,*,#4614,.T.);
#2856=ORIENTED_EDGE('',*,*,#4653,.T.);
#2857=ORIENTED_EDGE('',*,*,#4480,.T.);
#2858=ORIENTED_EDGE('',*,*,#4655,.F.);
#2859=ORIENTED_EDGE('',*,*,#4612,.T.);
#2860=ORIENTED_EDGE('',*,*,#4654,.T.);
#2861=ORIENTED_EDGE('',*,*,#4479,.T.);
#2862=ORIENTED_EDGE('',*,*,#4656,.F.);
#2863=ORIENTED_EDGE('',*,*,#4610,.T.);
#2864=ORIENTED_EDGE('',*,*,#4655,.T.);
#2865=ORIENTED_EDGE('',*,*,#4478,.F.);
#2866=ORIENTED_EDGE('',*,*,#4657,.F.);
#2867=ORIENTED_EDGE('',*,*,#4608,.T.);
#2868=ORIENTED_EDGE('',*,*,#4656,.T.);
#2869=ORIENTED_EDGE('',*,*,#4477,.T.);
#2870=ORIENTED_EDGE('',*,*,#4658,.F.);
#2871=ORIENTED_EDGE('',*,*,#4606,.T.);
#2872=ORIENTED_EDGE('',*,*,#4657,.T.);
#2873=ORIENTED_EDGE('',*,*,#4476,.T.);
#2874=ORIENTED_EDGE('',*,*,#4659,.F.);
#2875=ORIENTED_EDGE('',*,*,#4604,.T.);
#2876=ORIENTED_EDGE('',*,*,#4658,.T.);
#2877=ORIENTED_EDGE('',*,*,#4475,.T.);
#2878=ORIENTED_EDGE('',*,*,#4227,.F.);
#2879=ORIENTED_EDGE('',*,*,#4602,.T.);
#2880=ORIENTED_EDGE('',*,*,#4659,.T.);
#2881=ORIENTED_EDGE('',*,*,#4474,.T.);
#2882=ORIENTED_EDGE('',*,*,#4660,.F.);
#2883=ORIENTED_EDGE('',*,*,#4599,.T.);
#2884=ORIENTED_EDGE('',*,*,#4225,.T.);
#2885=ORIENTED_EDGE('',*,*,#4473,.T.);
#2886=ORIENTED_EDGE('',*,*,#4650,.F.);
#2887=ORIENTED_EDGE('',*,*,#4596,.T.);
#2888=ORIENTED_EDGE('',*,*,#4660,.T.);
#2889=ORIENTED_EDGE('',*,*,#4472,.F.);
#2890=ORIENTED_EDGE('',*,*,#4661,.F.);
#2891=ORIENTED_EDGE('',*,*,#4483,.F.);
#2892=ORIENTED_EDGE('',*,*,#4662,.T.);
#2893=ORIENTED_EDGE('',*,*,#4663,.T.);
#2894=ORIENTED_EDGE('',*,*,#4664,.F.);
#2895=ORIENTED_EDGE('',*,*,#4665,.F.);
#2896=ORIENTED_EDGE('',*,*,#4666,.T.);
#2897=ORIENTED_EDGE('',*,*,#4234,.T.);
#2898=ORIENTED_EDGE('',*,*,#4667,.T.);
#2899=ORIENTED_EDGE('',*,*,#4668,.F.);
#2900=ORIENTED_EDGE('',*,*,#4669,.F.);
#2901=ORIENTED_EDGE('',*,*,#4665,.T.);
#2902=ORIENTED_EDGE('',*,*,#4670,.F.);
#2903=ORIENTED_EDGE('',*,*,#4671,.F.);
#2904=ORIENTED_EDGE('',*,*,#4672,.T.);
#2905=ORIENTED_EDGE('',*,*,#4668,.T.);
#2906=ORIENTED_EDGE('',*,*,#4673,.T.);
#2907=ORIENTED_EDGE('',*,*,#4663,.F.);
#2908=ORIENTED_EDGE('',*,*,#4674,.F.);
#2909=ORIENTED_EDGE('',*,*,#4671,.T.);
#2910=ORIENTED_EDGE('',*,*,#4675,.F.);
#2911=ORIENTED_EDGE('',*,*,#4662,.F.);
#2912=ORIENTED_EDGE('',*,*,#4482,.T.);
#2913=ORIENTED_EDGE('',*,*,#4235,.T.);
#2914=ORIENTED_EDGE('',*,*,#4666,.F.);
#2915=ORIENTED_EDGE('',*,*,#4669,.T.);
#2916=ORIENTED_EDGE('',*,*,#4672,.F.);
#2917=ORIENTED_EDGE('',*,*,#4661,.T.);
#2918=ORIENTED_EDGE('',*,*,#4676,.T.);
#2919=ORIENTED_EDGE('',*,*,#4670,.T.);
#2920=ORIENTED_EDGE('',*,*,#4667,.F.);
#2921=ORIENTED_EDGE('',*,*,#4664,.T.);
#2922=ORIENTED_EDGE('',*,*,#4233,.F.);
#2923=ORIENTED_EDGE('',*,*,#4484,.F.);
#2924=ORIENTED_EDGE('',*,*,#4676,.F.);
#2925=ORIENTED_EDGE('',*,*,#4673,.F.);
#2926=ORIENTED_EDGE('',*,*,#4675,.T.);
#2927=ORIENTED_EDGE('',*,*,#4674,.T.);
#2928=ORIENTED_EDGE('',*,*,#4555,.T.);
#2929=ORIENTED_EDGE('',*,*,#4677,.F.);
#2930=ORIENTED_EDGE('',*,*,#4678,.F.);
#2931=ORIENTED_EDGE('',*,*,#4679,.T.);
#2932=ORIENTED_EDGE('',*,*,#4554,.F.);
#2933=ORIENTED_EDGE('',*,*,#4680,.F.);
#2934=ORIENTED_EDGE('',*,*,#4681,.T.);
#2935=ORIENTED_EDGE('',*,*,#4677,.T.);
#2936=ORIENTED_EDGE('',*,*,#4553,.F.);
#2937=ORIENTED_EDGE('',*,*,#4682,.F.);
#2938=ORIENTED_EDGE('',*,*,#4683,.T.);
#2939=ORIENTED_EDGE('',*,*,#4680,.T.);
#2940=ORIENTED_EDGE('',*,*,#4574,.T.);
#2941=ORIENTED_EDGE('',*,*,#4684,.F.);
#2942=ORIENTED_EDGE('',*,*,#4685,.F.);
#2943=ORIENTED_EDGE('',*,*,#4682,.T.);
#2944=ORIENTED_EDGE('',*,*,#4573,.T.);
#2945=ORIENTED_EDGE('',*,*,#4686,.F.);
#2946=ORIENTED_EDGE('',*,*,#4687,.F.);
#2947=ORIENTED_EDGE('',*,*,#4684,.T.);
#2948=ORIENTED_EDGE('',*,*,#4572,.T.);
#2949=ORIENTED_EDGE('',*,*,#4688,.F.);
#2950=ORIENTED_EDGE('',*,*,#4689,.F.);
#2951=ORIENTED_EDGE('',*,*,#4686,.T.);
#2952=ORIENTED_EDGE('',*,*,#4571,.F.);
#2953=ORIENTED_EDGE('',*,*,#4690,.F.);
#2954=ORIENTED_EDGE('',*,*,#4691,.T.);
#2955=ORIENTED_EDGE('',*,*,#4688,.T.);
#2956=ORIENTED_EDGE('',*,*,#4570,.F.);
#2957=ORIENTED_EDGE('',*,*,#4692,.F.);
#2958=ORIENTED_EDGE('',*,*,#4693,.T.);
#2959=ORIENTED_EDGE('',*,*,#4690,.T.);
#2960=ORIENTED_EDGE('',*,*,#4569,.T.);
#2961=ORIENTED_EDGE('',*,*,#4694,.F.);
#2962=ORIENTED_EDGE('',*,*,#4695,.F.);
#2963=ORIENTED_EDGE('',*,*,#4692,.T.);
#2964=ORIENTED_EDGE('',*,*,#4568,.T.);
#2965=ORIENTED_EDGE('',*,*,#4696,.F.);
#2966=ORIENTED_EDGE('',*,*,#4697,.F.);
#2967=ORIENTED_EDGE('',*,*,#4694,.T.);
#2968=ORIENTED_EDGE('',*,*,#4567,.T.);
#2969=ORIENTED_EDGE('',*,*,#4698,.F.);
#2970=ORIENTED_EDGE('',*,*,#4699,.F.);
#2971=ORIENTED_EDGE('',*,*,#4696,.T.);
#2972=ORIENTED_EDGE('',*,*,#4566,.F.);
#2973=ORIENTED_EDGE('',*,*,#4700,.F.);
#2974=ORIENTED_EDGE('',*,*,#4701,.T.);
#2975=ORIENTED_EDGE('',*,*,#4698,.T.);
#2976=ORIENTED_EDGE('',*,*,#4565,.F.);
#2977=ORIENTED_EDGE('',*,*,#4702,.F.);
#2978=ORIENTED_EDGE('',*,*,#4703,.T.);
#2979=ORIENTED_EDGE('',*,*,#4700,.T.);
#2980=ORIENTED_EDGE('',*,*,#4564,.T.);
#2981=ORIENTED_EDGE('',*,*,#4704,.F.);
#2982=ORIENTED_EDGE('',*,*,#4705,.F.);
#2983=ORIENTED_EDGE('',*,*,#4702,.T.);
#2984=ORIENTED_EDGE('',*,*,#4563,.F.);
#2985=ORIENTED_EDGE('',*,*,#4706,.F.);
#2986=ORIENTED_EDGE('',*,*,#4707,.T.);
#2987=ORIENTED_EDGE('',*,*,#4704,.T.);
#2988=ORIENTED_EDGE('',*,*,#4562,.T.);
#2989=ORIENTED_EDGE('',*,*,#4708,.F.);
#2990=ORIENTED_EDGE('',*,*,#4709,.F.);
#2991=ORIENTED_EDGE('',*,*,#4706,.T.);
#2992=ORIENTED_EDGE('',*,*,#4561,.T.);
#2993=ORIENTED_EDGE('',*,*,#4710,.F.);
#2994=ORIENTED_EDGE('',*,*,#4711,.F.);
#2995=ORIENTED_EDGE('',*,*,#4708,.T.);
#2996=ORIENTED_EDGE('',*,*,#4560,.F.);
#2997=ORIENTED_EDGE('',*,*,#4712,.F.);
#2998=ORIENTED_EDGE('',*,*,#4713,.T.);
#2999=ORIENTED_EDGE('',*,*,#4710,.T.);
#3000=ORIENTED_EDGE('',*,*,#4559,.F.);
#3001=ORIENTED_EDGE('',*,*,#4714,.F.);
#3002=ORIENTED_EDGE('',*,*,#4715,.T.);
#3003=ORIENTED_EDGE('',*,*,#4712,.T.);
#3004=ORIENTED_EDGE('',*,*,#4558,.T.);
#3005=ORIENTED_EDGE('',*,*,#4716,.F.);
#3006=ORIENTED_EDGE('',*,*,#4717,.F.);
#3007=ORIENTED_EDGE('',*,*,#4714,.T.);
#3008=ORIENTED_EDGE('',*,*,#4557,.T.);
#3009=ORIENTED_EDGE('',*,*,#4718,.F.);
#3010=ORIENTED_EDGE('',*,*,#4719,.F.);
#3011=ORIENTED_EDGE('',*,*,#4716,.T.);
#3012=ORIENTED_EDGE('',*,*,#4556,.F.);
#3013=ORIENTED_EDGE('',*,*,#4679,.F.);
#3014=ORIENTED_EDGE('',*,*,#4720,.T.);
#3015=ORIENTED_EDGE('',*,*,#4718,.T.);
#3016=ORIENTED_EDGE('',*,*,#4678,.T.);
#3017=ORIENTED_EDGE('',*,*,#4681,.F.);
#3018=ORIENTED_EDGE('',*,*,#4683,.F.);
#3019=ORIENTED_EDGE('',*,*,#4685,.T.);
#3020=ORIENTED_EDGE('',*,*,#4687,.T.);
#3021=ORIENTED_EDGE('',*,*,#4689,.T.);
#3022=ORIENTED_EDGE('',*,*,#4691,.F.);
#3023=ORIENTED_EDGE('',*,*,#4693,.F.);
#3024=ORIENTED_EDGE('',*,*,#4695,.T.);
#3025=ORIENTED_EDGE('',*,*,#4697,.T.);
#3026=ORIENTED_EDGE('',*,*,#4699,.T.);
#3027=ORIENTED_EDGE('',*,*,#4701,.F.);
#3028=ORIENTED_EDGE('',*,*,#4703,.F.);
#3029=ORIENTED_EDGE('',*,*,#4705,.T.);
#3030=ORIENTED_EDGE('',*,*,#4707,.F.);
#3031=ORIENTED_EDGE('',*,*,#4709,.T.);
#3032=ORIENTED_EDGE('',*,*,#4711,.T.);
#3033=ORIENTED_EDGE('',*,*,#4713,.F.);
#3034=ORIENTED_EDGE('',*,*,#4715,.F.);
#3035=ORIENTED_EDGE('',*,*,#4717,.T.);
#3036=ORIENTED_EDGE('',*,*,#4719,.T.);
#3037=ORIENTED_EDGE('',*,*,#4720,.F.);
#3038=ORIENTED_EDGE('',*,*,#4544,.T.);
#3039=ORIENTED_EDGE('',*,*,#4721,.F.);
#3040=ORIENTED_EDGE('',*,*,#4722,.F.);
#3041=ORIENTED_EDGE('',*,*,#4723,.T.);
#3042=ORIENTED_EDGE('',*,*,#4543,.F.);
#3043=ORIENTED_EDGE('',*,*,#4724,.F.);
#3044=ORIENTED_EDGE('',*,*,#4725,.T.);
#3045=ORIENTED_EDGE('',*,*,#4721,.T.);
#3046=ORIENTED_EDGE('',*,*,#4542,.F.);
#3047=ORIENTED_EDGE('',*,*,#4726,.F.);
#3048=ORIENTED_EDGE('',*,*,#4727,.T.);
#3049=ORIENTED_EDGE('',*,*,#4724,.T.);
#3050=ORIENTED_EDGE('',*,*,#4552,.T.);
#3051=ORIENTED_EDGE('',*,*,#4728,.F.);
#3052=ORIENTED_EDGE('',*,*,#4729,.F.);
#3053=ORIENTED_EDGE('',*,*,#4726,.T.);
#3054=ORIENTED_EDGE('',*,*,#4551,.F.);
#3055=ORIENTED_EDGE('',*,*,#4730,.F.);
#3056=ORIENTED_EDGE('',*,*,#4731,.T.);
#3057=ORIENTED_EDGE('',*,*,#4728,.T.);
#3058=ORIENTED_EDGE('',*,*,#4550,.F.);
#3059=ORIENTED_EDGE('',*,*,#4732,.F.);
#3060=ORIENTED_EDGE('',*,*,#4733,.T.);
#3061=ORIENTED_EDGE('',*,*,#4730,.T.);
#3062=ORIENTED_EDGE('',*,*,#4549,.T.);
#3063=ORIENTED_EDGE('',*,*,#4734,.F.);
#3064=ORIENTED_EDGE('',*,*,#4735,.F.);
#3065=ORIENTED_EDGE('',*,*,#4732,.T.);
#3066=ORIENTED_EDGE('',*,*,#4548,.T.);
#3067=ORIENTED_EDGE('',*,*,#4736,.F.);
#3068=ORIENTED_EDGE('',*,*,#4737,.F.);
#3069=ORIENTED_EDGE('',*,*,#4734,.T.);
#3070=ORIENTED_EDGE('',*,*,#4547,.F.);
#3071=ORIENTED_EDGE('',*,*,#4738,.F.);
#3072=ORIENTED_EDGE('',*,*,#4739,.T.);
#3073=ORIENTED_EDGE('',*,*,#4736,.T.);
#3074=ORIENTED_EDGE('',*,*,#4546,.F.);
#3075=ORIENTED_EDGE('',*,*,#4740,.F.);
#3076=ORIENTED_EDGE('',*,*,#4741,.T.);
#3077=ORIENTED_EDGE('',*,*,#4738,.T.);
#3078=ORIENTED_EDGE('',*,*,#4545,.T.);
#3079=ORIENTED_EDGE('',*,*,#4723,.F.);
#3080=ORIENTED_EDGE('',*,*,#4742,.F.);
#3081=ORIENTED_EDGE('',*,*,#4740,.T.);
#3082=ORIENTED_EDGE('',*,*,#4722,.T.);
#3083=ORIENTED_EDGE('',*,*,#4725,.F.);
#3084=ORIENTED_EDGE('',*,*,#4727,.F.);
#3085=ORIENTED_EDGE('',*,*,#4729,.T.);
#3086=ORIENTED_EDGE('',*,*,#4731,.F.);
#3087=ORIENTED_EDGE('',*,*,#4733,.F.);
#3088=ORIENTED_EDGE('',*,*,#4735,.T.);
#3089=ORIENTED_EDGE('',*,*,#4737,.T.);
#3090=ORIENTED_EDGE('',*,*,#4739,.F.);
#3091=ORIENTED_EDGE('',*,*,#4741,.F.);
#3092=ORIENTED_EDGE('',*,*,#4742,.T.);
#3093=ORIENTED_EDGE('',*,*,#4539,.F.);
#3094=ORIENTED_EDGE('',*,*,#4743,.F.);
#3095=ORIENTED_EDGE('',*,*,#4744,.T.);
#3096=ORIENTED_EDGE('',*,*,#4745,.T.);
#3097=ORIENTED_EDGE('',*,*,#4538,.F.);
#3098=ORIENTED_EDGE('',*,*,#4746,.F.);
#3099=ORIENTED_EDGE('',*,*,#4747,.T.);
#3100=ORIENTED_EDGE('',*,*,#4743,.T.);
#3101=ORIENTED_EDGE('',*,*,#4541,.F.);
#3102=ORIENTED_EDGE('',*,*,#4748,.F.);
#3103=ORIENTED_EDGE('',*,*,#4749,.T.);
#3104=ORIENTED_EDGE('',*,*,#4746,.T.);
#3105=ORIENTED_EDGE('',*,*,#4750,.T.);
#3106=ORIENTED_EDGE('',*,*,#4751,.F.);
#3107=ORIENTED_EDGE('',*,*,#4752,.F.);
#3108=ORIENTED_EDGE('',*,*,#4753,.T.);
#3109=ORIENTED_EDGE('',*,*,#4754,.T.);
#3110=ORIENTED_EDGE('',*,*,#4755,.F.);
#3111=ORIENTED_EDGE('',*,*,#4756,.F.);
#3112=ORIENTED_EDGE('',*,*,#4751,.T.);
#3113=ORIENTED_EDGE('',*,*,#4757,.T.);
#3114=ORIENTED_EDGE('',*,*,#4758,.F.);
#3115=ORIENTED_EDGE('',*,*,#4759,.F.);
#3116=ORIENTED_EDGE('',*,*,#4755,.T.);
#3117=ORIENTED_EDGE('',*,*,#4760,.T.);
#3118=ORIENTED_EDGE('',*,*,#4753,.F.);
#3119=ORIENTED_EDGE('',*,*,#4761,.F.);
#3120=ORIENTED_EDGE('',*,*,#4758,.T.);
#3121=ORIENTED_EDGE('',*,*,#4540,.F.);
#3122=ORIENTED_EDGE('',*,*,#4745,.F.);
#3123=ORIENTED_EDGE('',*,*,#4762,.T.);
#3124=ORIENTED_EDGE('',*,*,#4748,.T.);
#3125=ORIENTED_EDGE('',*,*,#4752,.T.);
#3126=ORIENTED_EDGE('',*,*,#4756,.T.);
#3127=ORIENTED_EDGE('',*,*,#4759,.T.);
#3128=ORIENTED_EDGE('',*,*,#4761,.T.);
#3129=ORIENTED_EDGE('',*,*,#4744,.F.);
#3130=ORIENTED_EDGE('',*,*,#4747,.F.);
#3131=ORIENTED_EDGE('',*,*,#4749,.F.);
#3132=ORIENTED_EDGE('',*,*,#4762,.F.);
#3133=ORIENTED_EDGE('',*,*,#4750,.F.);
#3134=ORIENTED_EDGE('',*,*,#4760,.F.);
#3135=ORIENTED_EDGE('',*,*,#4757,.F.);
#3136=ORIENTED_EDGE('',*,*,#4754,.F.);
#3137=ORIENTED_EDGE('',*,*,#4763,.T.);
#3138=ORIENTED_EDGE('',*,*,#4764,.F.);
#3139=ORIENTED_EDGE('',*,*,#4765,.F.);
#3140=ORIENTED_EDGE('',*,*,#4766,.T.);
#3141=ORIENTED_EDGE('',*,*,#4767,.T.);
#3142=ORIENTED_EDGE('',*,*,#4768,.F.);
#3143=ORIENTED_EDGE('',*,*,#4769,.F.);
#3144=ORIENTED_EDGE('',*,*,#4764,.T.);
#3145=ORIENTED_EDGE('',*,*,#4770,.T.);
#3146=ORIENTED_EDGE('',*,*,#4771,.F.);
#3147=ORIENTED_EDGE('',*,*,#4772,.F.);
#3148=ORIENTED_EDGE('',*,*,#4768,.T.);
#3149=ORIENTED_EDGE('',*,*,#4773,.T.);
#3150=ORIENTED_EDGE('',*,*,#4766,.F.);
#3151=ORIENTED_EDGE('',*,*,#4774,.F.);
#3152=ORIENTED_EDGE('',*,*,#4771,.T.);
#3153=ORIENTED_EDGE('',*,*,#4775,.T.);
#3154=ORIENTED_EDGE('',*,*,#4537,.F.);
#3155=ORIENTED_EDGE('',*,*,#4765,.T.);
#3156=ORIENTED_EDGE('',*,*,#4769,.T.);
#3157=ORIENTED_EDGE('',*,*,#4772,.T.);
#3158=ORIENTED_EDGE('',*,*,#4774,.T.);
#3159=ORIENTED_EDGE('',*,*,#4775,.F.);
#3160=ORIENTED_EDGE('',*,*,#4763,.F.);
#3161=ORIENTED_EDGE('',*,*,#4773,.F.);
#3162=ORIENTED_EDGE('',*,*,#4770,.F.);
#3163=ORIENTED_EDGE('',*,*,#4767,.F.);
#3164=ORIENTED_EDGE('',*,*,#4532,.F.);
#3165=ORIENTED_EDGE('',*,*,#4776,.F.);
#3166=ORIENTED_EDGE('',*,*,#4777,.T.);
#3167=ORIENTED_EDGE('',*,*,#4778,.T.);
#3168=ORIENTED_EDGE('',*,*,#4531,.T.);
#3169=ORIENTED_EDGE('',*,*,#4779,.F.);
#3170=ORIENTED_EDGE('',*,*,#4780,.F.);
#3171=ORIENTED_EDGE('',*,*,#4776,.T.);
#3172=ORIENTED_EDGE('',*,*,#4536,.F.);
#3173=ORIENTED_EDGE('',*,*,#4781,.F.);
#3174=ORIENTED_EDGE('',*,*,#4782,.T.);
#3175=ORIENTED_EDGE('',*,*,#4779,.T.);
#3176=ORIENTED_EDGE('',*,*,#4535,.F.);
#3177=ORIENTED_EDGE('',*,*,#4783,.F.);
#3178=ORIENTED_EDGE('',*,*,#4784,.T.);
#3179=ORIENTED_EDGE('',*,*,#4781,.T.);
#3180=ORIENTED_EDGE('',*,*,#4534,.T.);
#3181=ORIENTED_EDGE('',*,*,#4785,.F.);
#3182=ORIENTED_EDGE('',*,*,#4786,.F.);
#3183=ORIENTED_EDGE('',*,*,#4783,.T.);
#3184=ORIENTED_EDGE('',*,*,#4533,.F.);
#3185=ORIENTED_EDGE('',*,*,#4778,.F.);
#3186=ORIENTED_EDGE('',*,*,#4787,.T.);
#3187=ORIENTED_EDGE('',*,*,#4785,.T.);
#3188=ORIENTED_EDGE('',*,*,#4777,.F.);
#3189=ORIENTED_EDGE('',*,*,#4780,.T.);
#3190=ORIENTED_EDGE('',*,*,#4782,.F.);
#3191=ORIENTED_EDGE('',*,*,#4784,.F.);
#3192=ORIENTED_EDGE('',*,*,#4786,.T.);
#3193=ORIENTED_EDGE('',*,*,#4787,.F.);
#3194=ORIENTED_EDGE('',*,*,#4528,.F.);
#3195=ORIENTED_EDGE('',*,*,#4788,.F.);
#3196=ORIENTED_EDGE('',*,*,#4789,.T.);
#3197=ORIENTED_EDGE('',*,*,#4790,.T.);
#3198=ORIENTED_EDGE('',*,*,#4527,.F.);
#3199=ORIENTED_EDGE('',*,*,#4791,.F.);
#3200=ORIENTED_EDGE('',*,*,#4792,.T.);
#3201=ORIENTED_EDGE('',*,*,#4788,.T.);
#3202=ORIENTED_EDGE('',*,*,#4530,.F.);
#3203=ORIENTED_EDGE('',*,*,#4793,.F.);
#3204=ORIENTED_EDGE('',*,*,#4794,.T.);
#3205=ORIENTED_EDGE('',*,*,#4791,.T.);
#3206=ORIENTED_EDGE('',*,*,#4795,.T.);
#3207=ORIENTED_EDGE('',*,*,#4796,.F.);
#3208=ORIENTED_EDGE('',*,*,#4797,.F.);
#3209=ORIENTED_EDGE('',*,*,#4798,.T.);
#3210=ORIENTED_EDGE('',*,*,#4799,.T.);
#3211=ORIENTED_EDGE('',*,*,#4800,.F.);
#3212=ORIENTED_EDGE('',*,*,#4801,.F.);
#3213=ORIENTED_EDGE('',*,*,#4796,.T.);
#3214=ORIENTED_EDGE('',*,*,#4802,.T.);
#3215=ORIENTED_EDGE('',*,*,#4803,.F.);
#3216=ORIENTED_EDGE('',*,*,#4804,.F.);
#3217=ORIENTED_EDGE('',*,*,#4800,.T.);
#3218=ORIENTED_EDGE('',*,*,#4805,.T.);
#3219=ORIENTED_EDGE('',*,*,#4798,.F.);
#3220=ORIENTED_EDGE('',*,*,#4806,.F.);
#3221=ORIENTED_EDGE('',*,*,#4803,.T.);
#3222=ORIENTED_EDGE('',*,*,#4529,.F.);
#3223=ORIENTED_EDGE('',*,*,#4790,.F.);
#3224=ORIENTED_EDGE('',*,*,#4807,.T.);
#3225=ORIENTED_EDGE('',*,*,#4793,.T.);
#3226=ORIENTED_EDGE('',*,*,#4797,.T.);
#3227=ORIENTED_EDGE('',*,*,#4801,.T.);
#3228=ORIENTED_EDGE('',*,*,#4804,.T.);
#3229=ORIENTED_EDGE('',*,*,#4806,.T.);
#3230=ORIENTED_EDGE('',*,*,#4789,.F.);
#3231=ORIENTED_EDGE('',*,*,#4792,.F.);
#3232=ORIENTED_EDGE('',*,*,#4794,.F.);
#3233=ORIENTED_EDGE('',*,*,#4807,.F.);
#3234=ORIENTED_EDGE('',*,*,#4795,.F.);
#3235=ORIENTED_EDGE('',*,*,#4805,.F.);
#3236=ORIENTED_EDGE('',*,*,#4802,.F.);
#3237=ORIENTED_EDGE('',*,*,#4799,.F.);
#3238=ORIENTED_EDGE('',*,*,#4808,.T.);
#3239=ORIENTED_EDGE('',*,*,#4809,.F.);
#3240=ORIENTED_EDGE('',*,*,#4810,.F.);
#3241=ORIENTED_EDGE('',*,*,#4811,.T.);
#3242=ORIENTED_EDGE('',*,*,#4812,.T.);
#3243=ORIENTED_EDGE('',*,*,#4813,.F.);
#3244=ORIENTED_EDGE('',*,*,#4814,.F.);
#3245=ORIENTED_EDGE('',*,*,#4809,.T.);
#3246=ORIENTED_EDGE('',*,*,#4815,.T.);
#3247=ORIENTED_EDGE('',*,*,#4816,.F.);
#3248=ORIENTED_EDGE('',*,*,#4817,.F.);
#3249=ORIENTED_EDGE('',*,*,#4813,.T.);
#3250=ORIENTED_EDGE('',*,*,#4818,.T.);
#3251=ORIENTED_EDGE('',*,*,#4811,.F.);
#3252=ORIENTED_EDGE('',*,*,#4819,.F.);
#3253=ORIENTED_EDGE('',*,*,#4816,.T.);
#3254=ORIENTED_EDGE('',*,*,#4820,.T.);
#3255=ORIENTED_EDGE('',*,*,#4526,.F.);
#3256=ORIENTED_EDGE('',*,*,#4810,.T.);
#3257=ORIENTED_EDGE('',*,*,#4814,.T.);
#3258=ORIENTED_EDGE('',*,*,#4817,.T.);
#3259=ORIENTED_EDGE('',*,*,#4819,.T.);
#3260=ORIENTED_EDGE('',*,*,#4820,.F.);
#3261=ORIENTED_EDGE('',*,*,#4808,.F.);
#3262=ORIENTED_EDGE('',*,*,#4818,.F.);
#3263=ORIENTED_EDGE('',*,*,#4815,.F.);
#3264=ORIENTED_EDGE('',*,*,#4812,.F.);
#3265=ORIENTED_EDGE('',*,*,#4521,.F.);
#3266=ORIENTED_EDGE('',*,*,#4821,.F.);
#3267=ORIENTED_EDGE('',*,*,#4822,.T.);
#3268=ORIENTED_EDGE('',*,*,#4823,.T.);
#3269=ORIENTED_EDGE('',*,*,#4520,.T.);
#3270=ORIENTED_EDGE('',*,*,#4824,.F.);
#3271=ORIENTED_EDGE('',*,*,#4825,.F.);
#3272=ORIENTED_EDGE('',*,*,#4821,.T.);
#3273=ORIENTED_EDGE('',*,*,#4525,.F.);
#3274=ORIENTED_EDGE('',*,*,#4826,.F.);
#3275=ORIENTED_EDGE('',*,*,#4827,.T.);
#3276=ORIENTED_EDGE('',*,*,#4824,.T.);
#3277=ORIENTED_EDGE('',*,*,#4524,.F.);
#3278=ORIENTED_EDGE('',*,*,#4828,.F.);
#3279=ORIENTED_EDGE('',*,*,#4829,.T.);
#3280=ORIENTED_EDGE('',*,*,#4826,.T.);
#3281=ORIENTED_EDGE('',*,*,#4523,.T.);
#3282=ORIENTED_EDGE('',*,*,#4830,.F.);
#3283=ORIENTED_EDGE('',*,*,#4831,.F.);
#3284=ORIENTED_EDGE('',*,*,#4828,.T.);
#3285=ORIENTED_EDGE('',*,*,#4522,.F.);
#3286=ORIENTED_EDGE('',*,*,#4823,.F.);
#3287=ORIENTED_EDGE('',*,*,#4832,.T.);
#3288=ORIENTED_EDGE('',*,*,#4830,.T.);
#3289=ORIENTED_EDGE('',*,*,#4822,.F.);
#3290=ORIENTED_EDGE('',*,*,#4825,.T.);
#3291=ORIENTED_EDGE('',*,*,#4827,.F.);
#3292=ORIENTED_EDGE('',*,*,#4829,.F.);
#3293=ORIENTED_EDGE('',*,*,#4831,.T.);
#3294=ORIENTED_EDGE('',*,*,#4832,.F.);
#3295=ORIENTED_EDGE('',*,*,#4517,.F.);
#3296=ORIENTED_EDGE('',*,*,#4833,.F.);
#3297=ORIENTED_EDGE('',*,*,#4834,.T.);
#3298=ORIENTED_EDGE('',*,*,#4835,.T.);
#3299=ORIENTED_EDGE('',*,*,#4516,.T.);
#3300=ORIENTED_EDGE('',*,*,#4836,.F.);
#3301=ORIENTED_EDGE('',*,*,#4837,.F.);
#3302=ORIENTED_EDGE('',*,*,#4833,.T.);
#3303=ORIENTED_EDGE('',*,*,#4515,.F.);
#3304=ORIENTED_EDGE('',*,*,#4838,.F.);
#3305=ORIENTED_EDGE('',*,*,#4839,.T.);
#3306=ORIENTED_EDGE('',*,*,#4836,.T.);
#3307=ORIENTED_EDGE('',*,*,#4514,.F.);
#3308=ORIENTED_EDGE('',*,*,#4840,.F.);
#3309=ORIENTED_EDGE('',*,*,#4841,.T.);
#3310=ORIENTED_EDGE('',*,*,#4838,.T.);
#3311=ORIENTED_EDGE('',*,*,#4519,.T.);
#3312=ORIENTED_EDGE('',*,*,#4842,.F.);
#3313=ORIENTED_EDGE('',*,*,#4843,.F.);
#3314=ORIENTED_EDGE('',*,*,#4840,.T.);
#3315=ORIENTED_EDGE('',*,*,#4518,.F.);
#3316=ORIENTED_EDGE('',*,*,#4835,.F.);
#3317=ORIENTED_EDGE('',*,*,#4844,.T.);
#3318=ORIENTED_EDGE('',*,*,#4842,.T.);
#3319=ORIENTED_EDGE('',*,*,#4834,.F.);
#3320=ORIENTED_EDGE('',*,*,#4837,.T.);
#3321=ORIENTED_EDGE('',*,*,#4839,.F.);
#3322=ORIENTED_EDGE('',*,*,#4841,.F.);
#3323=ORIENTED_EDGE('',*,*,#4843,.T.);
#3324=ORIENTED_EDGE('',*,*,#4844,.F.);
#3325=ORIENTED_EDGE('',*,*,#4511,.F.);
#3326=ORIENTED_EDGE('',*,*,#4845,.F.);
#3327=ORIENTED_EDGE('',*,*,#4846,.T.);
#3328=ORIENTED_EDGE('',*,*,#4847,.T.);
#3329=ORIENTED_EDGE('',*,*,#4510,.F.);
#3330=ORIENTED_EDGE('',*,*,#4848,.F.);
#3331=ORIENTED_EDGE('',*,*,#4849,.T.);
#3332=ORIENTED_EDGE('',*,*,#4845,.T.);
#3333=ORIENTED_EDGE('',*,*,#4513,.F.);
#3334=ORIENTED_EDGE('',*,*,#4850,.F.);
#3335=ORIENTED_EDGE('',*,*,#4851,.T.);
#3336=ORIENTED_EDGE('',*,*,#4848,.T.);
#3337=ORIENTED_EDGE('',*,*,#4852,.T.);
#3338=ORIENTED_EDGE('',*,*,#4853,.F.);
#3339=ORIENTED_EDGE('',*,*,#4854,.F.);
#3340=ORIENTED_EDGE('',*,*,#4855,.T.);
#3341=ORIENTED_EDGE('',*,*,#4856,.T.);
#3342=ORIENTED_EDGE('',*,*,#4857,.F.);
#3343=ORIENTED_EDGE('',*,*,#4858,.F.);
#3344=ORIENTED_EDGE('',*,*,#4853,.T.);
#3345=ORIENTED_EDGE('',*,*,#4859,.T.);
#3346=ORIENTED_EDGE('',*,*,#4860,.F.);
#3347=ORIENTED_EDGE('',*,*,#4861,.F.);
#3348=ORIENTED_EDGE('',*,*,#4857,.T.);
#3349=ORIENTED_EDGE('',*,*,#4862,.T.);
#3350=ORIENTED_EDGE('',*,*,#4855,.F.);
#3351=ORIENTED_EDGE('',*,*,#4863,.F.);
#3352=ORIENTED_EDGE('',*,*,#4860,.T.);
#3353=ORIENTED_EDGE('',*,*,#4512,.F.);
#3354=ORIENTED_EDGE('',*,*,#4847,.F.);
#3355=ORIENTED_EDGE('',*,*,#4864,.T.);
#3356=ORIENTED_EDGE('',*,*,#4850,.T.);
#3357=ORIENTED_EDGE('',*,*,#4854,.T.);
#3358=ORIENTED_EDGE('',*,*,#4858,.T.);
#3359=ORIENTED_EDGE('',*,*,#4861,.T.);
#3360=ORIENTED_EDGE('',*,*,#4863,.T.);
#3361=ORIENTED_EDGE('',*,*,#4846,.F.);
#3362=ORIENTED_EDGE('',*,*,#4849,.F.);
#3363=ORIENTED_EDGE('',*,*,#4851,.F.);
#3364=ORIENTED_EDGE('',*,*,#4864,.F.);
#3365=ORIENTED_EDGE('',*,*,#4852,.F.);
#3366=ORIENTED_EDGE('',*,*,#4862,.F.);
#3367=ORIENTED_EDGE('',*,*,#4859,.F.);
#3368=ORIENTED_EDGE('',*,*,#4856,.F.);
#3369=ORIENTED_EDGE('',*,*,#4507,.F.);
#3370=ORIENTED_EDGE('',*,*,#4865,.F.);
#3371=ORIENTED_EDGE('',*,*,#4866,.T.);
#3372=ORIENTED_EDGE('',*,*,#4867,.T.);
#3373=ORIENTED_EDGE('',*,*,#4506,.F.);
#3374=ORIENTED_EDGE('',*,*,#4868,.F.);
#3375=ORIENTED_EDGE('',*,*,#4869,.T.);
#3376=ORIENTED_EDGE('',*,*,#4865,.T.);
#3377=ORIENTED_EDGE('',*,*,#4509,.F.);
#3378=ORIENTED_EDGE('',*,*,#4870,.F.);
#3379=ORIENTED_EDGE('',*,*,#4871,.T.);
#3380=ORIENTED_EDGE('',*,*,#4868,.T.);
#3381=ORIENTED_EDGE('',*,*,#4872,.T.);
#3382=ORIENTED_EDGE('',*,*,#4873,.F.);
#3383=ORIENTED_EDGE('',*,*,#4874,.F.);
#3384=ORIENTED_EDGE('',*,*,#4875,.T.);
#3385=ORIENTED_EDGE('',*,*,#4876,.T.);
#3386=ORIENTED_EDGE('',*,*,#4877,.F.);
#3387=ORIENTED_EDGE('',*,*,#4878,.F.);
#3388=ORIENTED_EDGE('',*,*,#4873,.T.);
#3389=ORIENTED_EDGE('',*,*,#4879,.T.);
#3390=ORIENTED_EDGE('',*,*,#4880,.F.);
#3391=ORIENTED_EDGE('',*,*,#4881,.F.);
#3392=ORIENTED_EDGE('',*,*,#4877,.T.);
#3393=ORIENTED_EDGE('',*,*,#4882,.T.);
#3394=ORIENTED_EDGE('',*,*,#4875,.F.);
#3395=ORIENTED_EDGE('',*,*,#4883,.F.);
#3396=ORIENTED_EDGE('',*,*,#4880,.T.);
#3397=ORIENTED_EDGE('',*,*,#4508,.F.);
#3398=ORIENTED_EDGE('',*,*,#4867,.F.);
#3399=ORIENTED_EDGE('',*,*,#4884,.T.);
#3400=ORIENTED_EDGE('',*,*,#4870,.T.);
#3401=ORIENTED_EDGE('',*,*,#4874,.T.);
#3402=ORIENTED_EDGE('',*,*,#4878,.T.);
#3403=ORIENTED_EDGE('',*,*,#4881,.T.);
#3404=ORIENTED_EDGE('',*,*,#4883,.T.);
#3405=ORIENTED_EDGE('',*,*,#4866,.F.);
#3406=ORIENTED_EDGE('',*,*,#4869,.F.);
#3407=ORIENTED_EDGE('',*,*,#4871,.F.);
#3408=ORIENTED_EDGE('',*,*,#4884,.F.);
#3409=ORIENTED_EDGE('',*,*,#4872,.F.);
#3410=ORIENTED_EDGE('',*,*,#4882,.F.);
#3411=ORIENTED_EDGE('',*,*,#4879,.F.);
#3412=ORIENTED_EDGE('',*,*,#4876,.F.);
#3413=ORIENTED_EDGE('',*,*,#4501,.F.);
#3414=ORIENTED_EDGE('',*,*,#4885,.F.);
#3415=ORIENTED_EDGE('',*,*,#4886,.T.);
#3416=ORIENTED_EDGE('',*,*,#4887,.T.);
#3417=ORIENTED_EDGE('',*,*,#4500,.T.);
#3418=ORIENTED_EDGE('',*,*,#4888,.F.);
#3419=ORIENTED_EDGE('',*,*,#4889,.F.);
#3420=ORIENTED_EDGE('',*,*,#4885,.T.);
#3421=ORIENTED_EDGE('',*,*,#4505,.F.);
#3422=ORIENTED_EDGE('',*,*,#4890,.F.);
#3423=ORIENTED_EDGE('',*,*,#4891,.T.);
#3424=ORIENTED_EDGE('',*,*,#4888,.T.);
#3425=ORIENTED_EDGE('',*,*,#4504,.F.);
#3426=ORIENTED_EDGE('',*,*,#4892,.F.);
#3427=ORIENTED_EDGE('',*,*,#4893,.T.);
#3428=ORIENTED_EDGE('',*,*,#4890,.T.);
#3429=ORIENTED_EDGE('',*,*,#4503,.T.);
#3430=ORIENTED_EDGE('',*,*,#4894,.F.);
#3431=ORIENTED_EDGE('',*,*,#4895,.F.);
#3432=ORIENTED_EDGE('',*,*,#4892,.T.);
#3433=ORIENTED_EDGE('',*,*,#4502,.F.);
#3434=ORIENTED_EDGE('',*,*,#4887,.F.);
#3435=ORIENTED_EDGE('',*,*,#4896,.T.);
#3436=ORIENTED_EDGE('',*,*,#4894,.T.);
#3437=ORIENTED_EDGE('',*,*,#4886,.F.);
#3438=ORIENTED_EDGE('',*,*,#4889,.T.);
#3439=ORIENTED_EDGE('',*,*,#4891,.F.);
#3440=ORIENTED_EDGE('',*,*,#4893,.F.);
#3441=ORIENTED_EDGE('',*,*,#4895,.T.);
#3442=ORIENTED_EDGE('',*,*,#4896,.F.);
#3443=ORIENTED_EDGE('',*,*,#4492,.T.);
#3444=ORIENTED_EDGE('',*,*,#4897,.F.);
#3445=ORIENTED_EDGE('',*,*,#4898,.F.);
#3446=ORIENTED_EDGE('',*,*,#4899,.T.);
#3447=ORIENTED_EDGE('',*,*,#4491,.F.);
#3448=ORIENTED_EDGE('',*,*,#4900,.F.);
#3449=ORIENTED_EDGE('',*,*,#4901,.T.);
#3450=ORIENTED_EDGE('',*,*,#4897,.T.);
#3451=ORIENTED_EDGE('',*,*,#4490,.T.);
#3452=ORIENTED_EDGE('',*,*,#4902,.F.);
#3453=ORIENTED_EDGE('',*,*,#4903,.F.);
#3454=ORIENTED_EDGE('',*,*,#4900,.T.);
#3455=ORIENTED_EDGE('',*,*,#4499,.T.);
#3456=ORIENTED_EDGE('',*,*,#4904,.F.);
#3457=ORIENTED_EDGE('',*,*,#4905,.F.);
#3458=ORIENTED_EDGE('',*,*,#4902,.T.);
#3459=ORIENTED_EDGE('',*,*,#4498,.F.);
#3460=ORIENTED_EDGE('',*,*,#4906,.F.);
#3461=ORIENTED_EDGE('',*,*,#4907,.T.);
#3462=ORIENTED_EDGE('',*,*,#4904,.T.);
#3463=ORIENTED_EDGE('',*,*,#4497,.T.);
#3464=ORIENTED_EDGE('',*,*,#4908,.F.);
#3465=ORIENTED_EDGE('',*,*,#4909,.F.);
#3466=ORIENTED_EDGE('',*,*,#4906,.T.);
#3467=ORIENTED_EDGE('',*,*,#4496,.T.);
#3468=ORIENTED_EDGE('',*,*,#4910,.F.);
#3469=ORIENTED_EDGE('',*,*,#4911,.F.);
#3470=ORIENTED_EDGE('',*,*,#4908,.T.);
#3471=ORIENTED_EDGE('',*,*,#4495,.F.);
#3472=ORIENTED_EDGE('',*,*,#4912,.F.);
#3473=ORIENTED_EDGE('',*,*,#4913,.T.);
#3474=ORIENTED_EDGE('',*,*,#4910,.T.);
#3475=ORIENTED_EDGE('',*,*,#4494,.F.);
#3476=ORIENTED_EDGE('',*,*,#4914,.F.);
#3477=ORIENTED_EDGE('',*,*,#4915,.T.);
#3478=ORIENTED_EDGE('',*,*,#4912,.T.);
#3479=ORIENTED_EDGE('',*,*,#4493,.T.);
#3480=ORIENTED_EDGE('',*,*,#4899,.F.);
#3481=ORIENTED_EDGE('',*,*,#4916,.F.);
#3482=ORIENTED_EDGE('',*,*,#4914,.T.);
#3483=ORIENTED_EDGE('',*,*,#4898,.T.);
#3484=ORIENTED_EDGE('',*,*,#4901,.F.);
#3485=ORIENTED_EDGE('',*,*,#4903,.T.);
#3486=ORIENTED_EDGE('',*,*,#4905,.T.);
#3487=ORIENTED_EDGE('',*,*,#4907,.F.);
#3488=ORIENTED_EDGE('',*,*,#4909,.T.);
#3489=ORIENTED_EDGE('',*,*,#4911,.T.);
#3490=ORIENTED_EDGE('',*,*,#4913,.F.);
#3491=ORIENTED_EDGE('',*,*,#4915,.F.);
#3492=ORIENTED_EDGE('',*,*,#4916,.T.);
#3493=ORIENTED_EDGE('',*,*,#4917,.F.);
#3494=ORIENTED_EDGE('',*,*,#4918,.F.);
#3495=ORIENTED_EDGE('',*,*,#4919,.T.);
#3496=ORIENTED_EDGE('',*,*,#4211,.T.);
#3497=ORIENTED_EDGE('',*,*,#4920,.F.);
#3498=ORIENTED_EDGE('',*,*,#4921,.F.);
#3499=ORIENTED_EDGE('',*,*,#4922,.T.);
#3500=ORIENTED_EDGE('',*,*,#4918,.T.);
#3501=ORIENTED_EDGE('',*,*,#4923,.F.);
#3502=ORIENTED_EDGE('',*,*,#4209,.F.);
#3503=ORIENTED_EDGE('',*,*,#4924,.T.);
#3504=ORIENTED_EDGE('',*,*,#4921,.T.);
#3505=ORIENTED_EDGE('',*,*,#4925,.F.);
#3506=ORIENTED_EDGE('',*,*,#4208,.T.);
#3507=ORIENTED_EDGE('',*,*,#4919,.F.);
#3508=ORIENTED_EDGE('',*,*,#4922,.F.);
#3509=ORIENTED_EDGE('',*,*,#4924,.F.);
#3510=ORIENTED_EDGE('',*,*,#4926,.F.);
#3511=ORIENTED_EDGE('',*,*,#4210,.F.);
#3512=ORIENTED_EDGE('',*,*,#4923,.T.);
#3513=ORIENTED_EDGE('',*,*,#4920,.T.);
#3514=ORIENTED_EDGE('',*,*,#4917,.T.);
#3515=ORIENTED_EDGE('',*,*,#4927,.T.);
#3516=ORIENTED_EDGE('',*,*,#4928,.F.);
#3517=ORIENTED_EDGE('',*,*,#4929,.F.);
#3518=ORIENTED_EDGE('',*,*,#4228,.T.);
#3519=ORIENTED_EDGE('',*,*,#4930,.T.);
#3520=ORIENTED_EDGE('',*,*,#4931,.F.);
#3521=ORIENTED_EDGE('',*,*,#4932,.F.);
#3522=ORIENTED_EDGE('',*,*,#4928,.T.);
#3523=ORIENTED_EDGE('',*,*,#4933,.T.);
#3524=ORIENTED_EDGE('',*,*,#4230,.F.);
#3525=ORIENTED_EDGE('',*,*,#4934,.F.);
#3526=ORIENTED_EDGE('',*,*,#4931,.T.);
#3527=ORIENTED_EDGE('',*,*,#4229,.F.);
#3528=ORIENTED_EDGE('',*,*,#4929,.T.);
#3529=ORIENTED_EDGE('',*,*,#4932,.T.);
#3530=ORIENTED_EDGE('',*,*,#4934,.T.);
#3531=ORIENTED_EDGE('',*,*,#4935,.T.);
#3532=ORIENTED_EDGE('',*,*,#4231,.T.);
#3533=ORIENTED_EDGE('',*,*,#4933,.F.);
#3534=ORIENTED_EDGE('',*,*,#4930,.F.);
#3535=ORIENTED_EDGE('',*,*,#4927,.F.);
#3536=ORIENTED_EDGE('',*,*,#4936,.F.);
#3537=ORIENTED_EDGE('',*,*,#4937,.F.);
#3538=ORIENTED_EDGE('',*,*,#4938,.T.);
#3539=ORIENTED_EDGE('',*,*,#4207,.T.);
#3540=ORIENTED_EDGE('',*,*,#4939,.F.);
#3541=ORIENTED_EDGE('',*,*,#4940,.F.);
#3542=ORIENTED_EDGE('',*,*,#4941,.T.);
#3543=ORIENTED_EDGE('',*,*,#4937,.T.);
#3544=ORIENTED_EDGE('',*,*,#4942,.F.);
#3545=ORIENTED_EDGE('',*,*,#4205,.F.);
#3546=ORIENTED_EDGE('',*,*,#4943,.T.);
#3547=ORIENTED_EDGE('',*,*,#4940,.T.);
#3548=ORIENTED_EDGE('',*,*,#4204,.T.);
#3549=ORIENTED_EDGE('',*,*,#4938,.F.);
#3550=ORIENTED_EDGE('',*,*,#4941,.F.);
#3551=ORIENTED_EDGE('',*,*,#4943,.F.);
#3552=ORIENTED_EDGE('',*,*,#4944,.F.);
#3553=ORIENTED_EDGE('',*,*,#4206,.F.);
#3554=ORIENTED_EDGE('',*,*,#4942,.T.);
#3555=ORIENTED_EDGE('',*,*,#4939,.T.);
#3556=ORIENTED_EDGE('',*,*,#4936,.T.);
#3557=ORIENTED_EDGE('',*,*,#4925,.T.);
#3558=ORIENTED_EDGE('',*,*,#4926,.T.);
#3559=ORIENTED_EDGE('',*,*,#4935,.F.);
#3560=ORIENTED_EDGE('',*,*,#4945,.T.);
#3561=ORIENTED_EDGE('',*,*,#4945,.F.);
#3562=ORIENTED_EDGE('',*,*,#4946,.F.);
#3563=ORIENTED_EDGE('',*,*,#4944,.T.);
#3564=ORIENTED_EDGE('',*,*,#4946,.T.);
#3565=EDGE_CURVE('',#4947,#4948,#5881,.T.);
#3566=EDGE_CURVE('',#4947,#4949,#5882,.T.);
#3567=EDGE_CURVE('',#4949,#4950,#5883,.T.);
#3568=EDGE_CURVE('',#4950,#4951,#5884,.T.);
#3569=EDGE_CURVE('',#4948,#4951,#5885,.T.);
#3570=EDGE_CURVE('',#4952,#4953,#585,.F.);
#3571=EDGE_CURVE('',#4952,#4947,#586,.F.);
#3572=EDGE_CURVE('',#4954,#4948,#131,.T.);
#3573=EDGE_CURVE('',#4953,#4954,#5886,.T.);
#3574=EDGE_CURVE('',#4955,#4956,#5887,.T.);
#3575=EDGE_CURVE('',#4957,#4956,#5888,.T.);
#3576=EDGE_CURVE('',#4955,#4957,#132,.T.);
#3577=EDGE_CURVE('',#4958,#4959,#5889,.T.);
#3578=EDGE_CURVE('',#4958,#4960,#5890,.T.);
#3579=EDGE_CURVE('',#4961,#4960,#133,.T.);
#3580=EDGE_CURVE('',#4962,#4961,#5891,.T.);
#3581=EDGE_CURVE('',#4962,#4963,#5892,.T.);
#3582=EDGE_CURVE('',#4963,#4959,#5893,.T.);
#3583=EDGE_CURVE('',#4961,#4964,#5894,.T.);
#3584=EDGE_CURVE('',#4964,#4960,#5895,.T.);
#3585=EDGE_CURVE('',#4965,#4966,#5896,.T.);
#3586=EDGE_CURVE('',#4965,#4967,#134,.T.);
#3587=EDGE_CURVE('',#4967,#4968,#135,.T.);
#3588=EDGE_CURVE('',#4969,#4968,#5897,.T.);
#3589=EDGE_CURVE('',#4969,#4970,#136,.T.);
#3590=EDGE_CURVE('',#4970,#4966,#137,.T.);
#3591=EDGE_CURVE('',#4971,#4972,#62,.T.);
#3592=EDGE_CURVE('',#4973,#4971,#63,.T.);
#3593=EDGE_CURVE('',#4974,#4973,#64,.T.);
#3594=EDGE_CURVE('',#4972,#4974,#65,.T.);
#3595=EDGE_CURVE('',#4975,#4976,#66,.T.);
#3596=EDGE_CURVE('',#4975,#4977,#138,.T.);
#3597=EDGE_CURVE('',#4978,#4977,#5898,.T.);
#3598=EDGE_CURVE('',#4978,#4979,#139,.T.);
#3599=EDGE_CURVE('',#4979,#4980,#140,.T.);
#3600=EDGE_CURVE('',#4981,#4980,#5899,.T.);
#3601=EDGE_CURVE('',#4982,#4981,#5900,.T.);
#3602=EDGE_CURVE('',#4982,#4983,#141,.T.);
#3603=EDGE_CURVE('',#4983,#4984,#142,.T.);
#3604=EDGE_CURVE('',#4985,#4984,#5901,.T.);
#3605=EDGE_CURVE('',#4976,#4985,#5902,.T.);
#3606=EDGE_CURVE('',#4986,#4987,#5903,.T.);
#3607=EDGE_CURVE('',#4988,#4986,#5904,.T.);
#3608=EDGE_CURVE('',#4988,#4989,#143,.T.);
#3609=EDGE_CURVE('',#4989,#4990,#144,.T.);
#3610=EDGE_CURVE('',#4991,#4990,#5905,.T.);
#3611=EDGE_CURVE('',#4991,#4992,#145,.T.);
#3612=EDGE_CURVE('',#4993,#4992,#5906,.T.);
#3613=EDGE_CURVE('',#4993,#4994,#146,.T.);
#3614=EDGE_CURVE('',#4995,#4994,#5907,.T.);
#3615=EDGE_CURVE('',#4995,#4996,#147,.T.);
#3616=EDGE_CURVE('',#4996,#4997,#148,.T.);
#3617=EDGE_CURVE('',#4998,#4997,#5908,.T.);
#3618=EDGE_CURVE('',#4999,#4998,#5909,.T.);
#3619=EDGE_CURVE('',#5000,#4999,#5910,.T.);
#3620=EDGE_CURVE('',#5000,#5001,#149,.T.);
#3621=EDGE_CURVE('',#5001,#5002,#150,.T.);
#3622=EDGE_CURVE('',#4987,#5002,#5911,.T.);
#3623=EDGE_CURVE('',#5003,#5004,#5912,.T.);
#3624=EDGE_CURVE('',#5005,#5003,#5913,.T.);
#3625=EDGE_CURVE('',#5005,#5006,#151,.T.);
#3626=EDGE_CURVE('',#5006,#5007,#152,.T.);
#3627=EDGE_CURVE('',#5008,#5007,#5914,.T.);
#3628=EDGE_CURVE('',#5009,#5008,#5915,.T.);
#3629=EDGE_CURVE('',#5009,#5010,#153,.T.);
#3630=EDGE_CURVE('',#5011,#5010,#67,.T.);
#3631=EDGE_CURVE('',#5012,#5011,#5916,.T.);
#3632=EDGE_CURVE('',#5012,#5013,#154,.T.);
#3633=EDGE_CURVE('',#5013,#5004,#155,.T.);
#3634=EDGE_CURVE('',#5014,#5015,#5917,.F.);
#3635=EDGE_CURVE('',#5016,#5014,#156,.T.);
#3636=EDGE_CURVE('',#5017,#5016,#5918,.F.);
#3637=EDGE_CURVE('',#5018,#5017,#157,.T.);
#3638=EDGE_CURVE('',#5019,#5018,#158,.F.);
#3639=EDGE_CURVE('',#5020,#5019,#5919,.F.);
#3640=EDGE_CURVE('',#5021,#5020,#159,.T.);
#3641=EDGE_CURVE('',#5022,#5021,#5920,.F.);
#3642=EDGE_CURVE('',#5023,#5022,#160,.T.);
#3643=EDGE_CURVE('',#5024,#5023,#5921,.T.);
#3644=EDGE_CURVE('',#5025,#5024,#161,.F.);
#3645=EDGE_CURVE('',#5026,#5025,#162,.T.);
#3646=EDGE_CURVE('',#5027,#5026,#5922,.F.);
#3647=EDGE_CURVE('',#5028,#5027,#163,.T.);
#3648=EDGE_CURVE('',#5029,#5028,#5923,.T.);
#3649=EDGE_CURVE('',#5015,#5029,#164,.F.);
#3650=EDGE_CURVE('',#5030,#5031,#5924,.T.);
#3651=EDGE_CURVE('',#5030,#5032,#165,.T.);
#3652=EDGE_CURVE('',#5032,#5033,#166,.T.);
#3653=EDGE_CURVE('',#5034,#5033,#5925,.T.);
#3654=EDGE_CURVE('',#5035,#5034,#5926,.T.);
#3655=EDGE_CURVE('',#5036,#5035,#5927,.T.);
#3656=EDGE_CURVE('',#5036,#5037,#167,.T.);
#3657=EDGE_CURVE('',#5037,#5038,#168,.T.);
#3658=EDGE_CURVE('',#5039,#5038,#5928,.T.);
#3659=EDGE_CURVE('',#5040,#5039,#5929,.T.);
#3660=EDGE_CURVE('',#5041,#5040,#5930,.T.);
#3661=EDGE_CURVE('',#5041,#5042,#169,.T.);
#3662=EDGE_CURVE('',#5042,#5043,#170,.T.);
#3663=EDGE_CURVE('',#5044,#5043,#5931,.T.);
#3664=EDGE_CURVE('',#5044,#5045,#171,.T.);
#3665=EDGE_CURVE('',#5046,#5045,#5932,.T.);
#3666=EDGE_CURVE('',#5046,#5031,#172,.T.);
#3667=EDGE_CURVE('',#4963,#5047,#5933,.T.);
#3668=EDGE_CURVE('',#5047,#5048,#5934,.T.);
#3669=EDGE_CURVE('',#4959,#5048,#5935,.T.);
#3670=EDGE_CURVE('',#5049,#5050,#5936,.T.);
#3671=EDGE_CURVE('',#5050,#5051,#5937,.T.);
#3672=EDGE_CURVE('',#5052,#5051,#5938,.T.);
#3673=EDGE_CURVE('',#5049,#5052,#5939,.T.);
#3674=EDGE_CURVE('',#4950,#5053,#5940,.T.);
#3675=EDGE_CURVE('',#5053,#5054,#5941,.T.);
#3676=EDGE_CURVE('',#4951,#5054,#5942,.T.);
#3677=EDGE_CURVE('',#5055,#5056,#5943,.T.);
#3678=EDGE_CURVE('',#5056,#5057,#5944,.T.);
#3679=EDGE_CURVE('',#5058,#5057,#173,.T.);
#3680=EDGE_CURVE('',#5058,#5059,#5945,.T.);
#3681=EDGE_CURVE('',#5060,#5059,#174,.T.);
#3682=EDGE_CURVE('',#5060,#5061,#5946,.T.);
#3683=EDGE_CURVE('',#5061,#5062,#5947,.T.);
#3684=EDGE_CURVE('',#5063,#5062,#175,.T.);
#3685=EDGE_CURVE('',#5063,#5064,#5948,.T.);
#3686=EDGE_CURVE('',#5064,#5065,#5949,.T.);
#3687=EDGE_CURVE('',#5066,#5065,#176,.T.);
#3688=EDGE_CURVE('',#5066,#5067,#5950,.T.);
#3689=EDGE_CURVE('',#5068,#5067,#177,.T.);
#3690=EDGE_CURVE('',#5068,#5069,#5951,.T.);
#3691=EDGE_CURVE('',#5070,#5069,#178,.T.);
#3692=EDGE_CURVE('',#5070,#5071,#5952,.T.);
#3693=EDGE_CURVE('',#5072,#5071,#179,.T.);
#3694=EDGE_CURVE('',#5072,#5073,#5953,.T.);
#3695=EDGE_CURVE('',#5074,#5073,#5954,.T.);
#3696=EDGE_CURVE('',#5075,#5074,#180,.T.);
#3697=EDGE_CURVE('',#5075,#5076,#5955,.T.);
#3698=EDGE_CURVE('',#5076,#5077,#5956,.T.);
#3699=EDGE_CURVE('',#5078,#5077,#181,.T.);
#3700=EDGE_CURVE('',#5078,#5079,#5957,.T.);
#3701=EDGE_CURVE('',#5080,#5079,#182,.T.);
#3702=EDGE_CURVE('',#5080,#5081,#5958,.T.);
#3703=EDGE_CURVE('',#5081,#5082,#5959,.T.);
#3704=EDGE_CURVE('',#5055,#5082,#183,.T.);
#3705=EDGE_CURVE('',#5083,#5084,#184,.T.);
#3706=EDGE_CURVE('',#5085,#5084,#5960,.T.);
#3707=EDGE_CURVE('',#5085,#5086,#185,.T.);
#3708=EDGE_CURVE('',#5087,#5086,#5961,.T.);
#3709=EDGE_CURVE('',#5088,#5087,#186,.T.);
#3710=EDGE_CURVE('',#5089,#5088,#5962,.T.);
#3711=EDGE_CURVE('',#5089,#5090,#187,.T.);
#3712=EDGE_CURVE('',#5091,#5090,#5963,.T.);
#3713=EDGE_CURVE('',#5091,#5092,#188,.T.);
#3714=EDGE_CURVE('',#5093,#5092,#189,.T.);
#3715=EDGE_CURVE('',#5094,#5093,#5964,.T.);
#3716=EDGE_CURVE('',#5094,#5095,#190,.T.);
#3717=EDGE_CURVE('',#5096,#5095,#5965,.T.);
#3718=EDGE_CURVE('',#5096,#5097,#191,.T.);
#3719=EDGE_CURVE('',#5098,#5097,#5966,.T.);
#3720=EDGE_CURVE('',#5083,#5098,#192,.T.);
#3721=EDGE_CURVE('',#5099,#5100,#5967,.T.);
#3722=EDGE_CURVE('',#5101,#5100,#5968,.T.);
#3723=EDGE_CURVE('',#5102,#5101,#5969,.T.);
#3724=EDGE_CURVE('',#5102,#5099,#5970,.T.);
#3725=EDGE_CURVE('',#5099,#5103,#5971,.T.);
#3726=EDGE_CURVE('',#5102,#5104,#5972,.T.);
#3727=EDGE_CURVE('',#5104,#5103,#68,.F.);
#3728=EDGE_CURVE('',#5103,#5105,#5973,.T.);
#3729=EDGE_CURVE('',#5104,#5106,#5974,.T.);
#3730=EDGE_CURVE('',#5106,#5105,#69,.F.);
#3731=EDGE_CURVE('',#5105,#5107,#5975,.T.);
#3732=EDGE_CURVE('',#5106,#5108,#5976,.T.);
#3733=EDGE_CURVE('',#5108,#5107,#70,.F.);
#3734=EDGE_CURVE('',#5107,#5109,#5977,.T.);
#3735=EDGE_CURVE('',#5108,#5110,#5978,.T.);
#3736=EDGE_CURVE('',#5110,#5109,#71,.F.);
#3737=EDGE_CURVE('',#5109,#5111,#5979,.T.);
#3738=EDGE_CURVE('',#5110,#5112,#5980,.T.);
#3739=EDGE_CURVE('',#5112,#5111,#72,.F.);
#3740=EDGE_CURVE('',#5111,#5113,#5981,.T.);
#3741=EDGE_CURVE('',#5112,#5114,#5982,.T.);
#3742=EDGE_CURVE('',#5114,#5113,#73,.F.);
#3743=EDGE_CURVE('',#5113,#5115,#5983,.T.);
#3744=EDGE_CURVE('',#5114,#5116,#5984,.T.);
#3745=EDGE_CURVE('',#5116,#5115,#74,.F.);
#3746=EDGE_CURVE('',#5115,#5117,#5985,.T.);
#3747=EDGE_CURVE('',#5116,#5118,#5986,.T.);
#3748=EDGE_CURVE('',#5118,#5117,#75,.F.);
#3749=EDGE_CURVE('',#5117,#5119,#5987,.T.);
#3750=EDGE_CURVE('',#5118,#5120,#5988,.T.);
#3751=EDGE_CURVE('',#5120,#5119,#76,.F.);
#3752=EDGE_CURVE('',#5119,#5121,#5989,.T.);
#3753=EDGE_CURVE('',#5120,#5122,#5990,.T.);
#3754=EDGE_CURVE('',#5122,#5121,#77,.F.);
#3755=EDGE_CURVE('',#5121,#5123,#5991,.T.);
#3756=EDGE_CURVE('',#5122,#5124,#5992,.T.);
#3757=EDGE_CURVE('',#5124,#5123,#78,.F.);
#3758=EDGE_CURVE('',#5123,#5125,#5993,.T.);
#3759=EDGE_CURVE('',#5124,#5126,#5994,.T.);
#3760=EDGE_CURVE('',#5126,#5125,#79,.F.);
#3761=EDGE_CURVE('',#5125,#5127,#5995,.T.);
#3762=EDGE_CURVE('',#5126,#5128,#5996,.T.);
#3763=EDGE_CURVE('',#5128,#5127,#80,.F.);
#3764=EDGE_CURVE('',#5127,#5129,#5997,.T.);
#3765=EDGE_CURVE('',#5128,#5130,#5998,.T.);
#3766=EDGE_CURVE('',#5130,#5129,#81,.F.);
#3767=EDGE_CURVE('',#5129,#5131,#5999,.T.);
#3768=EDGE_CURVE('',#5130,#5132,#6000,.T.);
#3769=EDGE_CURVE('',#5132,#5131,#82,.F.);
#3770=EDGE_CURVE('',#5131,#5133,#6001,.T.);
#3771=EDGE_CURVE('',#5132,#5134,#6002,.T.);
#3772=EDGE_CURVE('',#5134,#5133,#83,.F.);
#3773=EDGE_CURVE('',#5133,#5135,#6003,.T.);
#3774=EDGE_CURVE('',#5134,#5136,#6004,.T.);
#3775=EDGE_CURVE('',#5136,#5135,#84,.F.);
#3776=EDGE_CURVE('',#5135,#5137,#6005,.T.);
#3777=EDGE_CURVE('',#5136,#5138,#6006,.T.);
#3778=EDGE_CURVE('',#5138,#5137,#85,.F.);
#3779=EDGE_CURVE('',#5137,#5139,#6007,.T.);
#3780=EDGE_CURVE('',#5138,#5140,#6008,.T.);
#3781=EDGE_CURVE('',#5140,#5139,#86,.F.);
#3782=EDGE_CURVE('',#5139,#5141,#6009,.T.);
#3783=EDGE_CURVE('',#5140,#5142,#6010,.T.);
#3784=EDGE_CURVE('',#5142,#5141,#87,.F.);
#3785=EDGE_CURVE('',#5141,#5143,#6011,.T.);
#3786=EDGE_CURVE('',#5142,#5144,#6012,.T.);
#3787=EDGE_CURVE('',#5144,#5143,#88,.F.);
#3788=EDGE_CURVE('',#5143,#5145,#6013,.T.);
#3789=EDGE_CURVE('',#5144,#5146,#6014,.T.);
#3790=EDGE_CURVE('',#5146,#5145,#89,.F.);
#3791=EDGE_CURVE('',#5145,#5147,#6015,.T.);
#3792=EDGE_CURVE('',#5146,#5148,#6016,.T.);
#3793=EDGE_CURVE('',#5148,#5147,#90,.F.);
#3794=EDGE_CURVE('',#5149,#5147,#6017,.T.);
#3795=EDGE_CURVE('',#5150,#5148,#6018,.T.);
#3796=EDGE_CURVE('',#5150,#5149,#6019,.T.);
#3797=EDGE_CURVE('',#5151,#5149,#193,.T.);
#3798=EDGE_CURVE('',#5152,#5150,#194,.T.);
#3799=EDGE_CURVE('',#5152,#5151,#6020,.T.);
#3800=EDGE_CURVE('',#5153,#5151,#6021,.T.);
#3801=EDGE_CURVE('',#5154,#5152,#6022,.T.);
#3802=EDGE_CURVE('',#5154,#5153,#6023,.T.);
#3803=EDGE_CURVE('',#5155,#5153,#195,.T.);
#3804=EDGE_CURVE('',#5156,#5154,#196,.T.);
#3805=EDGE_CURVE('',#5156,#5155,#6024,.T.);
#3806=EDGE_CURVE('',#5157,#5155,#6025,.T.);
#3807=EDGE_CURVE('',#5158,#5156,#6026,.T.);
#3808=EDGE_CURVE('',#5158,#5157,#6027,.T.);
#3809=EDGE_CURVE('',#5159,#5157,#91,.T.);
#3810=EDGE_CURVE('',#5160,#5158,#92,.T.);
#3811=EDGE_CURVE('',#5160,#5159,#6028,.T.);
#3812=EDGE_CURVE('',#5161,#5159,#93,.T.);
#3813=EDGE_CURVE('',#5162,#5160,#94,.T.);
#3814=EDGE_CURVE('',#5162,#5161,#6029,.T.);
#3815=EDGE_CURVE('',#5163,#5161,#6030,.T.);
#3816=EDGE_CURVE('',#5164,#5162,#6031,.T.);
#3817=EDGE_CURVE('',#5164,#5163,#6032,.T.);
#3818=EDGE_CURVE('',#5100,#5163,#197,.T.);
#3819=EDGE_CURVE('',#5101,#5164,#198,.T.);
#3820=EDGE_CURVE('',#5165,#5166,#199,.T.);
#3821=EDGE_CURVE('',#5167,#5166,#6033,.T.);
#3822=EDGE_CURVE('',#5168,#5167,#6034,.T.);
#3823=EDGE_CURVE('',#5168,#5169,#200,.T.);
#3824=EDGE_CURVE('',#5170,#5169,#6035,.T.);
#3825=EDGE_CURVE('',#5170,#5171,#201,.T.);
#3826=EDGE_CURVE('',#5172,#5171,#6036,.T.);
#3827=EDGE_CURVE('',#5173,#5172,#6037,.T.);
#3828=EDGE_CURVE('',#5173,#5174,#202,.T.);
#3829=EDGE_CURVE('',#5174,#5175,#6038,.T.);
#3830=EDGE_CURVE('',#5176,#5175,#6039,.T.);
#3831=EDGE_CURVE('',#5176,#5177,#203,.T.);
#3832=EDGE_CURVE('',#5178,#5177,#6040,.T.);
#3833=EDGE_CURVE('',#5178,#5179,#204,.T.);
#3834=EDGE_CURVE('',#5180,#5179,#6041,.T.);
#3835=EDGE_CURVE('',#5180,#5181,#205,.T.);
#3836=EDGE_CURVE('',#5182,#5181,#6042,.T.);
#3837=EDGE_CURVE('',#5182,#5183,#206,.T.);
#3838=EDGE_CURVE('',#5184,#5183,#6043,.T.);
#3839=EDGE_CURVE('',#5185,#5184,#6044,.T.);
#3840=EDGE_CURVE('',#5185,#5186,#207,.T.);
#3841=EDGE_CURVE('',#5187,#5186,#6045,.T.);
#3842=EDGE_CURVE('',#5188,#5187,#6046,.T.);
#3843=EDGE_CURVE('',#5188,#5189,#208,.T.);
#3844=EDGE_CURVE('',#5190,#5189,#6047,.T.);
#3845=EDGE_CURVE('',#5190,#5191,#209,.T.);
#3846=EDGE_CURVE('',#5192,#5191,#6048,.T.);
#3847=EDGE_CURVE('',#5165,#5192,#6049,.T.);
#3848=EDGE_CURVE('',#5056,#5192,#6050,.T.);
#3849=EDGE_CURVE('',#5055,#5165,#6051,.T.);
#3850=EDGE_CURVE('',#5057,#5191,#6052,.T.);
#3851=EDGE_CURVE('',#5058,#5190,#6053,.T.);
#3852=EDGE_CURVE('',#5059,#5189,#6054,.T.);
#3853=EDGE_CURVE('',#5060,#5188,#6055,.T.);
#3854=EDGE_CURVE('',#5061,#5187,#6056,.T.);
#3855=EDGE_CURVE('',#5062,#5186,#6057,.T.);
#3856=EDGE_CURVE('',#5063,#5185,#6058,.T.);
#3857=EDGE_CURVE('',#5064,#5184,#6059,.T.);
#3858=EDGE_CURVE('',#5065,#5183,#6060,.T.);
#3859=EDGE_CURVE('',#5066,#5182,#6061,.T.);
#3860=EDGE_CURVE('',#5067,#5181,#6062,.T.);
#3861=EDGE_CURVE('',#5068,#5180,#6063,.T.);
#3862=EDGE_CURVE('',#5069,#5179,#6064,.T.);
#3863=EDGE_CURVE('',#5070,#5178,#6065,.T.);
#3864=EDGE_CURVE('',#5071,#5177,#6066,.T.);
#3865=EDGE_CURVE('',#5072,#5176,#6067,.T.);
#3866=EDGE_CURVE('',#5073,#5175,#6068,.T.);
#3867=EDGE_CURVE('',#5074,#5174,#6069,.T.);
#3868=EDGE_CURVE('',#5075,#5173,#6070,.T.);
#3869=EDGE_CURVE('',#5076,#5172,#6071,.T.);
#3870=EDGE_CURVE('',#5077,#5171,#6072,.T.);
#3871=EDGE_CURVE('',#5078,#5170,#6073,.T.);
#3872=EDGE_CURVE('',#5079,#5169,#6074,.T.);
#3873=EDGE_CURVE('',#5080,#5168,#6075,.T.);
#3874=EDGE_CURVE('',#5081,#5167,#6076,.T.);
#3875=EDGE_CURVE('',#5082,#5166,#6077,.T.);
#3876=EDGE_CURVE('',#5193,#5194,#6078,.T.);
#3877=EDGE_CURVE('',#5194,#5195,#6079,.T.);
#3878=EDGE_CURVE('',#5196,#5195,#6080,.T.);
#3879=EDGE_CURVE('',#5193,#5196,#6081,.T.);
#3880=EDGE_CURVE('',#5197,#5198,#6082,.T.);
#3881=EDGE_CURVE('',#5198,#5199,#6083,.T.);
#3882=EDGE_CURVE('',#5200,#5199,#6084,.T.);
#3883=EDGE_CURVE('',#5197,#5200,#6085,.T.);
#3884=EDGE_CURVE('',#5201,#5083,#6086,.T.);
#3885=EDGE_CURVE('',#5201,#5202,#210,.T.);
#3886=EDGE_CURVE('',#5202,#5084,#6087,.T.);
#3887=EDGE_CURVE('',#5203,#5098,#6088,.T.);
#3888=EDGE_CURVE('',#5201,#5203,#211,.T.);
#3889=EDGE_CURVE('',#5204,#5097,#6089,.T.);
#3890=EDGE_CURVE('',#5203,#5204,#6090,.T.);
#3891=EDGE_CURVE('',#5205,#5096,#6091,.T.);
#3892=EDGE_CURVE('',#5205,#5204,#212,.T.);
#3893=EDGE_CURVE('',#5206,#5095,#6092,.T.);
#3894=EDGE_CURVE('',#5205,#5206,#6093,.T.);
#3895=EDGE_CURVE('',#5207,#5094,#6094,.T.);
#3896=EDGE_CURVE('',#5207,#5206,#213,.T.);
#3897=EDGE_CURVE('',#5208,#5093,#6095,.T.);
#3898=EDGE_CURVE('',#5207,#5208,#6096,.T.);
#3899=EDGE_CURVE('',#5209,#5092,#6097,.T.);
#3900=EDGE_CURVE('',#5208,#5209,#214,.T.);
#3901=EDGE_CURVE('',#5210,#5091,#6098,.T.);
#3902=EDGE_CURVE('',#5210,#5209,#215,.T.);
#3903=EDGE_CURVE('',#5211,#5090,#6099,.T.);
#3904=EDGE_CURVE('',#5210,#5211,#6100,.T.);
#3905=EDGE_CURVE('',#5212,#5089,#6101,.T.);
#3906=EDGE_CURVE('',#5212,#5211,#216,.T.);
#3907=EDGE_CURVE('',#5213,#5088,#6102,.T.);
#3908=EDGE_CURVE('',#5212,#5213,#6103,.T.);
#3909=EDGE_CURVE('',#5214,#5087,#6104,.T.);
#3910=EDGE_CURVE('',#5213,#5214,#217,.T.);
#3911=EDGE_CURVE('',#5215,#5086,#6105,.T.);
#3912=EDGE_CURVE('',#5214,#5215,#6106,.T.);
#3913=EDGE_CURVE('',#5216,#5085,#6107,.T.);
#3914=EDGE_CURVE('',#5216,#5215,#218,.T.);
#3915=EDGE_CURVE('',#5216,#5202,#6108,.T.);
#3916=EDGE_CURVE('',#5217,#5218,#6109,.T.);
#3917=EDGE_CURVE('',#5217,#5219,#219,.T.);
#3918=EDGE_CURVE('',#5220,#5219,#6110,.T.);
#3919=EDGE_CURVE('',#5221,#5220,#220,.T.);
#3920=EDGE_CURVE('',#5221,#5222,#221,.T.);
#3921=EDGE_CURVE('',#5223,#5222,#6111,.T.);
#3922=EDGE_CURVE('',#5223,#5051,#222,.T.);
#3923=EDGE_CURVE('',#5050,#5224,#223,.T.);
#3924=EDGE_CURVE('',#5224,#5225,#6112,.T.);
#3925=EDGE_CURVE('',#5225,#5226,#224,.T.);
#3926=EDGE_CURVE('',#5227,#5226,#6113,.T.);
#3927=EDGE_CURVE('',#5227,#5228,#225,.T.);
#3928=EDGE_CURVE('',#5228,#5229,#226,.T.);
#3929=EDGE_CURVE('',#5229,#5230,#6114,.T.);
#3930=EDGE_CURVE('',#5230,#5231,#227,.T.);
#3931=EDGE_CURVE('',#5198,#5231,#6115,.T.);
#3932=EDGE_CURVE('',#5194,#5197,#6116,.T.);
#3933=EDGE_CURVE('',#5232,#5193,#6117,.T.);
#3934=EDGE_CURVE('',#5233,#5232,#6118,.T.);
#3935=EDGE_CURVE('',#5234,#5233,#6119,.T.);
#3936=EDGE_CURVE('',#5218,#5234,#6120,.T.);
#3937=EDGE_CURVE('',#5236,#5236,#228,.T.);
#3938=EDGE_CURVE('',#5238,#5238,#229,.T.);
#3939=EDGE_CURVE('',#5018,#5239,#230,.T.);
#3940=EDGE_CURVE('',#5017,#5240,#231,.T.);
#3941=EDGE_CURVE('',#5240,#5239,#232,.F.);
#3942=EDGE_CURVE('',#5016,#5241,#233,.T.);
#3943=EDGE_CURVE('',#5241,#5240,#6121,.T.);
#3944=EDGE_CURVE('',#5014,#5052,#95,.F.);
#3945=EDGE_CURVE('',#5052,#5241,#234,.F.);
#3946=EDGE_CURVE('',#5242,#5027,#235,.T.);
#3947=EDGE_CURVE('',#5242,#5243,#236,.F.);
#3948=EDGE_CURVE('',#5243,#5028,#237,.T.);
#3949=EDGE_CURVE('',#5244,#5026,#238,.T.);
#3950=EDGE_CURVE('',#5244,#5242,#6122,.T.);
#3951=EDGE_CURVE('',#5245,#5025,#239,.T.);
#3952=EDGE_CURVE('',#5245,#5244,#240,.F.);
#3953=EDGE_CURVE('',#5246,#5022,#241,.T.);
#3954=EDGE_CURVE('',#5246,#5247,#242,.F.);
#3955=EDGE_CURVE('',#5247,#5023,#243,.T.);
#3956=EDGE_CURVE('',#5249,#5249,#244,.T.);
#3957=EDGE_CURVE('',#5250,#5251,#245,.T.);
#3958=EDGE_CURVE('',#5252,#5251,#6123,.T.);
#3959=EDGE_CURVE('',#5253,#5252,#246,.T.);
#3960=EDGE_CURVE('',#5253,#5250,#6124,.T.);
#3961=EDGE_CURVE('',#5254,#5254,#247,.T.);
#3962=EDGE_CURVE('',#5255,#5255,#248,.T.);
#3963=EDGE_CURVE('',#5256,#5257,#249,.T.);
#3964=EDGE_CURVE('',#5258,#5257,#6125,.T.);
#3965=EDGE_CURVE('',#5259,#5258,#250,.T.);
#3966=EDGE_CURVE('',#5259,#5256,#6126,.T.);
#3967=EDGE_CURVE('',#5261,#5261,#251,.T.);
#3968=EDGE_CURVE('',#5021,#5262,#252,.T.);
#3969=EDGE_CURVE('',#5262,#5246,#6127,.T.);
#3970=EDGE_CURVE('',#5263,#5256,#6128,.T.);
#3971=EDGE_CURVE('',#5264,#5259,#6129,.T.);
#3972=EDGE_CURVE('',#5264,#5263,#6130,.T.);
#3973=EDGE_CURVE('',#5265,#5250,#6131,.T.);
#3974=EDGE_CURVE('',#5266,#5253,#6132,.T.);
#3975=EDGE_CURVE('',#5266,#5265,#6133,.T.);
#3976=EDGE_CURVE('',#5020,#5267,#253,.T.);
#3977=EDGE_CURVE('',#5267,#5262,#254,.F.);
#3978=EDGE_CURVE('',#5019,#5268,#255,.T.);
#3979=EDGE_CURVE('',#5239,#5268,#256,.T.);
#3980=EDGE_CURVE('',#5015,#5049,#257,.T.);
#3981=EDGE_CURVE('',#5269,#5029,#258,.T.);
#3982=EDGE_CURVE('',#5269,#5049,#259,.T.);
#3983=EDGE_CURVE('',#5243,#5269,#6134,.F.);
#3984=EDGE_CURVE('',#5270,#5024,#260,.T.);
#3985=EDGE_CURVE('',#5270,#5245,#261,.T.);
#3986=EDGE_CURVE('',#5247,#5270,#6135,.F.);
#3987=EDGE_CURVE('',#5268,#5267,#6136,.T.);
#3988=EDGE_CURVE('',#5268,#5220,#6137,.T.);
#3989=EDGE_CURVE('',#5267,#5219,#6138,.T.);
#3990=EDGE_CURVE('',#5239,#5221,#6139,.T.);
#3991=EDGE_CURVE('',#5262,#5217,#6140,.T.);
#3992=EDGE_CURVE('',#5232,#5271,#6141,.T.);
#3993=EDGE_CURVE('',#5265,#5193,#6142,.T.);
#3994=EDGE_CURVE('',#5266,#5194,#6143,.T.);
#3995=EDGE_CURVE('',#5263,#5197,#6144,.T.);
#3996=EDGE_CURVE('',#5264,#5198,#6145,.T.);
#3997=EDGE_CURVE('',#5246,#5231,#6146,.T.);
#3998=EDGE_CURVE('',#5218,#5272,#6147,.T.);
#3999=EDGE_CURVE('',#5272,#5273,#6148,.T.);
#4000=EDGE_CURVE('',#5234,#5273,#6149,.T.);
#4001=EDGE_CURVE('',#5233,#5274,#6150,.T.);
#4002=EDGE_CURVE('',#5274,#5271,#6151,.T.);
#4003=EDGE_CURVE('',#5199,#5258,#6152,.T.);
#4004=EDGE_CURVE('',#5200,#5257,#6153,.T.);
#4005=EDGE_CURVE('',#5195,#5252,#6154,.T.);
#4006=EDGE_CURVE('',#5196,#5251,#6155,.T.);
#4007=EDGE_CURVE('',#5270,#5229,#6156,.T.);
#4008=EDGE_CURVE('',#5247,#5230,#6157,.T.);
#4009=EDGE_CURVE('',#5245,#5228,#6158,.T.);
#4010=EDGE_CURVE('',#5244,#5227,#6159,.T.);
#4011=EDGE_CURVE('',#5242,#5226,#6160,.T.);
#4012=EDGE_CURVE('',#5269,#5224,#6161,.T.);
#4013=EDGE_CURVE('',#5243,#5225,#6162,.T.);
#4014=EDGE_CURVE('',#5241,#5223,#6163,.T.);
#4015=EDGE_CURVE('',#5240,#5222,#6164,.T.);
#4016=EDGE_CURVE('',#5275,#5053,#6165,.T.);
#4017=EDGE_CURVE('',#5275,#4953,#6166,.T.);
#4018=EDGE_CURVE('',#4954,#5054,#6167,.T.);
#4019=EDGE_CURVE('',#4949,#4955,#6168,.T.);
#4020=EDGE_CURVE('',#5275,#4957,#6169,.T.);
#4021=EDGE_CURVE('',#4962,#5276,#6170,.T.);
#4022=EDGE_CURVE('',#5276,#5277,#6171,.T.);
#4023=EDGE_CURVE('',#5277,#5047,#6172,.T.);
#4024=EDGE_CURVE('',#4958,#5278,#6173,.T.);
#4025=EDGE_CURVE('',#5279,#5048,#6174,.T.);
#4026=EDGE_CURVE('',#5278,#5279,#6175,.T.);
#4027=EDGE_CURVE('',#5276,#5280,#587,.T.);
#4028=EDGE_CURVE('',#5280,#5278,#588,.T.);
#4029=EDGE_CURVE('',#5279,#5277,#262,.T.);
#4030=EDGE_CURVE('',#5281,#5004,#6176,.T.);
#4031=EDGE_CURVE('',#5282,#5281,#6177,.T.);
#4032=EDGE_CURVE('',#5282,#5003,#6178,.T.);
#4033=EDGE_CURVE('',#5283,#5013,#6179,.T.);
#4034=EDGE_CURVE('',#5283,#5281,#263,.T.);
#4035=EDGE_CURVE('',#5284,#5012,#6180,.T.);
#4036=EDGE_CURVE('',#5284,#5283,#264,.T.);
#4037=EDGE_CURVE('',#5285,#5011,#6181,.T.);
#4038=EDGE_CURVE('',#5284,#5285,#6182,.T.);
#4039=EDGE_CURVE('',#5286,#5010,#6183,.T.);
#4040=EDGE_CURVE('',#5285,#5286,#96,.T.);
#4041=EDGE_CURVE('',#5287,#5009,#6184,.T.);
#4042=EDGE_CURVE('',#5287,#5286,#265,.T.);
#4043=EDGE_CURVE('',#5288,#5008,#6185,.T.);
#4044=EDGE_CURVE('',#5287,#5288,#6186,.T.);
#4045=EDGE_CURVE('',#5289,#5007,#6187,.T.);
#4046=EDGE_CURVE('',#5288,#5289,#6188,.T.);
#4047=EDGE_CURVE('',#5290,#5006,#6189,.T.);
#4048=EDGE_CURVE('',#5290,#5289,#266,.T.);
#4049=EDGE_CURVE('',#5291,#5005,#6190,.T.);
#4050=EDGE_CURVE('',#5291,#5290,#267,.T.);
#4051=EDGE_CURVE('',#5291,#5282,#6191,.T.);
#4052=EDGE_CURVE('',#5292,#5033,#6192,.T.);
#4053=EDGE_CURVE('',#5293,#5292,#6193,.T.);
#4054=EDGE_CURVE('',#5293,#5034,#6194,.T.);
#4055=EDGE_CURVE('',#5294,#5032,#6195,.T.);
#4056=EDGE_CURVE('',#5294,#5292,#268,.T.);
#4057=EDGE_CURVE('',#5295,#5030,#6196,.T.);
#4058=EDGE_CURVE('',#5295,#5294,#269,.T.);
#4059=EDGE_CURVE('',#5296,#5031,#6197,.T.);
#4060=EDGE_CURVE('',#5295,#5296,#6198,.T.);
#4061=EDGE_CURVE('',#5297,#5046,#6199,.T.);
#4062=EDGE_CURVE('',#5297,#5296,#270,.T.);
#4063=EDGE_CURVE('',#5298,#5045,#6200,.T.);
#4064=EDGE_CURVE('',#5297,#5298,#6201,.T.);
#4065=EDGE_CURVE('',#5299,#5044,#6202,.T.);
#4066=EDGE_CURVE('',#5299,#5298,#271,.T.);
#4067=EDGE_CURVE('',#5300,#5043,#6203,.T.);
#4068=EDGE_CURVE('',#5299,#5300,#6204,.T.);
#4069=EDGE_CURVE('',#5301,#5042,#6205,.T.);
#4070=EDGE_CURVE('',#5301,#5300,#272,.T.);
#4071=EDGE_CURVE('',#5302,#5041,#6206,.T.);
#4072=EDGE_CURVE('',#5302,#5301,#273,.T.);
#4073=EDGE_CURVE('',#5303,#5040,#6207,.T.);
#4074=EDGE_CURVE('',#5302,#5303,#6208,.T.);
#4075=EDGE_CURVE('',#5304,#5039,#6209,.T.);
#4076=EDGE_CURVE('',#5303,#5304,#6210,.T.);
#4077=EDGE_CURVE('',#5305,#5038,#6211,.T.);
#4078=EDGE_CURVE('',#5304,#5305,#6212,.T.);
#4079=EDGE_CURVE('',#5306,#5037,#6213,.T.);
#4080=EDGE_CURVE('',#5306,#5305,#274,.T.);
#4081=EDGE_CURVE('',#5307,#5036,#6214,.T.);
#4082=EDGE_CURVE('',#5307,#5306,#275,.T.);
#4083=EDGE_CURVE('',#5308,#5035,#6215,.T.);
#4084=EDGE_CURVE('',#5307,#5308,#6216,.T.);
#4085=EDGE_CURVE('',#5308,#5293,#6217,.T.);
#4086=EDGE_CURVE('',#5309,#4987,#6218,.T.);
#4087=EDGE_CURVE('',#5310,#5309,#6219,.T.);
#4088=EDGE_CURVE('',#5310,#4986,#6220,.T.);
#4089=EDGE_CURVE('',#5311,#5002,#6221,.T.);
#4090=EDGE_CURVE('',#5309,#5311,#6222,.T.);
#4091=EDGE_CURVE('',#5312,#5001,#6223,.T.);
#4092=EDGE_CURVE('',#5312,#5311,#276,.T.);
#4093=EDGE_CURVE('',#5313,#5000,#6224,.T.);
#4094=EDGE_CURVE('',#5313,#5312,#277,.T.);
#4095=EDGE_CURVE('',#5314,#4999,#6225,.T.);
#4096=EDGE_CURVE('',#5313,#5314,#6226,.T.);
#4097=EDGE_CURVE('',#5315,#4998,#6227,.T.);
#4098=EDGE_CURVE('',#5314,#5315,#6228,.T.);
#4099=EDGE_CURVE('',#5316,#4997,#6229,.T.);
#4100=EDGE_CURVE('',#5315,#5316,#6230,.T.);
#4101=EDGE_CURVE('',#5317,#4996,#6231,.T.);
#4102=EDGE_CURVE('',#5317,#5316,#278,.T.);
#4103=EDGE_CURVE('',#5318,#4995,#6232,.T.);
#4104=EDGE_CURVE('',#5318,#5317,#279,.T.);
#4105=EDGE_CURVE('',#5319,#4994,#6233,.T.);
#4106=EDGE_CURVE('',#5318,#5319,#6234,.T.);
#4107=EDGE_CURVE('',#5320,#4993,#6235,.T.);
#4108=EDGE_CURVE('',#5320,#5319,#280,.T.);
#4109=EDGE_CURVE('',#5321,#4992,#6236,.T.);
#4110=EDGE_CURVE('',#5320,#5321,#6237,.T.);
#4111=EDGE_CURVE('',#5322,#4991,#6238,.T.);
#4112=EDGE_CURVE('',#5322,#5321,#281,.T.);
#4113=EDGE_CURVE('',#5323,#4990,#6239,.T.);
#4114=EDGE_CURVE('',#5322,#5323,#6240,.T.);
#4115=EDGE_CURVE('',#5324,#4989,#6241,.T.);
#4116=EDGE_CURVE('',#5324,#5323,#282,.T.);
#4117=EDGE_CURVE('',#5325,#4988,#6242,.T.);
#4118=EDGE_CURVE('',#5325,#5324,#283,.T.);
#4119=EDGE_CURVE('',#5325,#5310,#6243,.T.);
#4120=EDGE_CURVE('',#5326,#4976,#6244,.T.);
#4121=EDGE_CURVE('',#5327,#5326,#97,.T.);
#4122=EDGE_CURVE('',#5327,#4975,#6245,.T.);
#4123=EDGE_CURVE('',#5328,#4985,#6246,.T.);
#4124=EDGE_CURVE('',#5326,#5328,#6247,.T.);
#4125=EDGE_CURVE('',#5329,#4984,#6248,.T.);
#4126=EDGE_CURVE('',#5328,#5329,#6249,.T.);
#4127=EDGE_CURVE('',#5330,#4983,#6250,.T.);
#4128=EDGE_CURVE('',#5330,#5329,#284,.T.);
#4129=EDGE_CURVE('',#5331,#4982,#6251,.T.);
#4130=EDGE_CURVE('',#5331,#5330,#285,.T.);
#4131=EDGE_CURVE('',#5332,#4981,#6252,.T.);
#4132=EDGE_CURVE('',#5331,#5332,#6253,.T.);
#4133=EDGE_CURVE('',#5333,#4980,#6254,.T.);
#4134=EDGE_CURVE('',#5332,#5333,#6255,.T.);
#4135=EDGE_CURVE('',#5334,#4979,#6256,.T.);
#4136=EDGE_CURVE('',#5334,#5333,#286,.T.);
#4137=EDGE_CURVE('',#5335,#4978,#6257,.T.);
#4138=EDGE_CURVE('',#5335,#5334,#287,.T.);
#4139=EDGE_CURVE('',#5336,#4977,#6258,.T.);
#4140=EDGE_CURVE('',#5335,#5336,#6259,.T.);
#4141=EDGE_CURVE('',#5327,#5336,#288,.T.);
#4142=EDGE_CURVE('',#5337,#5338,#289,.T.);
#4143=EDGE_CURVE('',#5339,#5338,#6260,.T.);
#4144=EDGE_CURVE('',#5340,#5339,#290,.T.);
#4145=EDGE_CURVE('',#5340,#5337,#6261,.T.);
#4146=EDGE_CURVE('',#5338,#5341,#291,.T.);
#4147=EDGE_CURVE('',#5342,#5341,#6262,.T.);
#4148=EDGE_CURVE('',#5339,#5342,#292,.T.);
#4149=EDGE_CURVE('',#5341,#5343,#293,.T.);
#4150=EDGE_CURVE('',#5344,#5343,#6263,.T.);
#4151=EDGE_CURVE('',#5342,#5344,#294,.T.);
#4152=EDGE_CURVE('',#5345,#4972,#6264,.T.);
#4153=EDGE_CURVE('',#5346,#5345,#98,.T.);
#4154=EDGE_CURVE('',#5346,#4971,#6265,.T.);
#4155=EDGE_CURVE('',#5347,#4974,#6266,.T.);
#4156=EDGE_CURVE('',#5345,#5347,#99,.T.);
#4157=EDGE_CURVE('',#5348,#4973,#6267,.T.);
#4158=EDGE_CURVE('',#5347,#5348,#100,.T.);
#4159=EDGE_CURVE('',#5348,#5346,#101,.T.);
#4160=EDGE_CURVE('',#5343,#5337,#295,.T.);
#4161=EDGE_CURVE('',#5344,#5340,#296,.T.);
#4162=EDGE_CURVE('',#5349,#4966,#6268,.T.);
#4163=EDGE_CURVE('',#5350,#5349,#6269,.T.);
#4164=EDGE_CURVE('',#5350,#4965,#6270,.T.);
#4165=EDGE_CURVE('',#5351,#4970,#6271,.T.);
#4166=EDGE_CURVE('',#5351,#5349,#297,.T.);
#4167=EDGE_CURVE('',#5352,#4969,#6272,.T.);
#4168=EDGE_CURVE('',#5352,#5351,#298,.T.);
#4169=EDGE_CURVE('',#5353,#4968,#6273,.T.);
#4170=EDGE_CURVE('',#5352,#5353,#6274,.T.);
#4171=EDGE_CURVE('',#5354,#4967,#6275,.T.);
#4172=EDGE_CURVE('',#5354,#5353,#299,.T.);
#4173=EDGE_CURVE('',#5350,#5354,#300,.T.);
#4174=EDGE_CURVE('',#5355,#5356,#6276,.T.);
#4175=EDGE_CURVE('',#5357,#5356,#6277,.T.);
#4176=EDGE_CURVE('',#5358,#5357,#6278,.T.);
#4177=EDGE_CURVE('',#5358,#5355,#6279,.T.);
#4178=EDGE_CURVE('',#5359,#5356,#301,.T.);
#4179=EDGE_CURVE('',#5360,#5359,#6280,.T.);
#4180=EDGE_CURVE('',#5360,#5357,#302,.T.);
#4181=EDGE_CURVE('',#5273,#5359,#6281,.T.);
#4182=EDGE_CURVE('',#5272,#5360,#6282,.T.);
#4183=EDGE_CURVE('',#5358,#5218,#6283,.T.);
#4184=EDGE_CURVE('',#5355,#5234,#6284,.T.);
#4185=EDGE_CURVE('',#5361,#5361,#303,.T.);
#4186=EDGE_CURVE('',#5362,#5362,#304,.T.);
#4187=EDGE_CURVE('',#5363,#5364,#6285,.T.);
#4188=EDGE_CURVE('',#5365,#5364,#6286,.T.);
#4189=EDGE_CURVE('',#5366,#5365,#6287,.T.);
#4190=EDGE_CURVE('',#5366,#5363,#6288,.T.);
#4191=EDGE_CURVE('',#5367,#5364,#305,.T.);
#4192=EDGE_CURVE('',#5368,#5367,#6289,.T.);
#4193=EDGE_CURVE('',#5368,#5365,#306,.T.);
#4194=EDGE_CURVE('',#5271,#5367,#6290,.T.);
#4195=EDGE_CURVE('',#5274,#5368,#6291,.T.);
#4196=EDGE_CURVE('',#5366,#5233,#6292,.T.);
#4197=EDGE_CURVE('',#5363,#5232,#6293,.T.);
#4198=EDGE_CURVE('',#5369,#5369,#307,.T.);
#4199=EDGE_CURVE('',#5370,#5370,#308,.F.);
#4200=EDGE_CURVE('',#5373,#5373,#309,.F.);
#4201=EDGE_CURVE('',#5375,#5375,#310,.F.);
#4202=EDGE_CURVE('',#5280,#4964,#6294,.T.);
#4203=EDGE_CURVE('',#4952,#4956,#6295,.T.);
#4204=EDGE_CURVE('',#5377,#5378,#6296,.T.);
#4205=EDGE_CURVE('',#5377,#5379,#6297,.T.);
#4206=EDGE_CURVE('',#5379,#5380,#6298,.T.);
#4207=EDGE_CURVE('',#5378,#5380,#6299,.T.);
#4208=EDGE_CURVE('',#5381,#5382,#6300,.T.);
#4209=EDGE_CURVE('',#5381,#5383,#6301,.T.);
#4210=EDGE_CURVE('',#5383,#5384,#6302,.T.);
#4211=EDGE_CURVE('',#5382,#5384,#6303,.T.);
#4212=EDGE_CURVE('',#5385,#5386,#6304,.T.);
#4213=EDGE_CURVE('',#5386,#5387,#6305,.T.);
#4214=EDGE_CURVE('',#5388,#5387,#6306,.T.);
#4215=EDGE_CURVE('',#5385,#5388,#6307,.T.);
#4216=EDGE_CURVE('',#5389,#5390,#6308,.T.);
#4217=EDGE_CURVE('',#5390,#5391,#6309,.T.);
#4218=EDGE_CURVE('',#5392,#5391,#6310,.T.);
#4219=EDGE_CURVE('',#5392,#5389,#6311,.T.);
#4220=EDGE_CURVE('',#5393,#5394,#6312,.T.);
#4221=EDGE_CURVE('',#5394,#5395,#6313,.T.);
#4222=EDGE_CURVE('',#5396,#5395,#6314,.T.);
#4223=EDGE_CURVE('',#5396,#5393,#6315,.T.);
#4224=EDGE_CURVE('',#5397,#5398,#6316,.T.);
#4225=EDGE_CURVE('',#5399,#5397,#6317,.T.);
#4226=EDGE_CURVE('',#5399,#5400,#6318,.T.);
#4227=EDGE_CURVE('',#5400,#5398,#6319,.T.);
#4228=EDGE_CURVE('',#5401,#5402,#6320,.T.);
#4229=EDGE_CURVE('',#5401,#5403,#6321,.T.);
#4230=EDGE_CURVE('',#5403,#5404,#6322,.T.);
#4231=EDGE_CURVE('',#5402,#5404,#6323,.T.);
#4232=EDGE_CURVE('',#5405,#5406,#6324,.T.);
#4233=EDGE_CURVE('',#5405,#5407,#6325,.T.);
#4234=EDGE_CURVE('',#5408,#5407,#6326,.T.);
#4235=EDGE_CURVE('',#5409,#5408,#6327,.T.);
#4236=EDGE_CURVE('',#5410,#5409,#6328,.T.);
#4237=EDGE_CURVE('',#5411,#5410,#6329,.T.);
#4238=EDGE_CURVE('',#5411,#5412,#6330,.T.);
#4239=EDGE_CURVE('',#5412,#5406,#6331,.T.);
#4240=EDGE_CURVE('',#5413,#5414,#6332,.T.);
#4241=EDGE_CURVE('',#5413,#5415,#311,.T.);
#4242=EDGE_CURVE('',#5416,#5415,#6333,.T.);
#4243=EDGE_CURVE('',#5417,#5416,#6334,.T.);
#4244=EDGE_CURVE('',#5417,#5418,#312,.T.);
#4245=EDGE_CURVE('',#5419,#5418,#6335,.T.);
#4246=EDGE_CURVE('',#5419,#5420,#313,.T.);
#4247=EDGE_CURVE('',#5421,#5420,#6336,.T.);
#4248=EDGE_CURVE('',#5422,#5421,#6337,.T.);
#4249=EDGE_CURVE('',#5422,#5423,#314,.T.);
#4250=EDGE_CURVE('',#5423,#5424,#6338,.T.);
#4251=EDGE_CURVE('',#5425,#5424,#6339,.T.);
#4252=EDGE_CURVE('',#5425,#5426,#315,.T.);
#4253=EDGE_CURVE('',#5427,#5426,#6340,.T.);
#4254=EDGE_CURVE('',#5427,#5428,#316,.T.);
#4255=EDGE_CURVE('',#5429,#5428,#6341,.T.);
#4256=EDGE_CURVE('',#5429,#5430,#317,.T.);
#4257=EDGE_CURVE('',#5431,#5430,#6342,.T.);
#4258=EDGE_CURVE('',#5431,#5432,#318,.T.);
#4259=EDGE_CURVE('',#5433,#5432,#6343,.T.);
#4260=EDGE_CURVE('',#5434,#5433,#6344,.T.);
#4261=EDGE_CURVE('',#5434,#5435,#319,.T.);
#4262=EDGE_CURVE('',#5436,#5435,#6345,.T.);
#4263=EDGE_CURVE('',#5437,#5436,#6346,.T.);
#4264=EDGE_CURVE('',#5437,#5438,#320,.T.);
#4265=EDGE_CURVE('',#5439,#5438,#6347,.T.);
#4266=EDGE_CURVE('',#5439,#5440,#321,.T.);
#4267=EDGE_CURVE('',#5414,#5440,#6348,.T.);
#4268=EDGE_CURVE('',#5441,#5442,#322,.T.);
#4269=EDGE_CURVE('',#5441,#5443,#6349,.T.);
#4270=EDGE_CURVE('',#5443,#5444,#323,.T.);
#4271=EDGE_CURVE('',#5444,#5445,#6350,.T.);
#4272=EDGE_CURVE('',#5445,#5446,#324,.T.);
#4273=EDGE_CURVE('',#5447,#5446,#6351,.T.);
#4274=EDGE_CURVE('',#5448,#5447,#325,.T.);
#4275=EDGE_CURVE('',#5448,#5449,#326,.T.);
#4276=EDGE_CURVE('',#5449,#5450,#6352,.T.);
#4277=EDGE_CURVE('',#5450,#5451,#327,.T.);
#4278=EDGE_CURVE('',#5452,#5451,#6353,.T.);
#4279=EDGE_CURVE('',#5453,#5452,#328,.T.);
#4280=EDGE_CURVE('',#5453,#5454,#6354,.T.);
#4281=EDGE_CURVE('',#5454,#5455,#329,.T.);
#4282=EDGE_CURVE('',#5455,#5456,#6355,.T.);
#4283=EDGE_CURVE('',#5456,#5442,#330,.T.);
#4284=EDGE_CURVE('',#5457,#5458,#6356,.T.);
#4285=EDGE_CURVE('',#5459,#5457,#6357,.T.);
#4286=EDGE_CURVE('',#5459,#5460,#6358,.T.);
#4287=EDGE_CURVE('',#5460,#5458,#6359,.T.);
#4288=EDGE_CURVE('',#5457,#5461,#6360,.T.);
#4289=EDGE_CURVE('',#5462,#5461,#6361,.T.);
#4290=EDGE_CURVE('',#5459,#5462,#6362,.T.);
#4291=EDGE_CURVE('',#5461,#5463,#6363,.T.);
#4292=EDGE_CURVE('',#5464,#5463,#6364,.T.);
#4293=EDGE_CURVE('',#5462,#5464,#6365,.T.);
#4294=EDGE_CURVE('',#5463,#5465,#6366,.T.);
#4295=EDGE_CURVE('',#5466,#5465,#6367,.T.);
#4296=EDGE_CURVE('',#5464,#5466,#6368,.T.);
#4297=EDGE_CURVE('',#5465,#5467,#6369,.T.);
#4298=EDGE_CURVE('',#5468,#5467,#6370,.T.);
#4299=EDGE_CURVE('',#5466,#5468,#6371,.T.);
#4300=EDGE_CURVE('',#5467,#5469,#6372,.T.);
#4301=EDGE_CURVE('',#5470,#5469,#6373,.T.);
#4302=EDGE_CURVE('',#5468,#5470,#6374,.T.);
#4303=EDGE_CURVE('',#5469,#5471,#6375,.T.);
#4304=EDGE_CURVE('',#5472,#5471,#6376,.T.);
#4305=EDGE_CURVE('',#5470,#5472,#6377,.T.);
#4306=EDGE_CURVE('',#5471,#5473,#6378,.T.);
#4307=EDGE_CURVE('',#5474,#5473,#6379,.T.);
#4308=EDGE_CURVE('',#5472,#5474,#6380,.T.);
#4309=EDGE_CURVE('',#5473,#5475,#6381,.T.);
#4310=EDGE_CURVE('',#5476,#5475,#6382,.T.);
#4311=EDGE_CURVE('',#5474,#5476,#6383,.T.);
#4312=EDGE_CURVE('',#5475,#5477,#6384,.T.);
#4313=EDGE_CURVE('',#5478,#5477,#6385,.T.);
#4314=EDGE_CURVE('',#5476,#5478,#6386,.T.);
#4315=EDGE_CURVE('',#5477,#5479,#6387,.T.);
#4316=EDGE_CURVE('',#5480,#5479,#6388,.T.);
#4317=EDGE_CURVE('',#5478,#5480,#6389,.T.);
#4318=EDGE_CURVE('',#5479,#5481,#6390,.T.);
#4319=EDGE_CURVE('',#5482,#5481,#6391,.T.);
#4320=EDGE_CURVE('',#5480,#5482,#6392,.T.);
#4321=EDGE_CURVE('',#5481,#5483,#6393,.T.);
#4322=EDGE_CURVE('',#5484,#5483,#6394,.T.);
#4323=EDGE_CURVE('',#5482,#5484,#6395,.T.);
#4324=EDGE_CURVE('',#5483,#5485,#6396,.T.);
#4325=EDGE_CURVE('',#5486,#5485,#6397,.T.);
#4326=EDGE_CURVE('',#5484,#5486,#6398,.T.);
#4327=EDGE_CURVE('',#5485,#5487,#6399,.T.);
#4328=EDGE_CURVE('',#5488,#5487,#6400,.T.);
#4329=EDGE_CURVE('',#5486,#5488,#6401,.T.);
#4330=EDGE_CURVE('',#5487,#5489,#6402,.T.);
#4331=EDGE_CURVE('',#5490,#5489,#6403,.T.);
#4332=EDGE_CURVE('',#5488,#5490,#6404,.T.);
#4333=EDGE_CURVE('',#5489,#5491,#6405,.T.);
#4334=EDGE_CURVE('',#5492,#5491,#6406,.T.);
#4335=EDGE_CURVE('',#5490,#5492,#6407,.T.);
#4336=EDGE_CURVE('',#5491,#5493,#6408,.T.);
#4337=EDGE_CURVE('',#5494,#5493,#6409,.T.);
#4338=EDGE_CURVE('',#5492,#5494,#6410,.T.);
#4339=EDGE_CURVE('',#5493,#5495,#6411,.T.);
#4340=EDGE_CURVE('',#5496,#5495,#6412,.T.);
#4341=EDGE_CURVE('',#5494,#5496,#6413,.T.);
#4342=EDGE_CURVE('',#5495,#5497,#6414,.T.);
#4343=EDGE_CURVE('',#5498,#5497,#6415,.T.);
#4344=EDGE_CURVE('',#5496,#5498,#6416,.T.);
#4345=EDGE_CURVE('',#5497,#5499,#6417,.T.);
#4346=EDGE_CURVE('',#5500,#5499,#6418,.T.);
#4347=EDGE_CURVE('',#5498,#5500,#6419,.T.);
#4348=EDGE_CURVE('',#5499,#5501,#6420,.T.);
#4349=EDGE_CURVE('',#5502,#5501,#6421,.T.);
#4350=EDGE_CURVE('',#5500,#5502,#6422,.T.);
#4351=EDGE_CURVE('',#5501,#5503,#6423,.T.);
#4352=EDGE_CURVE('',#5504,#5503,#6424,.T.);
#4353=EDGE_CURVE('',#5502,#5504,#6425,.T.);
#4354=EDGE_CURVE('',#5503,#5505,#6426,.T.);
#4355=EDGE_CURVE('',#5506,#5505,#6427,.T.);
#4356=EDGE_CURVE('',#5504,#5506,#6428,.T.);
#4357=EDGE_CURVE('',#5507,#5505,#6429,.T.);
#4358=EDGE_CURVE('',#5508,#5507,#6430,.T.);
#4359=EDGE_CURVE('',#5508,#5506,#6431,.T.);
#4360=EDGE_CURVE('',#5509,#5507,#331,.T.);
#4361=EDGE_CURVE('',#5510,#5509,#6432,.T.);
#4362=EDGE_CURVE('',#5510,#5508,#332,.T.);
#4363=EDGE_CURVE('',#5511,#5509,#6433,.T.);
#4364=EDGE_CURVE('',#5512,#5511,#6434,.T.);
#4365=EDGE_CURVE('',#5512,#5510,#6435,.T.);
#4366=EDGE_CURVE('',#5513,#5511,#333,.T.);
#4367=EDGE_CURVE('',#5514,#5513,#6436,.T.);
#4368=EDGE_CURVE('',#5514,#5512,#334,.T.);
#4369=EDGE_CURVE('',#5515,#5513,#6437,.T.);
#4370=EDGE_CURVE('',#5516,#5515,#6438,.T.);
#4371=EDGE_CURVE('',#5516,#5514,#6439,.T.);
#4372=EDGE_CURVE('',#5517,#5515,#102,.T.);
#4373=EDGE_CURVE('',#5518,#5517,#6440,.T.);
#4374=EDGE_CURVE('',#5518,#5516,#103,.T.);
#4375=EDGE_CURVE('',#5519,#5517,#104,.T.);
#4376=EDGE_CURVE('',#5520,#5519,#6441,.T.);
#4377=EDGE_CURVE('',#5520,#5518,#105,.T.);
#4378=EDGE_CURVE('',#5521,#5519,#6442,.T.);
#4379=EDGE_CURVE('',#5522,#5521,#6443,.T.);
#4380=EDGE_CURVE('',#5522,#5520,#6444,.T.);
#4381=EDGE_CURVE('',#5458,#5521,#335,.T.);
#4382=EDGE_CURVE('',#5460,#5522,#336,.T.);
#4383=EDGE_CURVE('',#5523,#5524,#337,.T.);
#4384=EDGE_CURVE('',#5523,#5525,#6445,.T.);
#4385=EDGE_CURVE('',#5525,#5526,#6446,.T.);
#4386=EDGE_CURVE('',#5527,#5526,#338,.T.);
#4387=EDGE_CURVE('',#5527,#5528,#6447,.T.);
#4388=EDGE_CURVE('',#5529,#5528,#339,.T.);
#4389=EDGE_CURVE('',#5529,#5530,#6448,.T.);
#4390=EDGE_CURVE('',#5530,#5531,#6449,.T.);
#4391=EDGE_CURVE('',#5532,#5531,#340,.T.);
#4392=EDGE_CURVE('',#5532,#5533,#6450,.T.);
#4393=EDGE_CURVE('',#5533,#5534,#6451,.T.);
#4394=EDGE_CURVE('',#5535,#5534,#341,.T.);
#4395=EDGE_CURVE('',#5535,#5536,#6452,.T.);
#4396=EDGE_CURVE('',#5537,#5536,#342,.T.);
#4397=EDGE_CURVE('',#5537,#5538,#6453,.T.);
#4398=EDGE_CURVE('',#5539,#5538,#343,.T.);
#4399=EDGE_CURVE('',#5539,#5540,#6454,.T.);
#4400=EDGE_CURVE('',#5541,#5540,#344,.T.);
#4401=EDGE_CURVE('',#5541,#5542,#6455,.T.);
#4402=EDGE_CURVE('',#5543,#5542,#6456,.T.);
#4403=EDGE_CURVE('',#5544,#5543,#345,.T.);
#4404=EDGE_CURVE('',#5544,#5545,#6457,.T.);
#4405=EDGE_CURVE('',#5545,#5546,#6458,.T.);
#4406=EDGE_CURVE('',#5547,#5546,#346,.T.);
#4407=EDGE_CURVE('',#5547,#5548,#6459,.T.);
#4408=EDGE_CURVE('',#5549,#5548,#347,.T.);
#4409=EDGE_CURVE('',#5549,#5550,#6460,.T.);
#4410=EDGE_CURVE('',#5550,#5524,#6461,.T.);
#4411=EDGE_CURVE('',#5413,#5523,#6462,.T.);
#4412=EDGE_CURVE('',#5414,#5525,#6463,.T.);
#4413=EDGE_CURVE('',#5440,#5526,#6464,.T.);
#4414=EDGE_CURVE('',#5439,#5527,#6465,.T.);
#4415=EDGE_CURVE('',#5438,#5528,#6466,.T.);
#4416=EDGE_CURVE('',#5437,#5529,#6467,.T.);
#4417=EDGE_CURVE('',#5436,#5530,#6468,.T.);
#4418=EDGE_CURVE('',#5435,#5531,#6469,.T.);
#4419=EDGE_CURVE('',#5434,#5532,#6470,.T.);
#4420=EDGE_CURVE('',#5433,#5533,#6471,.T.);
#4421=EDGE_CURVE('',#5432,#5534,#6472,.T.);
#4422=EDGE_CURVE('',#5431,#5535,#6473,.T.);
#4423=EDGE_CURVE('',#5430,#5536,#6474,.T.);
#4424=EDGE_CURVE('',#5429,#5537,#6475,.T.);
#4425=EDGE_CURVE('',#5428,#5538,#6476,.T.);
#4426=EDGE_CURVE('',#5427,#5539,#6477,.T.);
#4427=EDGE_CURVE('',#5426,#5540,#6478,.T.);
#4428=EDGE_CURVE('',#5425,#5541,#6479,.T.);
#4429=EDGE_CURVE('',#5424,#5542,#6480,.T.);
#4430=EDGE_CURVE('',#5423,#5543,#6481,.T.);
#4431=EDGE_CURVE('',#5422,#5544,#6482,.T.);
#4432=EDGE_CURVE('',#5421,#5545,#6483,.T.);
#4433=EDGE_CURVE('',#5420,#5546,#6484,.T.);
#4434=EDGE_CURVE('',#5419,#5547,#6485,.T.);
#4435=EDGE_CURVE('',#5418,#5548,#6486,.T.);
#4436=EDGE_CURVE('',#5417,#5549,#6487,.T.);
#4437=EDGE_CURVE('',#5416,#5550,#6488,.T.);
#4438=EDGE_CURVE('',#5415,#5524,#6489,.T.);
#4439=EDGE_CURVE('',#5551,#5442,#6490,.T.);
#4440=EDGE_CURVE('',#5552,#5551,#348,.T.);
#4441=EDGE_CURVE('',#5552,#5441,#6491,.T.);
#4442=EDGE_CURVE('',#5553,#5456,#6492,.T.);
#4443=EDGE_CURVE('',#5553,#5551,#349,.T.);
#4444=EDGE_CURVE('',#5554,#5455,#6493,.T.);
#4445=EDGE_CURVE('',#5554,#5553,#6494,.T.);
#4446=EDGE_CURVE('',#5555,#5454,#6495,.T.);
#4447=EDGE_CURVE('',#5555,#5554,#350,.T.);
#4448=EDGE_CURVE('',#5556,#5453,#6496,.T.);
#4449=EDGE_CURVE('',#5556,#5555,#6497,.T.);
#4450=EDGE_CURVE('',#5557,#5452,#6498,.T.);
#4451=EDGE_CURVE('',#5556,#5557,#351,.T.);
#4452=EDGE_CURVE('',#5558,#5451,#6499,.T.);
#4453=EDGE_CURVE('',#5557,#5558,#6500,.T.);
#4454=EDGE_CURVE('',#5559,#5450,#6501,.T.);
#4455=EDGE_CURVE('',#5559,#5558,#352,.T.);
#4456=EDGE_CURVE('',#5560,#5449,#6502,.T.);
#4457=EDGE_CURVE('',#5560,#5559,#6503,.T.);
#4458=EDGE_CURVE('',#5561,#5448,#6504,.T.);
#4459=EDGE_CURVE('',#5561,#5560,#353,.T.);
#4460=EDGE_CURVE('',#5562,#5447,#6505,.T.);
#4461=EDGE_CURVE('',#5561,#5562,#354,.T.);
#4462=EDGE_CURVE('',#5563,#5446,#6506,.T.);
#4463=EDGE_CURVE('',#5562,#5563,#6507,.T.);
#4464=EDGE_CURVE('',#5564,#5445,#6508,.T.);
#4465=EDGE_CURVE('',#5564,#5563,#355,.T.);
#4466=EDGE_CURVE('',#5565,#5444,#6509,.T.);
#4467=EDGE_CURVE('',#5565,#5564,#6510,.T.);
#4468=EDGE_CURVE('',#5566,#5443,#6511,.T.);
#4469=EDGE_CURVE('',#5566,#5565,#356,.T.);
#4470=EDGE_CURVE('',#5552,#5566,#6512,.T.);
#4471=EDGE_CURVE('',#5567,#5568,#357,.T.);
#4472=EDGE_CURVE('',#5568,#5569,#6513,.T.);
#4473=EDGE_CURVE('',#5397,#5569,#358,.T.);
#4474=EDGE_CURVE('',#5570,#5398,#359,.T.);
#4475=EDGE_CURVE('',#5571,#5570,#6514,.T.);
#4476=EDGE_CURVE('',#5572,#5571,#360,.T.);
#4477=EDGE_CURVE('',#5573,#5572,#361,.T.);
#4478=EDGE_CURVE('',#5573,#5574,#6515,.T.);
#4479=EDGE_CURVE('',#5575,#5574,#362,.T.);
#4480=EDGE_CURVE('',#5576,#5575,#6516,.T.);
#4481=EDGE_CURVE('',#5410,#5576,#363,.T.);
#4482=EDGE_CURVE('',#5577,#5409,#6517,.T.);
#4483=EDGE_CURVE('',#5577,#5578,#6518,.T.);
#4484=EDGE_CURVE('',#5578,#5405,#6519,.T.);
#4485=EDGE_CURVE('',#5579,#5406,#364,.T.);
#4486=EDGE_CURVE('',#5579,#5580,#6520,.T.);
#4487=EDGE_CURVE('',#5567,#5580,#365,.T.);
#4488=EDGE_CURVE('',#5582,#5582,#366,.T.);
#4489=EDGE_CURVE('',#5584,#5584,#367,.T.);
#4490=EDGE_CURVE('',#5585,#5586,#6521,.T.);
#4491=EDGE_CURVE('',#5585,#5587,#368,.T.);
#4492=EDGE_CURVE('',#5588,#5587,#106,.T.);
#4493=EDGE_CURVE('',#5589,#5588,#6522,.T.);
#4494=EDGE_CURVE('',#5589,#5590,#369,.T.);
#4495=EDGE_CURVE('',#5590,#5591,#370,.T.);
#4496=EDGE_CURVE('',#5592,#5591,#6523,.T.);
#4497=EDGE_CURVE('',#5593,#5592,#6524,.T.);
#4498=EDGE_CURVE('',#5593,#5594,#371,.T.);
#4499=EDGE_CURVE('',#5586,#5594,#107,.T.);
#4500=EDGE_CURVE('',#5595,#5596,#6525,.T.);
#4501=EDGE_CURVE('',#5595,#5597,#372,.T.);
#4502=EDGE_CURVE('',#5597,#5598,#373,.T.);
#4503=EDGE_CURVE('',#5599,#5598,#6526,.T.);
#4504=EDGE_CURVE('',#5599,#5600,#374,.T.);
#4505=EDGE_CURVE('',#5600,#5596,#375,.T.);
#4506=EDGE_CURVE('',#5601,#5602,#376,.T.);
#4507=EDGE_CURVE('',#5602,#5603,#377,.T.);
#4508=EDGE_CURVE('',#5603,#5604,#378,.T.);
#4509=EDGE_CURVE('',#5604,#5601,#379,.T.);
#4510=EDGE_CURVE('',#5605,#5606,#380,.T.);
#4511=EDGE_CURVE('',#5606,#5607,#381,.T.);
#4512=EDGE_CURVE('',#5607,#5608,#382,.T.);
#4513=EDGE_CURVE('',#5608,#5605,#383,.T.);
#4514=EDGE_CURVE('',#5609,#5610,#384,.T.);
#4515=EDGE_CURVE('',#5610,#5611,#385,.T.);
#4516=EDGE_CURVE('',#5612,#5611,#6527,.T.);
#4517=EDGE_CURVE('',#5612,#5613,#386,.T.);
#4518=EDGE_CURVE('',#5613,#5614,#387,.T.);
#4519=EDGE_CURVE('',#5609,#5614,#6528,.T.);
#4520=EDGE_CURVE('',#5615,#5616,#6529,.T.);
#4521=EDGE_CURVE('',#5615,#5617,#388,.T.);
#4522=EDGE_CURVE('',#5617,#5618,#389,.T.);
#4523=EDGE_CURVE('',#5619,#5618,#6530,.T.);
#4524=EDGE_CURVE('',#5619,#5620,#390,.T.);
#4525=EDGE_CURVE('',#5620,#5616,#391,.T.);
#4526=EDGE_CURVE('',#5621,#5621,#392,.T.);
#4527=EDGE_CURVE('',#5622,#5623,#393,.T.);
#4528=EDGE_CURVE('',#5623,#5624,#394,.T.);
#4529=EDGE_CURVE('',#5624,#5625,#395,.T.);
#4530=EDGE_CURVE('',#5625,#5622,#396,.T.);
#4531=EDGE_CURVE('',#5626,#5627,#6531,.T.);
#4532=EDGE_CURVE('',#5626,#5628,#397,.T.);
#4533=EDGE_CURVE('',#5628,#5629,#398,.T.);
#4534=EDGE_CURVE('',#5630,#5629,#6532,.T.);
#4535=EDGE_CURVE('',#5630,#5631,#399,.T.);
#4536=EDGE_CURVE('',#5631,#5627,#400,.T.);
#4537=EDGE_CURVE('',#5632,#5632,#401,.T.);
#4538=EDGE_CURVE('',#5633,#5634,#402,.T.);
#4539=EDGE_CURVE('',#5634,#5635,#403,.T.);
#4540=EDGE_CURVE('',#5635,#5636,#404,.T.);
#4541=EDGE_CURVE('',#5636,#5633,#405,.T.);
#4542=EDGE_CURVE('',#5637,#5638,#406,.T.);
#4543=EDGE_CURVE('',#5638,#5639,#407,.T.);
#4544=EDGE_CURVE('',#5640,#5639,#6533,.T.);
#4545=EDGE_CURVE('',#5641,#5640,#6534,.T.);
#4546=EDGE_CURVE('',#5641,#5642,#408,.T.);
#4547=EDGE_CURVE('',#5642,#5643,#409,.T.);
#4548=EDGE_CURVE('',#5644,#5643,#6535,.T.);
#4549=EDGE_CURVE('',#5645,#5644,#6536,.T.);
#4550=EDGE_CURVE('',#5645,#5646,#410,.T.);
#4551=EDGE_CURVE('',#5646,#5647,#411,.T.);
#4552=EDGE_CURVE('',#5637,#5647,#6537,.T.);
#4553=EDGE_CURVE('',#5648,#5649,#412,.T.);
#4554=EDGE_CURVE('',#5649,#5650,#413,.T.);
#4555=EDGE_CURVE('',#5651,#5650,#6538,.T.);
#4556=EDGE_CURVE('',#5651,#5652,#414,.T.);
#4557=EDGE_CURVE('',#5653,#5652,#6539,.T.);
#4558=EDGE_CURVE('',#5654,#5653,#6540,.T.);
#4559=EDGE_CURVE('',#5654,#5655,#415,.T.);
#4560=EDGE_CURVE('',#5655,#5656,#416,.T.);
#4561=EDGE_CURVE('',#5657,#5656,#6541,.T.);
#4562=EDGE_CURVE('',#5658,#5657,#6542,.T.);
#4563=EDGE_CURVE('',#5658,#5659,#417,.T.);
#4564=EDGE_CURVE('',#5660,#5659,#6543,.T.);
#4565=EDGE_CURVE('',#5660,#5661,#418,.T.);
#4566=EDGE_CURVE('',#5661,#5662,#419,.T.);
#4567=EDGE_CURVE('',#5663,#5662,#6544,.T.);
#4568=EDGE_CURVE('',#5664,#5663,#6545,.T.);
#4569=EDGE_CURVE('',#5665,#5664,#6546,.T.);
#4570=EDGE_CURVE('',#5665,#5666,#420,.T.);
#4571=EDGE_CURVE('',#5666,#5667,#421,.T.);
#4572=EDGE_CURVE('',#5668,#5667,#6547,.T.);
#4573=EDGE_CURVE('',#5669,#5668,#6548,.T.);
#4574=EDGE_CURVE('',#5648,#5669,#6549,.T.);
#4575=EDGE_CURVE('',#5670,#5671,#6550,.F.);
#4576=EDGE_CURVE('',#5671,#5672,#422,.F.);
#4577=EDGE_CURVE('',#5672,#5673,#6551,.T.);
#4578=EDGE_CURVE('',#5673,#5674,#423,.T.);
#4579=EDGE_CURVE('',#5674,#5675,#6552,.F.);
#4580=EDGE_CURVE('',#5675,#5676,#424,.T.);
#4581=EDGE_CURVE('',#5676,#5677,#425,.F.);
#4582=EDGE_CURVE('',#5677,#5678,#6553,.T.);
#4583=EDGE_CURVE('',#5678,#5679,#426,.T.);
#4584=EDGE_CURVE('',#5679,#5680,#6554,.F.);
#4585=EDGE_CURVE('',#5680,#5681,#427,.T.);
#4586=EDGE_CURVE('',#5681,#5682,#6555,.F.);
#4587=EDGE_CURVE('',#5682,#5683,#428,.F.);
#4588=EDGE_CURVE('',#5683,#5684,#429,.T.);
#4589=EDGE_CURVE('',#5684,#5685,#6556,.F.);
#4590=EDGE_CURVE('',#5685,#5670,#430,.T.);
#4591=EDGE_CURVE('',#5686,#5686,#431,.T.);
#4592=EDGE_CURVE('',#5688,#5688,#432,.T.);
#4593=EDGE_CURVE('',#5690,#5690,#433,.T.);
#4594=EDGE_CURVE('',#5691,#5691,#434,.T.);
#4595=EDGE_CURVE('',#5681,#5692,#435,.T.);
#4596=EDGE_CURVE('',#5693,#5692,#6557,.T.);
#4597=EDGE_CURVE('',#5682,#5693,#436,.T.);
#4598=EDGE_CURVE('',#5680,#5399,#437,.T.);
#4599=EDGE_CURVE('',#5692,#5399,#438,.F.);
#4600=EDGE_CURVE('',#5400,#5679,#439,.T.);
#4601=EDGE_CURVE('',#5694,#5678,#440,.T.);
#4602=EDGE_CURVE('',#5400,#5694,#441,.F.);
#4603=EDGE_CURVE('',#5695,#5677,#442,.T.);
#4604=EDGE_CURVE('',#5694,#5695,#6558,.F.);
#4605=EDGE_CURVE('',#5696,#5676,#443,.T.);
#4606=EDGE_CURVE('',#5695,#5696,#444,.T.);
#4607=EDGE_CURVE('',#5697,#5675,#445,.T.);
#4608=EDGE_CURVE('',#5696,#5697,#446,.F.);
#4609=EDGE_CURVE('',#5698,#5674,#447,.T.);
#4610=EDGE_CURVE('',#5697,#5698,#6559,.T.);
#4611=EDGE_CURVE('',#5699,#5673,#448,.T.);
#4612=EDGE_CURVE('',#5698,#5699,#449,.F.);
#4613=EDGE_CURVE('',#5700,#5672,#450,.T.);
#4614=EDGE_CURVE('',#5699,#5700,#6560,.F.);
#4615=EDGE_CURVE('',#5671,#5411,#451,.T.);
#4616=EDGE_CURVE('',#5700,#5411,#452,.T.);
#4617=EDGE_CURVE('',#5670,#5412,#108,.F.);
#4618=EDGE_CURVE('',#5685,#5701,#453,.T.);
#4619=EDGE_CURVE('',#5412,#5701,#454,.F.);
#4620=EDGE_CURVE('',#5684,#5702,#455,.T.);
#4621=EDGE_CURVE('',#5701,#5702,#6561,.T.);
#4622=EDGE_CURVE('',#5683,#5703,#456,.T.);
#4623=EDGE_CURVE('',#5702,#5703,#457,.F.);
#4624=EDGE_CURVE('',#5703,#5693,#458,.T.);
#4625=EDGE_CURVE('',#5704,#5705,#459,.T.);
#4626=EDGE_CURVE('',#5706,#5704,#6562,.T.);
#4627=EDGE_CURVE('',#5706,#5707,#460,.T.);
#4628=EDGE_CURVE('',#5707,#5705,#6563,.T.);
#4629=EDGE_CURVE('',#5708,#5709,#461,.T.);
#4630=EDGE_CURVE('',#5710,#5709,#6564,.T.);
#4631=EDGE_CURVE('',#5711,#5710,#462,.T.);
#4632=EDGE_CURVE('',#5711,#5708,#6565,.T.);
#4633=EDGE_CURVE('',#5712,#5713,#463,.T.);
#4634=EDGE_CURVE('',#5714,#5713,#6566,.T.);
#4635=EDGE_CURVE('',#5715,#5714,#464,.T.);
#4636=EDGE_CURVE('',#5715,#5712,#6567,.T.);
#4637=EDGE_CURVE('',#5714,#5396,#6568,.T.);
#4638=EDGE_CURVE('',#5395,#5715,#6569,.T.);
#4639=EDGE_CURVE('',#5707,#5385,#6570,.T.);
#4640=EDGE_CURVE('',#5386,#5706,#6571,.T.);
#4641=EDGE_CURVE('',#5705,#5388,#6572,.T.);
#4642=EDGE_CURVE('',#5387,#5704,#6573,.T.);
#4643=EDGE_CURVE('',#5709,#5389,#6574,.T.);
#4644=EDGE_CURVE('',#5390,#5708,#6575,.T.);
#4645=EDGE_CURVE('',#5710,#5392,#6576,.T.);
#4646=EDGE_CURVE('',#5391,#5711,#6577,.T.);
#4647=EDGE_CURVE('',#5394,#5712,#6578,.T.);
#4648=EDGE_CURVE('',#5713,#5393,#6579,.T.);
#4649=EDGE_CURVE('',#5703,#5567,#6580,.T.);
#4650=EDGE_CURVE('',#5693,#5568,#6581,.T.);
#4651=EDGE_CURVE('',#5702,#5580,#6582,.T.);
#4652=EDGE_CURVE('',#5701,#5579,#6583,.T.);
#4653=EDGE_CURVE('',#5700,#5576,#6584,.T.);
#4654=EDGE_CURVE('',#5699,#5575,#6585,.T.);
#4655=EDGE_CURVE('',#5698,#5574,#6586,.T.);
#4656=EDGE_CURVE('',#5697,#5573,#6587,.T.);
#4657=EDGE_CURVE('',#5696,#5572,#6588,.T.);
#4658=EDGE_CURVE('',#5695,#5571,#6589,.T.);
#4659=EDGE_CURVE('',#5694,#5570,#6590,.T.);
#4660=EDGE_CURVE('',#5692,#5569,#6591,.T.);
#4661=EDGE_CURVE('',#5578,#5716,#6592,.T.);
#4662=EDGE_CURVE('',#5577,#5717,#6593,.T.);
#4663=EDGE_CURVE('',#5717,#5716,#6594,.T.);
#4664=EDGE_CURVE('',#5718,#5407,#6595,.T.);
#4665=EDGE_CURVE('',#5719,#5718,#6596,.T.);
#4666=EDGE_CURVE('',#5719,#5408,#6597,.T.);
#4667=EDGE_CURVE('',#5718,#5720,#465,.T.);
#4668=EDGE_CURVE('',#5721,#5720,#6598,.T.);
#4669=EDGE_CURVE('',#5719,#5721,#466,.T.);
#4670=EDGE_CURVE('',#5722,#5720,#6599,.T.);
#4671=EDGE_CURVE('',#5723,#5722,#6600,.T.);
#4672=EDGE_CURVE('',#5723,#5721,#6601,.T.);
#4673=EDGE_CURVE('',#5722,#5716,#467,.T.);
#4674=EDGE_CURVE('',#5723,#5717,#468,.T.);
#4675=EDGE_CURVE('',#5717,#5723,#469,.T.);
#4676=EDGE_CURVE('',#5716,#5722,#470,.T.);
#4677=EDGE_CURVE('',#5726,#5650,#6602,.T.);
#4678=EDGE_CURVE('',#5727,#5726,#6603,.T.);
#4679=EDGE_CURVE('',#5727,#5651,#6604,.T.);
#4680=EDGE_CURVE('',#5728,#5649,#6605,.T.);
#4681=EDGE_CURVE('',#5728,#5726,#471,.T.);
#4682=EDGE_CURVE('',#5729,#5648,#6606,.T.);
#4683=EDGE_CURVE('',#5729,#5728,#472,.T.);
#4684=EDGE_CURVE('',#5730,#5669,#6607,.T.);
#4685=EDGE_CURVE('',#5729,#5730,#6608,.T.);
#4686=EDGE_CURVE('',#5731,#5668,#6609,.T.);
#4687=EDGE_CURVE('',#5730,#5731,#6610,.T.);
#4688=EDGE_CURVE('',#5732,#5667,#6611,.T.);
#4689=EDGE_CURVE('',#5731,#5732,#6612,.T.);
#4690=EDGE_CURVE('',#5733,#5666,#6613,.T.);
#4691=EDGE_CURVE('',#5733,#5732,#473,.T.);
#4692=EDGE_CURVE('',#5734,#5665,#6614,.T.);
#4693=EDGE_CURVE('',#5734,#5733,#474,.T.);
#4694=EDGE_CURVE('',#5735,#5664,#6615,.T.);
#4695=EDGE_CURVE('',#5734,#5735,#6616,.T.);
#4696=EDGE_CURVE('',#5736,#5663,#6617,.T.);
#4697=EDGE_CURVE('',#5735,#5736,#6618,.T.);
#4698=EDGE_CURVE('',#5737,#5662,#6619,.T.);
#4699=EDGE_CURVE('',#5736,#5737,#6620,.T.);
#4700=EDGE_CURVE('',#5738,#5661,#6621,.T.);
#4701=EDGE_CURVE('',#5738,#5737,#475,.T.);
#4702=EDGE_CURVE('',#5739,#5660,#6622,.T.);
#4703=EDGE_CURVE('',#5739,#5738,#476,.T.);
#4704=EDGE_CURVE('',#5740,#5659,#6623,.T.);
#4705=EDGE_CURVE('',#5739,#5740,#6624,.T.);
#4706=EDGE_CURVE('',#5741,#5658,#6625,.T.);
#4707=EDGE_CURVE('',#5741,#5740,#477,.T.);
#4708=EDGE_CURVE('',#5742,#5657,#6626,.T.);
#4709=EDGE_CURVE('',#5741,#5742,#6627,.T.);
#4710=EDGE_CURVE('',#5743,#5656,#6628,.T.);
#4711=EDGE_CURVE('',#5742,#5743,#6629,.T.);
#4712=EDGE_CURVE('',#5744,#5655,#6630,.T.);
#4713=EDGE_CURVE('',#5744,#5743,#478,.T.);
#4714=EDGE_CURVE('',#5745,#5654,#6631,.T.);
#4715=EDGE_CURVE('',#5745,#5744,#479,.T.);
#4716=EDGE_CURVE('',#5746,#5653,#6632,.T.);
#4717=EDGE_CURVE('',#5745,#5746,#6633,.T.);
#4718=EDGE_CURVE('',#5747,#5652,#6634,.T.);
#4719=EDGE_CURVE('',#5746,#5747,#6635,.T.);
#4720=EDGE_CURVE('',#5727,#5747,#480,.T.);
#4721=EDGE_CURVE('',#5748,#5639,#6636,.T.);
#4722=EDGE_CURVE('',#5749,#5748,#6637,.T.);
#4723=EDGE_CURVE('',#5749,#5640,#6638,.T.);
#4724=EDGE_CURVE('',#5750,#5638,#6639,.T.);
#4725=EDGE_CURVE('',#5750,#5748,#481,.T.);
#4726=EDGE_CURVE('',#5751,#5637,#6640,.T.);
#4727=EDGE_CURVE('',#5751,#5750,#482,.T.);
#4728=EDGE_CURVE('',#5752,#5647,#6641,.T.);
#4729=EDGE_CURVE('',#5751,#5752,#6642,.T.);
#4730=EDGE_CURVE('',#5753,#5646,#6643,.T.);
#4731=EDGE_CURVE('',#5753,#5752,#483,.T.);
#4732=EDGE_CURVE('',#5754,#5645,#6644,.T.);
#4733=EDGE_CURVE('',#5754,#5753,#484,.T.);
#4734=EDGE_CURVE('',#5755,#5644,#6645,.T.);
#4735=EDGE_CURVE('',#5754,#5755,#6646,.T.);
#4736=EDGE_CURVE('',#5756,#5643,#6647,.T.);
#4737=EDGE_CURVE('',#5755,#5756,#6648,.T.);
#4738=EDGE_CURVE('',#5757,#5642,#6649,.T.);
#4739=EDGE_CURVE('',#5757,#5756,#485,.T.);
#4740=EDGE_CURVE('',#5758,#5641,#6650,.T.);
#4741=EDGE_CURVE('',#5758,#5757,#486,.T.);
#4742=EDGE_CURVE('',#5758,#5749,#6651,.T.);
#4743=EDGE_CURVE('',#5759,#5634,#6652,.T.);
#4744=EDGE_CURVE('',#5759,#5760,#487,.T.);
#4745=EDGE_CURVE('',#5760,#5635,#6653,.T.);
#4746=EDGE_CURVE('',#5761,#5633,#6654,.T.);
#4747=EDGE_CURVE('',#5761,#5759,#488,.T.);
#4748=EDGE_CURVE('',#5762,#5636,#6655,.T.);
#4749=EDGE_CURVE('',#5762,#5761,#489,.T.);
#4750=EDGE_CURVE('',#5763,#5764,#490,.T.);
#4751=EDGE_CURVE('',#5765,#5764,#6656,.T.);
#4752=EDGE_CURVE('',#5766,#5765,#491,.T.);
#4753=EDGE_CURVE('',#5766,#5763,#6657,.T.);
#4754=EDGE_CURVE('',#5764,#5767,#492,.T.);
#4755=EDGE_CURVE('',#5768,#5767,#6658,.T.);
#4756=EDGE_CURVE('',#5765,#5768,#493,.T.);
#4757=EDGE_CURVE('',#5767,#5769,#494,.T.);
#4758=EDGE_CURVE('',#5770,#5769,#6659,.T.);
#4759=EDGE_CURVE('',#5768,#5770,#495,.T.);
#4760=EDGE_CURVE('',#5769,#5763,#496,.T.);
#4761=EDGE_CURVE('',#5770,#5766,#497,.T.);
#4762=EDGE_CURVE('',#5760,#5762,#498,.T.);
#4763=EDGE_CURVE('',#5771,#5772,#499,.T.);
#4764=EDGE_CURVE('',#5773,#5772,#6660,.T.);
#4765=EDGE_CURVE('',#5774,#5773,#500,.T.);
#4766=EDGE_CURVE('',#5774,#5771,#6661,.T.);
#4767=EDGE_CURVE('',#5772,#5775,#501,.T.);
#4768=EDGE_CURVE('',#5776,#5775,#6662,.T.);
#4769=EDGE_CURVE('',#5773,#5776,#502,.T.);
#4770=EDGE_CURVE('',#5775,#5777,#503,.T.);
#4771=EDGE_CURVE('',#5778,#5777,#6663,.T.);
#4772=EDGE_CURVE('',#5776,#5778,#504,.T.);
#4773=EDGE_CURVE('',#5777,#5771,#505,.T.);
#4774=EDGE_CURVE('',#5778,#5774,#506,.T.);
#4775=EDGE_CURVE('',#5779,#5779,#507,.T.);
#4776=EDGE_CURVE('',#5780,#5626,#6664,.T.);
#4777=EDGE_CURVE('',#5780,#5781,#508,.T.);
#4778=EDGE_CURVE('',#5781,#5628,#6665,.T.);
#4779=EDGE_CURVE('',#5782,#5627,#6666,.T.);
#4780=EDGE_CURVE('',#5780,#5782,#6667,.T.);
#4781=EDGE_CURVE('',#5783,#5631,#6668,.T.);
#4782=EDGE_CURVE('',#5783,#5782,#509,.T.);
#4783=EDGE_CURVE('',#5784,#5630,#6669,.T.);
#4784=EDGE_CURVE('',#5784,#5783,#510,.T.);
#4785=EDGE_CURVE('',#5785,#5629,#6670,.T.);
#4786=EDGE_CURVE('',#5784,#5785,#6671,.T.);
#4787=EDGE_CURVE('',#5781,#5785,#511,.T.);
#4788=EDGE_CURVE('',#5786,#5623,#6672,.T.);
#4789=EDGE_CURVE('',#5786,#5787,#512,.T.);
#4790=EDGE_CURVE('',#5787,#5624,#6673,.T.);
#4791=EDGE_CURVE('',#5788,#5622,#6674,.T.);
#4792=EDGE_CURVE('',#5788,#5786,#513,.T.);
#4793=EDGE_CURVE('',#5789,#5625,#6675,.T.);
#4794=EDGE_CURVE('',#5789,#5788,#514,.T.);
#4795=EDGE_CURVE('',#5790,#5791,#515,.T.);
#4796=EDGE_CURVE('',#5792,#5791,#6676,.T.);
#4797=EDGE_CURVE('',#5793,#5792,#516,.T.);
#4798=EDGE_CURVE('',#5793,#5790,#6677,.T.);
#4799=EDGE_CURVE('',#5791,#5794,#517,.T.);
#4800=EDGE_CURVE('',#5795,#5794,#6678,.T.);
#4801=EDGE_CURVE('',#5792,#5795,#518,.T.);
#4802=EDGE_CURVE('',#5794,#5796,#519,.T.);
#4803=EDGE_CURVE('',#5797,#5796,#6679,.T.);
#4804=EDGE_CURVE('',#5795,#5797,#520,.T.);
#4805=EDGE_CURVE('',#5796,#5790,#521,.T.);
#4806=EDGE_CURVE('',#5797,#5793,#522,.T.);
#4807=EDGE_CURVE('',#5787,#5789,#523,.T.);
#4808=EDGE_CURVE('',#5798,#5799,#524,.T.);
#4809=EDGE_CURVE('',#5800,#5799,#6680,.T.);
#4810=EDGE_CURVE('',#5801,#5800,#525,.T.);
#4811=EDGE_CURVE('',#5801,#5798,#6681,.T.);
#4812=EDGE_CURVE('',#5799,#5802,#526,.T.);
#4813=EDGE_CURVE('',#5803,#5802,#6682,.T.);
#4814=EDGE_CURVE('',#5800,#5803,#527,.T.);
#4815=EDGE_CURVE('',#5802,#5804,#528,.T.);
#4816=EDGE_CURVE('',#5805,#5804,#6683,.T.);
#4817=EDGE_CURVE('',#5803,#5805,#529,.T.);
#4818=EDGE_CURVE('',#5804,#5798,#530,.T.);
#4819=EDGE_CURVE('',#5805,#5801,#531,.T.);
#4820=EDGE_CURVE('',#5806,#5806,#532,.T.);
#4821=EDGE_CURVE('',#5807,#5615,#6684,.T.);
#4822=EDGE_CURVE('',#5807,#5808,#533,.T.);
#4823=EDGE_CURVE('',#5808,#5617,#6685,.T.);
#4824=EDGE_CURVE('',#5809,#5616,#6686,.T.);
#4825=EDGE_CURVE('',#5807,#5809,#6687,.T.);
#4826=EDGE_CURVE('',#5810,#5620,#6688,.T.);
#4827=EDGE_CURVE('',#5810,#5809,#534,.T.);
#4828=EDGE_CURVE('',#5811,#5619,#6689,.T.);
#4829=EDGE_CURVE('',#5811,#5810,#535,.T.);
#4830=EDGE_CURVE('',#5812,#5618,#6690,.T.);
#4831=EDGE_CURVE('',#5811,#5812,#6691,.T.);
#4832=EDGE_CURVE('',#5808,#5812,#536,.T.);
#4833=EDGE_CURVE('',#5813,#5612,#6692,.T.);
#4834=EDGE_CURVE('',#5813,#5814,#537,.T.);
#4835=EDGE_CURVE('',#5814,#5613,#6693,.T.);
#4836=EDGE_CURVE('',#5815,#5611,#6694,.T.);
#4837=EDGE_CURVE('',#5813,#5815,#6695,.T.);
#4838=EDGE_CURVE('',#5816,#5610,#6696,.T.);
#4839=EDGE_CURVE('',#5816,#5815,#538,.T.);
#4840=EDGE_CURVE('',#5817,#5609,#6697,.T.);
#4841=EDGE_CURVE('',#5817,#5816,#539,.T.);
#4842=EDGE_CURVE('',#5818,#5614,#6698,.T.);
#4843=EDGE_CURVE('',#5817,#5818,#6699,.T.);
#4844=EDGE_CURVE('',#5814,#5818,#540,.T.);
#4845=EDGE_CURVE('',#5819,#5606,#6700,.T.);
#4846=EDGE_CURVE('',#5819,#5820,#541,.T.);
#4847=EDGE_CURVE('',#5820,#5607,#6701,.T.);
#4848=EDGE_CURVE('',#5821,#5605,#6702,.T.);
#4849=EDGE_CURVE('',#5821,#5819,#542,.T.);
#4850=EDGE_CURVE('',#5822,#5608,#6703,.T.);
#4851=EDGE_CURVE('',#5822,#5821,#543,.T.);
#4852=EDGE_CURVE('',#5823,#5824,#544,.T.);
#4853=EDGE_CURVE('',#5825,#5824,#6704,.T.);
#4854=EDGE_CURVE('',#5826,#5825,#545,.T.);
#4855=EDGE_CURVE('',#5826,#5823,#6705,.T.);
#4856=EDGE_CURVE('',#5824,#5827,#546,.T.);
#4857=EDGE_CURVE('',#5828,#5827,#6706,.T.);
#4858=EDGE_CURVE('',#5825,#5828,#547,.T.);
#4859=EDGE_CURVE('',#5827,#5829,#548,.T.);
#4860=EDGE_CURVE('',#5830,#5829,#6707,.T.);
#4861=EDGE_CURVE('',#5828,#5830,#549,.T.);
#4862=EDGE_CURVE('',#5829,#5823,#550,.T.);
#4863=EDGE_CURVE('',#5830,#5826,#551,.T.);
#4864=EDGE_CURVE('',#5820,#5822,#552,.T.);
#4865=EDGE_CURVE('',#5831,#5602,#6708,.T.);
#4866=EDGE_CURVE('',#5831,#5832,#553,.T.);
#4867=EDGE_CURVE('',#5832,#5603,#6709,.T.);
#4868=EDGE_CURVE('',#5833,#5601,#6710,.T.);
#4869=EDGE_CURVE('',#5833,#5831,#554,.T.);
#4870=EDGE_CURVE('',#5834,#5604,#6711,.T.);
#4871=EDGE_CURVE('',#5834,#5833,#555,.T.);
#4872=EDGE_CURVE('',#5835,#5836,#556,.T.);
#4873=EDGE_CURVE('',#5837,#5836,#6712,.T.);
#4874=EDGE_CURVE('',#5838,#5837,#557,.T.);
#4875=EDGE_CURVE('',#5838,#5835,#6713,.T.);
#4876=EDGE_CURVE('',#5836,#5839,#558,.T.);
#4877=EDGE_CURVE('',#5840,#5839,#6714,.T.);
#4878=EDGE_CURVE('',#5837,#5840,#559,.T.);
#4879=EDGE_CURVE('',#5839,#5841,#560,.T.);
#4880=EDGE_CURVE('',#5842,#5841,#6715,.T.);
#4881=EDGE_CURVE('',#5840,#5842,#561,.T.);
#4882=EDGE_CURVE('',#5841,#5835,#562,.T.);
#4883=EDGE_CURVE('',#5842,#5838,#563,.T.);
#4884=EDGE_CURVE('',#5832,#5834,#564,.T.);
#4885=EDGE_CURVE('',#5843,#5595,#6716,.T.);
#4886=EDGE_CURVE('',#5843,#5844,#565,.T.);
#4887=EDGE_CURVE('',#5844,#5597,#6717,.T.);
#4888=EDGE_CURVE('',#5845,#5596,#6718,.T.);
#4889=EDGE_CURVE('',#5843,#5845,#6719,.T.);
#4890=EDGE_CURVE('',#5846,#5600,#6720,.T.);
#4891=EDGE_CURVE('',#5846,#5845,#566,.T.);
#4892=EDGE_CURVE('',#5847,#5599,#6721,.T.);
#4893=EDGE_CURVE('',#5847,#5846,#567,.T.);
#4894=EDGE_CURVE('',#5848,#5598,#6722,.T.);
#4895=EDGE_CURVE('',#5847,#5848,#6723,.T.);
#4896=EDGE_CURVE('',#5844,#5848,#568,.T.);
#4897=EDGE_CURVE('',#5849,#5587,#6724,.T.);
#4898=EDGE_CURVE('',#5850,#5849,#109,.T.);
#4899=EDGE_CURVE('',#5850,#5588,#6725,.T.);
#4900=EDGE_CURVE('',#5851,#5585,#6726,.T.);
#4901=EDGE_CURVE('',#5851,#5849,#569,.T.);
#4902=EDGE_CURVE('',#5852,#5586,#6727,.T.);
#4903=EDGE_CURVE('',#5851,#5852,#6728,.T.);
#4904=EDGE_CURVE('',#5853,#5594,#6729,.T.);
#4905=EDGE_CURVE('',#5852,#5853,#110,.T.);
#4906=EDGE_CURVE('',#5854,#5593,#6730,.T.);
#4907=EDGE_CURVE('',#5854,#5853,#570,.T.);
#4908=EDGE_CURVE('',#5855,#5592,#6731,.T.);
#4909=EDGE_CURVE('',#5854,#5855,#6732,.T.);
#4910=EDGE_CURVE('',#5856,#5591,#6733,.T.);
#4911=EDGE_CURVE('',#5855,#5856,#6734,.T.);
#4912=EDGE_CURVE('',#5857,#5590,#6735,.T.);
#4913=EDGE_CURVE('',#5857,#5856,#571,.T.);
#4914=EDGE_CURVE('',#5858,#5589,#6736,.T.);
#4915=EDGE_CURVE('',#5858,#5857,#572,.T.);
#4916=EDGE_CURVE('',#5858,#5850,#6737,.T.);
#4917=EDGE_CURVE('',#5859,#5384,#6738,.T.);
#4918=EDGE_CURVE('',#5860,#5859,#6739,.T.);
#4919=EDGE_CURVE('',#5860,#5382,#6740,.T.);
#4920=EDGE_CURVE('',#5861,#5859,#573,.T.);
#4921=EDGE_CURVE('',#5862,#5861,#6741,.T.);
#4922=EDGE_CURVE('',#5862,#5860,#574,.T.);
#4923=EDGE_CURVE('',#5383,#5861,#6742,.T.);
#4924=EDGE_CURVE('',#5381,#5862,#6743,.T.);
#4925=EDGE_CURVE('',#5863,#5863,#575,.T.);
#4926=EDGE_CURVE('',#5864,#5864,#576,.F.);
#4927=EDGE_CURVE('',#5402,#5865,#6744,.T.);
#4928=EDGE_CURVE('',#5866,#5865,#6745,.T.);
#4929=EDGE_CURVE('',#5401,#5866,#6746,.T.);
#4930=EDGE_CURVE('',#5865,#5867,#577,.T.);
#4931=EDGE_CURVE('',#5868,#5867,#6747,.T.);
#4932=EDGE_CURVE('',#5866,#5868,#578,.T.);
#4933=EDGE_CURVE('',#5867,#5404,#6748,.T.);
#4934=EDGE_CURVE('',#5868,#5403,#6749,.T.);
#4935=EDGE_CURVE('',#5869,#5869,#579,.F.);
#4936=EDGE_CURVE('',#5870,#5380,#6750,.T.);
#4937=EDGE_CURVE('',#5871,#5870,#6751,.T.);
#4938=EDGE_CURVE('',#5871,#5378,#6752,.T.);
#4939=EDGE_CURVE('',#5872,#5870,#580,.T.);
#4940=EDGE_CURVE('',#5873,#5872,#6753,.T.);
#4941=EDGE_CURVE('',#5873,#5871,#581,.T.);
#4942=EDGE_CURVE('',#5379,#5872,#6754,.T.);
#4943=EDGE_CURVE('',#5377,#5873,#6755,.T.);
#4944=EDGE_CURVE('',#5874,#5874,#582,.T.);
#4945=EDGE_CURVE('',#5877,#5877,#583,.F.);
#4946=EDGE_CURVE('',#5879,#5879,#584,.F.);
#4947=VERTEX_POINT('',#13516);
#4948=VERTEX_POINT('',#13517);
#4949=VERTEX_POINT('',#13519);
#4950=VERTEX_POINT('',#13521);
#4951=VERTEX_POINT('',#13523);
#4952=VERTEX_POINT('',#13527);
#4953=VERTEX_POINT('',#13528);
#4954=VERTEX_POINT('',#13531);
#4955=VERTEX_POINT('',#13535);
#4956=VERTEX_POINT('',#13536);
#4957=VERTEX_POINT('',#13538);
#4958=VERTEX_POINT('',#13542);
#4959=VERTEX_POINT('',#13543);
#4960=VERTEX_POINT('',#13545);
#4961=VERTEX_POINT('',#13547);
#4962=VERTEX_POINT('',#13549);
#4963=VERTEX_POINT('',#13551);
#4964=VERTEX_POINT('',#13555);
#4965=VERTEX_POINT('',#13559);
#4966=VERTEX_POINT('',#13560);
#4967=VERTEX_POINT('',#13562);
#4968=VERTEX_POINT('',#13564);
#4969=VERTEX_POINT('',#13566);
#4970=VERTEX_POINT('',#13568);
#4971=VERTEX_POINT('',#13574);
#4972=VERTEX_POINT('',#13575);
#4973=VERTEX_POINT('',#13580);
#4974=VERTEX_POINT('',#13585);
#4975=VERTEX_POINT('',#13597);
#4976=VERTEX_POINT('',#13598);
#4977=VERTEX_POINT('',#13600);
#4978=VERTEX_POINT('',#13602);
#4979=VERTEX_POINT('',#13604);
#4980=VERTEX_POINT('',#13606);
#4981=VERTEX_POINT('',#13608);
#4982=VERTEX_POINT('',#13610);
#4983=VERTEX_POINT('',#13612);
#4984=VERTEX_POINT('',#13614);
#4985=VERTEX_POINT('',#13616);
#4986=VERTEX_POINT('',#13619);
#4987=VERTEX_POINT('',#13620);
#4988=VERTEX_POINT('',#13622);
#4989=VERTEX_POINT('',#13624);
#4990=VERTEX_POINT('',#13626);
#4991=VERTEX_POINT('',#13628);
#4992=VERTEX_POINT('',#13630);
#4993=VERTEX_POINT('',#13632);
#4994=VERTEX_POINT('',#13634);
#4995=VERTEX_POINT('',#13636);
#4996=VERTEX_POINT('',#13638);
#4997=VERTEX_POINT('',#13640);
#4998=VERTEX_POINT('',#13642);
#4999=VERTEX_POINT('',#13644);
#5000=VERTEX_POINT('',#13646);
#5001=VERTEX_POINT('',#13648);
#5002=VERTEX_POINT('',#13650);
#5003=VERTEX_POINT('',#13653);
#5004=VERTEX_POINT('',#13654);
#5005=VERTEX_POINT('',#13656);
#5006=VERTEX_POINT('',#13658);
#5007=VERTEX_POINT('',#13660);
#5008=VERTEX_POINT('',#13662);
#5009=VERTEX_POINT('',#13664);
#5010=VERTEX_POINT('',#13666);
#5011=VERTEX_POINT('',#13671);
#5012=VERTEX_POINT('',#13673);
#5013=VERTEX_POINT('',#13675);
#5014=VERTEX_POINT('',#13678);
#5015=VERTEX_POINT('',#13679);
#5016=VERTEX_POINT('',#13681);
#5017=VERTEX_POINT('',#13683);
#5018=VERTEX_POINT('',#13685);
#5019=VERTEX_POINT('',#13687);
#5020=VERTEX_POINT('',#13689);
#5021=VERTEX_POINT('',#13691);
#5022=VERTEX_POINT('',#13693);
#5023=VERTEX_POINT('',#13695);
#5024=VERTEX_POINT('',#13697);
#5025=VERTEX_POINT('',#13699);
#5026=VERTEX_POINT('',#13701);
#5027=VERTEX_POINT('',#13703);
#5028=VERTEX_POINT('',#13705);
#5029=VERTEX_POINT('',#13707);
#5030=VERTEX_POINT('',#13710);
#5031=VERTEX_POINT('',#13711);
#5032=VERTEX_POINT('',#13713);
#5033=VERTEX_POINT('',#13715);
#5034=VERTEX_POINT('',#13717);
#5035=VERTEX_POINT('',#13719);
#5036=VERTEX_POINT('',#13721);
#5037=VERTEX_POINT('',#13723);
#5038=VERTEX_POINT('',#13725);
#5039=VERTEX_POINT('',#13727);
#5040=VERTEX_POINT('',#13729);
#5041=VERTEX_POINT('',#13731);
#5042=VERTEX_POINT('',#13733);
#5043=VERTEX_POINT('',#13735);
#5044=VERTEX_POINT('',#13737);
#5045=VERTEX_POINT('',#13739);
#5046=VERTEX_POINT('',#13741);
#5047=VERTEX_POINT('',#13745);
#5048=VERTEX_POINT('',#13747);
#5049=VERTEX_POINT('',#13750);
#5050=VERTEX_POINT('',#13751);
#5051=VERTEX_POINT('',#13753);
#5052=VERTEX_POINT('',#13755);
#5053=VERTEX_POINT('',#13758);
#5054=VERTEX_POINT('',#13760);
#5055=VERTEX_POINT('',#13764);
#5056=VERTEX_POINT('',#13765);
#5057=VERTEX_POINT('',#13767);
#5058=VERTEX_POINT('',#13769);
#5059=VERTEX_POINT('',#13771);
#5060=VERTEX_POINT('',#13773);
#5061=VERTEX_POINT('',#13775);
#5062=VERTEX_POINT('',#13777);
#5063=VERTEX_POINT('',#13779);
#5064=VERTEX_POINT('',#13781);
#5065=VERTEX_POINT('',#13783);
#5066=VERTEX_POINT('',#13785);
#5067=VERTEX_POINT('',#13787);
#5068=VERTEX_POINT('',#13789);
#5069=VERTEX_POINT('',#13791);
#5070=VERTEX_POINT('',#13793);
#5071=VERTEX_POINT('',#13795);
#5072=VERTEX_POINT('',#13797);
#5073=VERTEX_POINT('',#13799);
#5074=VERTEX_POINT('',#13801);
#5075=VERTEX_POINT('',#13803);
#5076=VERTEX_POINT('',#13805);
#5077=VERTEX_POINT('',#13807);
#5078=VERTEX_POINT('',#13809);
#5079=VERTEX_POINT('',#13811);
#5080=VERTEX_POINT('',#13813);
#5081=VERTEX_POINT('',#13815);
#5082=VERTEX_POINT('',#13817);
#5083=VERTEX_POINT('',#13820);
#5084=VERTEX_POINT('',#13821);
#5085=VERTEX_POINT('',#13823);
#5086=VERTEX_POINT('',#13825);
#5087=VERTEX_POINT('',#13827);
#5088=VERTEX_POINT('',#13829);
#5089=VERTEX_POINT('',#13831);
#5090=VERTEX_POINT('',#13833);
#5091=VERTEX_POINT('',#13835);
#5092=VERTEX_POINT('',#13837);
#5093=VERTEX_POINT('',#13839);
#5094=VERTEX_POINT('',#13841);
#5095=VERTEX_POINT('',#13843);
#5096=VERTEX_POINT('',#13845);
#5097=VERTEX_POINT('',#13847);
#5098=VERTEX_POINT('',#13849);
#5099=VERTEX_POINT('',#13853);
#5100=VERTEX_POINT('',#13854);
#5101=VERTEX_POINT('',#13856);
#5102=VERTEX_POINT('',#13858);
#5103=VERTEX_POINT('',#13862);
#5104=VERTEX_POINT('',#13864);
#5105=VERTEX_POINT('',#13871);
#5106=VERTEX_POINT('',#13873);
#5107=VERTEX_POINT('',#13880);
#5108=VERTEX_POINT('',#13882);
#5109=VERTEX_POINT('',#13889);
#5110=VERTEX_POINT('',#13891);
#5111=VERTEX_POINT('',#13898);
#5112=VERTEX_POINT('',#13900);
#5113=VERTEX_POINT('',#13907);
#5114=VERTEX_POINT('',#13909);
#5115=VERTEX_POINT('',#13916);
#5116=VERTEX_POINT('',#13918);
#5117=VERTEX_POINT('',#13925);
#5118=VERTEX_POINT('',#13927);
#5119=VERTEX_POINT('',#13934);
#5120=VERTEX_POINT('',#13936);
#5121=VERTEX_POINT('',#13943);
#5122=VERTEX_POINT('',#13945);
#5123=VERTEX_POINT('',#13952);
#5124=VERTEX_POINT('',#13954);
#5125=VERTEX_POINT('',#13961);
#5126=VERTEX_POINT('',#13963);
#5127=VERTEX_POINT('',#13970);
#5128=VERTEX_POINT('',#13972);
#5129=VERTEX_POINT('',#13979);
#5130=VERTEX_POINT('',#13981);
#5131=VERTEX_POINT('',#13988);
#5132=VERTEX_POINT('',#13990);
#5133=VERTEX_POINT('',#13997);
#5134=VERTEX_POINT('',#13999);
#5135=VERTEX_POINT('',#14006);
#5136=VERTEX_POINT('',#14008);
#5137=VERTEX_POINT('',#14015);
#5138=VERTEX_POINT('',#14017);
#5139=VERTEX_POINT('',#14024);
#5140=VERTEX_POINT('',#14026);
#5141=VERTEX_POINT('',#14033);
#5142=VERTEX_POINT('',#14035);
#5143=VERTEX_POINT('',#14042);
#5144=VERTEX_POINT('',#14044);
#5145=VERTEX_POINT('',#14051);
#5146=VERTEX_POINT('',#14053);
#5147=VERTEX_POINT('',#14060);
#5148=VERTEX_POINT('',#14062);
#5149=VERTEX_POINT('',#14069);
#5150=VERTEX_POINT('',#14071);
#5151=VERTEX_POINT('',#14075);
#5152=VERTEX_POINT('',#14077);
#5153=VERTEX_POINT('',#14081);
#5154=VERTEX_POINT('',#14083);
#5155=VERTEX_POINT('',#14087);
#5156=VERTEX_POINT('',#14089);
#5157=VERTEX_POINT('',#14093);
#5158=VERTEX_POINT('',#14095);
#5159=VERTEX_POINT('',#14112);
#5160=VERTEX_POINT('',#14120);
#5161=VERTEX_POINT('',#14137);
#5162=VERTEX_POINT('',#14145);
#5163=VERTEX_POINT('',#14149);
#5164=VERTEX_POINT('',#14151);
#5165=VERTEX_POINT('',#14158);
#5166=VERTEX_POINT('',#14159);
#5167=VERTEX_POINT('',#14161);
#5168=VERTEX_POINT('',#14163);
#5169=VERTEX_POINT('',#14165);
#5170=VERTEX_POINT('',#14167);
#5171=VERTEX_POINT('',#14169);
#5172=VERTEX_POINT('',#14171);
#5173=VERTEX_POINT('',#14173);
#5174=VERTEX_POINT('',#14175);
#5175=VERTEX_POINT('',#14177);
#5176=VERTEX_POINT('',#14179);
#5177=VERTEX_POINT('',#14181);
#5178=VERTEX_POINT('',#14183);
#5179=VERTEX_POINT('',#14185);
#5180=VERTEX_POINT('',#14187);
#5181=VERTEX_POINT('',#14189);
#5182=VERTEX_POINT('',#14191);
#5183=VERTEX_POINT('',#14193);
#5184=VERTEX_POINT('',#14195);
#5185=VERTEX_POINT('',#14197);
#5186=VERTEX_POINT('',#14199);
#5187=VERTEX_POINT('',#14201);
#5188=VERTEX_POINT('',#14203);
#5189=VERTEX_POINT('',#14205);
#5190=VERTEX_POINT('',#14207);
#5191=VERTEX_POINT('',#14209);
#5192=VERTEX_POINT('',#14211);
#5193=VERTEX_POINT('',#14272);
#5194=VERTEX_POINT('',#14273);
#5195=VERTEX_POINT('',#14275);
#5196=VERTEX_POINT('',#14277);
#5197=VERTEX_POINT('',#14281);
#5198=VERTEX_POINT('',#14282);
#5199=VERTEX_POINT('',#14284);
#5200=VERTEX_POINT('',#14286);
#5201=VERTEX_POINT('',#14290);
#5202=VERTEX_POINT('',#14292);
#5203=VERTEX_POINT('',#14296);
#5204=VERTEX_POINT('',#14300);
#5205=VERTEX_POINT('',#14304);
#5206=VERTEX_POINT('',#14308);
#5207=VERTEX_POINT('',#14312);
#5208=VERTEX_POINT('',#14316);
#5209=VERTEX_POINT('',#14320);
#5210=VERTEX_POINT('',#14324);
#5211=VERTEX_POINT('',#14328);
#5212=VERTEX_POINT('',#14332);
#5213=VERTEX_POINT('',#14336);
#5214=VERTEX_POINT('',#14340);
#5215=VERTEX_POINT('',#14344);
#5216=VERTEX_POINT('',#14348);
#5217=VERTEX_POINT('',#14354);
#5218=VERTEX_POINT('',#14355);
#5219=VERTEX_POINT('',#14357);
#5220=VERTEX_POINT('',#14359);
#5221=VERTEX_POINT('',#14361);
#5222=VERTEX_POINT('',#14363);
#5223=VERTEX_POINT('',#14365);
#5224=VERTEX_POINT('',#14368);
#5225=VERTEX_POINT('',#14370);
#5226=VERTEX_POINT('',#14372);
#5227=VERTEX_POINT('',#14374);
#5228=VERTEX_POINT('',#14376);
#5229=VERTEX_POINT('',#14378);
#5230=VERTEX_POINT('',#14380);
#5231=VERTEX_POINT('',#14382);
#5232=VERTEX_POINT('',#14386);
#5233=VERTEX_POINT('',#14388);
#5234=VERTEX_POINT('',#14390);
#5235=VERTEX_POINT('',#14393);
#5236=VERTEX_POINT('',#14395);
#5237=VERTEX_POINT('',#14397);
#5238=VERTEX_POINT('',#14399);
#5239=VERTEX_POINT('',#14402);
#5240=VERTEX_POINT('',#14404);
#5241=VERTEX_POINT('',#14408);
#5242=VERTEX_POINT('',#14419);
#5243=VERTEX_POINT('',#14421);
#5244=VERTEX_POINT('',#14425);
#5245=VERTEX_POINT('',#14429);
#5246=VERTEX_POINT('',#14433);
#5247=VERTEX_POINT('',#14435);
#5248=VERTEX_POINT('',#14438);
#5249=VERTEX_POINT('',#14440);
#5250=VERTEX_POINT('',#14443);
#5251=VERTEX_POINT('',#14444);
#5252=VERTEX_POINT('',#14446);
#5253=VERTEX_POINT('',#14448);
#5254=VERTEX_POINT('',#14452);
#5255=VERTEX_POINT('',#14455);
#5256=VERTEX_POINT('',#14458);
#5257=VERTEX_POINT('',#14459);
#5258=VERTEX_POINT('',#14461);
#5259=VERTEX_POINT('',#14463);
#5260=VERTEX_POINT('',#14466);
#5261=VERTEX_POINT('',#14468);
#5262=VERTEX_POINT('',#14471);
#5263=VERTEX_POINT('',#14475);
#5264=VERTEX_POINT('',#14477);
#5265=VERTEX_POINT('',#14481);
#5266=VERTEX_POINT('',#14483);
#5267=VERTEX_POINT('',#14487);
#5268=VERTEX_POINT('',#14491);
#5269=VERTEX_POINT('',#14497);
#5270=VERTEX_POINT('',#14503);
#5271=VERTEX_POINT('',#14518);
#5272=VERTEX_POINT('',#14525);
#5273=VERTEX_POINT('',#14527);
#5274=VERTEX_POINT('',#14530);
#5275=VERTEX_POINT('',#14564);
#5276=VERTEX_POINT('',#14573);
#5277=VERTEX_POINT('',#14575);
#5278=VERTEX_POINT('',#14579);
#5279=VERTEX_POINT('',#14581);
#5280=VERTEX_POINT('',#14585);
#5281=VERTEX_POINT('',#14591);
#5282=VERTEX_POINT('',#14593);
#5283=VERTEX_POINT('',#14597);
#5284=VERTEX_POINT('',#14601);
#5285=VERTEX_POINT('',#14605);
#5286=VERTEX_POINT('',#14616);
#5287=VERTEX_POINT('',#14623);
#5288=VERTEX_POINT('',#14627);
#5289=VERTEX_POINT('',#14631);
#5290=VERTEX_POINT('',#14635);
#5291=VERTEX_POINT('',#14639);
#5292=VERTEX_POINT('',#14646);
#5293=VERTEX_POINT('',#14648);
#5294=VERTEX_POINT('',#14652);
#5295=VERTEX_POINT('',#14656);
#5296=VERTEX_POINT('',#14660);
#5297=VERTEX_POINT('',#14664);
#5298=VERTEX_POINT('',#14668);
#5299=VERTEX_POINT('',#14672);
#5300=VERTEX_POINT('',#14676);
#5301=VERTEX_POINT('',#14680);
#5302=VERTEX_POINT('',#14684);
#5303=VERTEX_POINT('',#14688);
#5304=VERTEX_POINT('',#14692);
#5305=VERTEX_POINT('',#14696);
#5306=VERTEX_POINT('',#14700);
#5307=VERTEX_POINT('',#14704);
#5308=VERTEX_POINT('',#14708);
#5309=VERTEX_POINT('',#14715);
#5310=VERTEX_POINT('',#14717);
#5311=VERTEX_POINT('',#14721);
#5312=VERTEX_POINT('',#14725);
#5313=VERTEX_POINT('',#14729);
#5314=VERTEX_POINT('',#14733);
#5315=VERTEX_POINT('',#14737);
#5316=VERTEX_POINT('',#14741);
#5317=VERTEX_POINT('',#14745);
#5318=VERTEX_POINT('',#14749);
#5319=VERTEX_POINT('',#14753);
#5320=VERTEX_POINT('',#14757);
#5321=VERTEX_POINT('',#14761);
#5322=VERTEX_POINT('',#14765);
#5323=VERTEX_POINT('',#14769);
#5324=VERTEX_POINT('',#14773);
#5325=VERTEX_POINT('',#14777);
#5326=VERTEX_POINT('',#14791);
#5327=VERTEX_POINT('',#14799);
#5328=VERTEX_POINT('',#14803);
#5329=VERTEX_POINT('',#14807);
#5330=VERTEX_POINT('',#14811);
#5331=VERTEX_POINT('',#14815);
#5332=VERTEX_POINT('',#14819);
#5333=VERTEX_POINT('',#14823);
#5334=VERTEX_POINT('',#14827);
#5335=VERTEX_POINT('',#14831);
#5336=VERTEX_POINT('',#14835);
#5337=VERTEX_POINT('',#14842);
#5338=VERTEX_POINT('',#14843);
#5339=VERTEX_POINT('',#14845);
#5340=VERTEX_POINT('',#14847);
#5341=VERTEX_POINT('',#14851);
#5342=VERTEX_POINT('',#14853);
#5343=VERTEX_POINT('',#14857);
#5344=VERTEX_POINT('',#14859);
#5345=VERTEX_POINT('',#14870);
#5346=VERTEX_POINT('',#14875);
#5347=VERTEX_POINT('',#14886);
#5348=VERTEX_POINT('',#14900);
#5349=VERTEX_POINT('',#14923);
#5350=VERTEX_POINT('',#14925);
#5351=VERTEX_POINT('',#14929);
#5352=VERTEX_POINT('',#14933);
#5353=VERTEX_POINT('',#14937);
#5354=VERTEX_POINT('',#14941);
#5355=VERTEX_POINT('',#14949);
#5356=VERTEX_POINT('',#14950);
#5357=VERTEX_POINT('',#14952);
#5358=VERTEX_POINT('',#14954);
#5359=VERTEX_POINT('',#14958);
#5360=VERTEX_POINT('',#14960);
#5361=VERTEX_POINT('',#14970);
#5362=VERTEX_POINT('',#14973);
#5363=VERTEX_POINT('',#14976);
#5364=VERTEX_POINT('',#14977);
#5365=VERTEX_POINT('',#14979);
#5366=VERTEX_POINT('',#14981);
#5367=VERTEX_POINT('',#14985);
#5368=VERTEX_POINT('',#14987);
#5369=VERTEX_POINT('',#14997);
#5370=VERTEX_POINT('',#15000);
#5371=VERTEX_POINT('',#15002);
#5372=VERTEX_POINT('',#15004);
#5373=VERTEX_POINT('',#15007);
#5374=VERTEX_POINT('',#15009);
#5375=VERTEX_POINT('',#15012);
#5376=VERTEX_POINT('',#15014);
#5377=VERTEX_POINT('',#15024);
#5378=VERTEX_POINT('',#15025);
#5379=VERTEX_POINT('',#15027);
#5380=VERTEX_POINT('',#15029);
#5381=VERTEX_POINT('',#15032);
#5382=VERTEX_POINT('',#15033);
#5383=VERTEX_POINT('',#15035);
#5384=VERTEX_POINT('',#15037);
#5385=VERTEX_POINT('',#15040);
#5386=VERTEX_POINT('',#15041);
#5387=VERTEX_POINT('',#15043);
#5388=VERTEX_POINT('',#15045);
#5389=VERTEX_POINT('',#15048);
#5390=VERTEX_POINT('',#15049);
#5391=VERTEX_POINT('',#15051);
#5392=VERTEX_POINT('',#15053);
#5393=VERTEX_POINT('',#15056);
#5394=VERTEX_POINT('',#15057);
#5395=VERTEX_POINT('',#15059);
#5396=VERTEX_POINT('',#15061);
#5397=VERTEX_POINT('',#15064);
#5398=VERTEX_POINT('',#15065);
#5399=VERTEX_POINT('',#15067);
#5400=VERTEX_POINT('',#15069);
#5401=VERTEX_POINT('',#15072);
#5402=VERTEX_POINT('',#15073);
#5403=VERTEX_POINT('',#15075);
#5404=VERTEX_POINT('',#15077);
#5405=VERTEX_POINT('',#15081);
#5406=VERTEX_POINT('',#15082);
#5407=VERTEX_POINT('',#15084);
#5408=VERTEX_POINT('',#15086);
#5409=VERTEX_POINT('',#15088);
#5410=VERTEX_POINT('',#15090);
#5411=VERTEX_POINT('',#15092);
#5412=VERTEX_POINT('',#15094);
#5413=VERTEX_POINT('',#15098);
#5414=VERTEX_POINT('',#15099);
#5415=VERTEX_POINT('',#15101);
#5416=VERTEX_POINT('',#15103);
#5417=VERTEX_POINT('',#15105);
#5418=VERTEX_POINT('',#15107);
#5419=VERTEX_POINT('',#15109);
#5420=VERTEX_POINT('',#15111);
#5421=VERTEX_POINT('',#15113);
#5422=VERTEX_POINT('',#15115);
#5423=VERTEX_POINT('',#15117);
#5424=VERTEX_POINT('',#15119);
#5425=VERTEX_POINT('',#15121);
#5426=VERTEX_POINT('',#15123);
#5427=VERTEX_POINT('',#15125);
#5428=VERTEX_POINT('',#15127);
#5429=VERTEX_POINT('',#15129);
#5430=VERTEX_POINT('',#15131);
#5431=VERTEX_POINT('',#15133);
#5432=VERTEX_POINT('',#15135);
#5433=VERTEX_POINT('',#15137);
#5434=VERTEX_POINT('',#15139);
#5435=VERTEX_POINT('',#15141);
#5436=VERTEX_POINT('',#15143);
#5437=VERTEX_POINT('',#15145);
#5438=VERTEX_POINT('',#15147);
#5439=VERTEX_POINT('',#15149);
#5440=VERTEX_POINT('',#15151);
#5441=VERTEX_POINT('',#15154);
#5442=VERTEX_POINT('',#15155);
#5443=VERTEX_POINT('',#15157);
#5444=VERTEX_POINT('',#15159);
#5445=VERTEX_POINT('',#15161);
#5446=VERTEX_POINT('',#15163);
#5447=VERTEX_POINT('',#15165);
#5448=VERTEX_POINT('',#15167);
#5449=VERTEX_POINT('',#15169);
#5450=VERTEX_POINT('',#15171);
#5451=VERTEX_POINT('',#15173);
#5452=VERTEX_POINT('',#15175);
#5453=VERTEX_POINT('',#15177);
#5454=VERTEX_POINT('',#15179);
#5455=VERTEX_POINT('',#15181);
#5456=VERTEX_POINT('',#15183);
#5457=VERTEX_POINT('',#15187);
#5458=VERTEX_POINT('',#15188);
#5459=VERTEX_POINT('',#15190);
#5460=VERTEX_POINT('',#15192);
#5461=VERTEX_POINT('',#15196);
#5462=VERTEX_POINT('',#15198);
#5463=VERTEX_POINT('',#15202);
#5464=VERTEX_POINT('',#15204);
#5465=VERTEX_POINT('',#15208);
#5466=VERTEX_POINT('',#15210);
#5467=VERTEX_POINT('',#15214);
#5468=VERTEX_POINT('',#15216);
#5469=VERTEX_POINT('',#15220);
#5470=VERTEX_POINT('',#15222);
#5471=VERTEX_POINT('',#15226);
#5472=VERTEX_POINT('',#15228);
#5473=VERTEX_POINT('',#15232);
#5474=VERTEX_POINT('',#15234);
#5475=VERTEX_POINT('',#15238);
#5476=VERTEX_POINT('',#15240);
#5477=VERTEX_POINT('',#15244);
#5478=VERTEX_POINT('',#15246);
#5479=VERTEX_POINT('',#15250);
#5480=VERTEX_POINT('',#15252);
#5481=VERTEX_POINT('',#15256);
#5482=VERTEX_POINT('',#15258);
#5483=VERTEX_POINT('',#15262);
#5484=VERTEX_POINT('',#15264);
#5485=VERTEX_POINT('',#15268);
#5486=VERTEX_POINT('',#15270);
#5487=VERTEX_POINT('',#15274);
#5488=VERTEX_POINT('',#15276);
#5489=VERTEX_POINT('',#15280);
#5490=VERTEX_POINT('',#15282);
#5491=VERTEX_POINT('',#15286);
#5492=VERTEX_POINT('',#15288);
#5493=VERTEX_POINT('',#15292);
#5494=VERTEX_POINT('',#15294);
#5495=VERTEX_POINT('',#15298);
#5496=VERTEX_POINT('',#15300);
#5497=VERTEX_POINT('',#15304);
#5498=VERTEX_POINT('',#15306);
#5499=VERTEX_POINT('',#15310);
#5500=VERTEX_POINT('',#15312);
#5501=VERTEX_POINT('',#15316);
#5502=VERTEX_POINT('',#15318);
#5503=VERTEX_POINT('',#15322);
#5504=VERTEX_POINT('',#15324);
#5505=VERTEX_POINT('',#15328);
#5506=VERTEX_POINT('',#15330);
#5507=VERTEX_POINT('',#15334);
#5508=VERTEX_POINT('',#15336);
#5509=VERTEX_POINT('',#15340);
#5510=VERTEX_POINT('',#15342);
#5511=VERTEX_POINT('',#15346);
#5512=VERTEX_POINT('',#15348);
#5513=VERTEX_POINT('',#15352);
#5514=VERTEX_POINT('',#15354);
#5515=VERTEX_POINT('',#15358);
#5516=VERTEX_POINT('',#15360);
#5517=VERTEX_POINT('',#15377);
#5518=VERTEX_POINT('',#15379);
#5519=VERTEX_POINT('',#15402);
#5520=VERTEX_POINT('',#15404);
#5521=VERTEX_POINT('',#15414);
#5522=VERTEX_POINT('',#15416);
#5523=VERTEX_POINT('',#15423);
#5524=VERTEX_POINT('',#15424);
#5525=VERTEX_POINT('',#15426);
#5526=VERTEX_POINT('',#15428);
#5527=VERTEX_POINT('',#15430);
#5528=VERTEX_POINT('',#15432);
#5529=VERTEX_POINT('',#15434);
#5530=VERTEX_POINT('',#15436);
#5531=VERTEX_POINT('',#15438);
#5532=VERTEX_POINT('',#15440);
#5533=VERTEX_POINT('',#15442);
#5534=VERTEX_POINT('',#15444);
#5535=VERTEX_POINT('',#15446);
#5536=VERTEX_POINT('',#15448);
#5537=VERTEX_POINT('',#15450);
#5538=VERTEX_POINT('',#15452);
#5539=VERTEX_POINT('',#15454);
#5540=VERTEX_POINT('',#15456);
#5541=VERTEX_POINT('',#15458);
#5542=VERTEX_POINT('',#15460);
#5543=VERTEX_POINT('',#15462);
#5544=VERTEX_POINT('',#15464);
#5545=VERTEX_POINT('',#15466);
#5546=VERTEX_POINT('',#15468);
#5547=VERTEX_POINT('',#15470);
#5548=VERTEX_POINT('',#15472);
#5549=VERTEX_POINT('',#15474);
#5550=VERTEX_POINT('',#15476);
#5551=VERTEX_POINT('',#15537);
#5552=VERTEX_POINT('',#15539);
#5553=VERTEX_POINT('',#15543);
#5554=VERTEX_POINT('',#15547);
#5555=VERTEX_POINT('',#15551);
#5556=VERTEX_POINT('',#15555);
#5557=VERTEX_POINT('',#15559);
#5558=VERTEX_POINT('',#15563);
#5559=VERTEX_POINT('',#15567);
#5560=VERTEX_POINT('',#15571);
#5561=VERTEX_POINT('',#15575);
#5562=VERTEX_POINT('',#15579);
#5563=VERTEX_POINT('',#15583);
#5564=VERTEX_POINT('',#15587);
#5565=VERTEX_POINT('',#15591);
#5566=VERTEX_POINT('',#15595);
#5567=VERTEX_POINT('',#15601);
#5568=VERTEX_POINT('',#15602);
#5569=VERTEX_POINT('',#15604);
#5570=VERTEX_POINT('',#15607);
#5571=VERTEX_POINT('',#15609);
#5572=VERTEX_POINT('',#15611);
#5573=VERTEX_POINT('',#15613);
#5574=VERTEX_POINT('',#15615);
#5575=VERTEX_POINT('',#15617);
#5576=VERTEX_POINT('',#15619);
#5577=VERTEX_POINT('',#15622);
#5578=VERTEX_POINT('',#15624);
#5579=VERTEX_POINT('',#15627);
#5580=VERTEX_POINT('',#15629);
#5581=VERTEX_POINT('',#15632);
#5582=VERTEX_POINT('',#15634);
#5583=VERTEX_POINT('',#15636);
#5584=VERTEX_POINT('',#15638);
#5585=VERTEX_POINT('',#15641);
#5586=VERTEX_POINT('',#15642);
#5587=VERTEX_POINT('',#15644);
#5588=VERTEX_POINT('',#15649);
#5589=VERTEX_POINT('',#15651);
#5590=VERTEX_POINT('',#15653);
#5591=VERTEX_POINT('',#15655);
#5592=VERTEX_POINT('',#15657);
#5593=VERTEX_POINT('',#15659);
#5594=VERTEX_POINT('',#15661);
#5595=VERTEX_POINT('',#15667);
#5596=VERTEX_POINT('',#15668);
#5597=VERTEX_POINT('',#15670);
#5598=VERTEX_POINT('',#15672);
#5599=VERTEX_POINT('',#15674);
#5600=VERTEX_POINT('',#15676);
#5601=VERTEX_POINT('',#15679);
#5602=VERTEX_POINT('',#15680);
#5603=VERTEX_POINT('',#15682);
#5604=VERTEX_POINT('',#15684);
#5605=VERTEX_POINT('',#15687);
#5606=VERTEX_POINT('',#15688);
#5607=VERTEX_POINT('',#15690);
#5608=VERTEX_POINT('',#15692);
#5609=VERTEX_POINT('',#15695);
#5610=VERTEX_POINT('',#15696);
#5611=VERTEX_POINT('',#15698);
#5612=VERTEX_POINT('',#15700);
#5613=VERTEX_POINT('',#15702);
#5614=VERTEX_POINT('',#15704);
#5615=VERTEX_POINT('',#15707);
#5616=VERTEX_POINT('',#15708);
#5617=VERTEX_POINT('',#15710);
#5618=VERTEX_POINT('',#15712);
#5619=VERTEX_POINT('',#15714);
#5620=VERTEX_POINT('',#15716);
#5621=VERTEX_POINT('',#15719);
#5622=VERTEX_POINT('',#15721);
#5623=VERTEX_POINT('',#15722);
#5624=VERTEX_POINT('',#15724);
#5625=VERTEX_POINT('',#15726);
#5626=VERTEX_POINT('',#15729);
#5627=VERTEX_POINT('',#15730);
#5628=VERTEX_POINT('',#15732);
#5629=VERTEX_POINT('',#15734);
#5630=VERTEX_POINT('',#15736);
#5631=VERTEX_POINT('',#15738);
#5632=VERTEX_POINT('',#15741);
#5633=VERTEX_POINT('',#15743);
#5634=VERTEX_POINT('',#15744);
#5635=VERTEX_POINT('',#15746);
#5636=VERTEX_POINT('',#15748);
#5637=VERTEX_POINT('',#15751);
#5638=VERTEX_POINT('',#15752);
#5639=VERTEX_POINT('',#15754);
#5640=VERTEX_POINT('',#15756);
#5641=VERTEX_POINT('',#15758);
#5642=VERTEX_POINT('',#15760);
#5643=VERTEX_POINT('',#15762);
#5644=VERTEX_POINT('',#15764);
#5645=VERTEX_POINT('',#15766);
#5646=VERTEX_POINT('',#15768);
#5647=VERTEX_POINT('',#15770);
#5648=VERTEX_POINT('',#15773);
#5649=VERTEX_POINT('',#15774);
#5650=VERTEX_POINT('',#15776);
#5651=VERTEX_POINT('',#15778);
#5652=VERTEX_POINT('',#15780);
#5653=VERTEX_POINT('',#15782);
#5654=VERTEX_POINT('',#15784);
#5655=VERTEX_POINT('',#15786);
#5656=VERTEX_POINT('',#15788);
#5657=VERTEX_POINT('',#15790);
#5658=VERTEX_POINT('',#15792);
#5659=VERTEX_POINT('',#15794);
#5660=VERTEX_POINT('',#15796);
#5661=VERTEX_POINT('',#15798);
#5662=VERTEX_POINT('',#15800);
#5663=VERTEX_POINT('',#15802);
#5664=VERTEX_POINT('',#15804);
#5665=VERTEX_POINT('',#15806);
#5666=VERTEX_POINT('',#15808);
#5667=VERTEX_POINT('',#15810);
#5668=VERTEX_POINT('',#15812);
#5669=VERTEX_POINT('',#15814);
#5670=VERTEX_POINT('',#15817);
#5671=VERTEX_POINT('',#15818);
#5672=VERTEX_POINT('',#15820);
#5673=VERTEX_POINT('',#15822);
#5674=VERTEX_POINT('',#15824);
#5675=VERTEX_POINT('',#15826);
#5676=VERTEX_POINT('',#15828);
#5677=VERTEX_POINT('',#15830);
#5678=VERTEX_POINT('',#15832);
#5679=VERTEX_POINT('',#15834);
#5680=VERTEX_POINT('',#15836);
#5681=VERTEX_POINT('',#15838);
#5682=VERTEX_POINT('',#15840);
#5683=VERTEX_POINT('',#15842);
#5684=VERTEX_POINT('',#15844);
#5685=VERTEX_POINT('',#15846);
#5686=VERTEX_POINT('',#15850);
#5687=VERTEX_POINT('',#15852);
#5688=VERTEX_POINT('',#15854);
#5689=VERTEX_POINT('',#15856);
#5690=VERTEX_POINT('',#15858);
#5691=VERTEX_POINT('',#15861);
#5692=VERTEX_POINT('',#15864);
#5693=VERTEX_POINT('',#15866);
#5694=VERTEX_POINT('',#15874);
#5695=VERTEX_POINT('',#15878);
#5696=VERTEX_POINT('',#15882);
#5697=VERTEX_POINT('',#15886);
#5698=VERTEX_POINT('',#15890);
#5699=VERTEX_POINT('',#15894);
#5700=VERTEX_POINT('',#15898);
#5701=VERTEX_POINT('',#15911);
#5702=VERTEX_POINT('',#15915);
#5703=VERTEX_POINT('',#15919);
#5704=VERTEX_POINT('',#15925);
#5705=VERTEX_POINT('',#15926);
#5706=VERTEX_POINT('',#15928);
#5707=VERTEX_POINT('',#15930);
#5708=VERTEX_POINT('',#15934);
#5709=VERTEX_POINT('',#15935);
#5710=VERTEX_POINT('',#15937);
#5711=VERTEX_POINT('',#15939);
#5712=VERTEX_POINT('',#15943);
#5713=VERTEX_POINT('',#15944);
#5714=VERTEX_POINT('',#15946);
#5715=VERTEX_POINT('',#15948);
#5716=VERTEX_POINT('',#16003);
#5717=VERTEX_POINT('',#16005);
#5718=VERTEX_POINT('',#16009);
#5719=VERTEX_POINT('',#16011);
#5720=VERTEX_POINT('',#16015);
#5721=VERTEX_POINT('',#16017);
#5722=VERTEX_POINT('',#16021);
#5723=VERTEX_POINT('',#16023);
#5724=VERTEX_POINT('',#16033);
#5725=VERTEX_POINT('',#16035);
#5726=VERTEX_POINT('',#16038);
#5727=VERTEX_POINT('',#16040);
#5728=VERTEX_POINT('',#16044);
#5729=VERTEX_POINT('',#16048);
#5730=VERTEX_POINT('',#16052);
#5731=VERTEX_POINT('',#16056);
#5732=VERTEX_POINT('',#16060);
#5733=VERTEX_POINT('',#16064);
#5734=VERTEX_POINT('',#16068);
#5735=VERTEX_POINT('',#16072);
#5736=VERTEX_POINT('',#16076);
#5737=VERTEX_POINT('',#16080);
#5738=VERTEX_POINT('',#16084);
#5739=VERTEX_POINT('',#16088);
#5740=VERTEX_POINT('',#16092);
#5741=VERTEX_POINT('',#16096);
#5742=VERTEX_POINT('',#16100);
#5743=VERTEX_POINT('',#16104);
#5744=VERTEX_POINT('',#16108);
#5745=VERTEX_POINT('',#16112);
#5746=VERTEX_POINT('',#16116);
#5747=VERTEX_POINT('',#16120);
#5748=VERTEX_POINT('',#16127);
#5749=VERTEX_POINT('',#16129);
#5750=VERTEX_POINT('',#16133);
#5751=VERTEX_POINT('',#16137);
#5752=VERTEX_POINT('',#16141);
#5753=VERTEX_POINT('',#16145);
#5754=VERTEX_POINT('',#16149);
#5755=VERTEX_POINT('',#16153);
#5756=VERTEX_POINT('',#16157);
#5757=VERTEX_POINT('',#16161);
#5758=VERTEX_POINT('',#16165);
#5759=VERTEX_POINT('',#16172);
#5760=VERTEX_POINT('',#16174);
#5761=VERTEX_POINT('',#16178);
#5762=VERTEX_POINT('',#16182);
#5763=VERTEX_POINT('',#16186);
#5764=VERTEX_POINT('',#16187);
#5765=VERTEX_POINT('',#16189);
#5766=VERTEX_POINT('',#16191);
#5767=VERTEX_POINT('',#16195);
#5768=VERTEX_POINT('',#16197);
#5769=VERTEX_POINT('',#16201);
#5770=VERTEX_POINT('',#16203);
#5771=VERTEX_POINT('',#16214);
#5772=VERTEX_POINT('',#16215);
#5773=VERTEX_POINT('',#16217);
#5774=VERTEX_POINT('',#16219);
#5775=VERTEX_POINT('',#16223);
#5776=VERTEX_POINT('',#16225);
#5777=VERTEX_POINT('',#16229);
#5778=VERTEX_POINT('',#16231);
#5779=VERTEX_POINT('',#16238);
#5780=VERTEX_POINT('',#16243);
#5781=VERTEX_POINT('',#16245);
#5782=VERTEX_POINT('',#16249);
#5783=VERTEX_POINT('',#16253);
#5784=VERTEX_POINT('',#16257);
#5785=VERTEX_POINT('',#16261);
#5786=VERTEX_POINT('',#16268);
#5787=VERTEX_POINT('',#16270);
#5788=VERTEX_POINT('',#16274);
#5789=VERTEX_POINT('',#16278);
#5790=VERTEX_POINT('',#16282);
#5791=VERTEX_POINT('',#16283);
#5792=VERTEX_POINT('',#16285);
#5793=VERTEX_POINT('',#16287);
#5794=VERTEX_POINT('',#16291);
#5795=VERTEX_POINT('',#16293);
#5796=VERTEX_POINT('',#16297);
#5797=VERTEX_POINT('',#16299);
#5798=VERTEX_POINT('',#16310);
#5799=VERTEX_POINT('',#16311);
#5800=VERTEX_POINT('',#16313);
#5801=VERTEX_POINT('',#16315);
#5802=VERTEX_POINT('',#16319);
#5803=VERTEX_POINT('',#16321);
#5804=VERTEX_POINT('',#16325);
#5805=VERTEX_POINT('',#16327);
#5806=VERTEX_POINT('',#16334);
#5807=VERTEX_POINT('',#16339);
#5808=VERTEX_POINT('',#16341);
#5809=VERTEX_POINT('',#16345);
#5810=VERTEX_POINT('',#16349);
#5811=VERTEX_POINT('',#16353);
#5812=VERTEX_POINT('',#16357);
#5813=VERTEX_POINT('',#16364);
#5814=VERTEX_POINT('',#16366);
#5815=VERTEX_POINT('',#16370);
#5816=VERTEX_POINT('',#16374);
#5817=VERTEX_POINT('',#16378);
#5818=VERTEX_POINT('',#16382);
#5819=VERTEX_POINT('',#16389);
#5820=VERTEX_POINT('',#16391);
#5821=VERTEX_POINT('',#16395);
#5822=VERTEX_POINT('',#16399);
#5823=VERTEX_POINT('',#16403);
#5824=VERTEX_POINT('',#16404);
#5825=VERTEX_POINT('',#16406);
#5826=VERTEX_POINT('',#16408);
#5827=VERTEX_POINT('',#16412);
#5828=VERTEX_POINT('',#16414);
#5829=VERTEX_POINT('',#16418);
#5830=VERTEX_POINT('',#16420);
#5831=VERTEX_POINT('',#16431);
#5832=VERTEX_POINT('',#16433);
#5833=VERTEX_POINT('',#16437);
#5834=VERTEX_POINT('',#16441);
#5835=VERTEX_POINT('',#16445);
#5836=VERTEX_POINT('',#16446);
#5837=VERTEX_POINT('',#16448);
#5838=VERTEX_POINT('',#16450);
#5839=VERTEX_POINT('',#16454);
#5840=VERTEX_POINT('',#16456);
#5841=VERTEX_POINT('',#16460);
#5842=VERTEX_POINT('',#16462);
#5843=VERTEX_POINT('',#16473);
#5844=VERTEX_POINT('',#16475);
#5845=VERTEX_POINT('',#16479);
#5846=VERTEX_POINT('',#16483);
#5847=VERTEX_POINT('',#16487);
#5848=VERTEX_POINT('',#16491);
#5849=VERTEX_POINT('',#16505);
#5850=VERTEX_POINT('',#16510);
#5851=VERTEX_POINT('',#16514);
#5852=VERTEX_POINT('',#16518);
#5853=VERTEX_POINT('',#16529);
#5854=VERTEX_POINT('',#16536);
#5855=VERTEX_POINT('',#16540);
#5856=VERTEX_POINT('',#16544);
#5857=VERTEX_POINT('',#16548);
#5858=VERTEX_POINT('',#16552);
#5859=VERTEX_POINT('',#16559);
#5860=VERTEX_POINT('',#16561);
#5861=VERTEX_POINT('',#16565);
#5862=VERTEX_POINT('',#16567);
#5863=VERTEX_POINT('',#16574);
#5864=VERTEX_POINT('',#16577);
#5865=VERTEX_POINT('',#16580);
#5866=VERTEX_POINT('',#16582);
#5867=VERTEX_POINT('',#16586);
#5868=VERTEX_POINT('',#16588);
#5869=VERTEX_POINT('',#16596);
#5870=VERTEX_POINT('',#16599);
#5871=VERTEX_POINT('',#16601);
#5872=VERTEX_POINT('',#16605);
#5873=VERTEX_POINT('',#16607);
#5874=VERTEX_POINT('',#16615);
#5875=VERTEX_POINT('',#16617);
#5876=VERTEX_POINT('',#16619);
#5877=VERTEX_POINT('',#16622);
#5878=VERTEX_POINT('',#16624);
#5879=VERTEX_POINT('',#16627);
#5880=VERTEX_POINT('',#16629);
#5881=LINE('',#13515,#6756);
#5882=LINE('',#13518,#6757);
#5883=LINE('',#13520,#6758);
#5884=LINE('',#13522,#6759);
#5885=LINE('',#13524,#6760);
#5886=LINE('',#13532,#6761);
#5887=LINE('',#13534,#6762);
#5888=LINE('',#13537,#6763);
#5889=LINE('',#13541,#6764);
#5890=LINE('',#13544,#6765);
#5891=LINE('',#13548,#6766);
#5892=LINE('',#13550,#6767);
#5893=LINE('',#13552,#6768);
#5894=LINE('',#13554,#6769);
#5895=LINE('',#13556,#6770);
#5896=LINE('',#13558,#6771);
#5897=LINE('',#13565,#6772);
#5898=LINE('',#13601,#6773);
#5899=LINE('',#13607,#6774);
#5900=LINE('',#13609,#6775);
#5901=LINE('',#13615,#6776);
#5902=LINE('',#13617,#6777);
#5903=LINE('',#13618,#6778);
#5904=LINE('',#13621,#6779);
#5905=LINE('',#13627,#6780);
#5906=LINE('',#13631,#6781);
#5907=LINE('',#13635,#6782);
#5908=LINE('',#13641,#6783);
#5909=LINE('',#13643,#6784);
#5910=LINE('',#13645,#6785);
#5911=LINE('',#13651,#6786);
#5912=LINE('',#13652,#6787);
#5913=LINE('',#13655,#6788);
#5914=LINE('',#13661,#6789);
#5915=LINE('',#13663,#6790);
#5916=LINE('',#13672,#6791);
#5917=LINE('',#13677,#6792);
#5918=LINE('',#13682,#6793);
#5919=LINE('',#13688,#6794);
#5920=LINE('',#13692,#6795);
#5921=LINE('',#13696,#6796);
#5922=LINE('',#13702,#6797);
#5923=LINE('',#13706,#6798);
#5924=LINE('',#13709,#6799);
#5925=LINE('',#13716,#6800);
#5926=LINE('',#13718,#6801);
#5927=LINE('',#13720,#6802);
#5928=LINE('',#13726,#6803);
#5929=LINE('',#13728,#6804);
#5930=LINE('',#13730,#6805);
#5931=LINE('',#13736,#6806);
#5932=LINE('',#13740,#6807);
#5933=LINE('',#13744,#6808);
#5934=LINE('',#13746,#6809);
#5935=LINE('',#13748,#6810);
#5936=LINE('',#13749,#6811);
#5937=LINE('',#13752,#6812);
#5938=LINE('',#13754,#6813);
#5939=LINE('',#13756,#6814);
#5940=LINE('',#13757,#6815);
#5941=LINE('',#13759,#6816);
#5942=LINE('',#13761,#6817);
#5943=LINE('',#13763,#6818);
#5944=LINE('',#13766,#6819);
#5945=LINE('',#13770,#6820);
#5946=LINE('',#13774,#6821);
#5947=LINE('',#13776,#6822);
#5948=LINE('',#13780,#6823);
#5949=LINE('',#13782,#6824);
#5950=LINE('',#13786,#6825);
#5951=LINE('',#13790,#6826);
#5952=LINE('',#13794,#6827);
#5953=LINE('',#13798,#6828);
#5954=LINE('',#13800,#6829);
#5955=LINE('',#13804,#6830);
#5956=LINE('',#13806,#6831);
#5957=LINE('',#13810,#6832);
#5958=LINE('',#13814,#6833);
#5959=LINE('',#13816,#6834);
#5960=LINE('',#13822,#6835);
#5961=LINE('',#13826,#6836);
#5962=LINE('',#13830,#6837);
#5963=LINE('',#13834,#6838);
#5964=LINE('',#13840,#6839);
#5965=LINE('',#13844,#6840);
#5966=LINE('',#13848,#6841);
#5967=LINE('',#13852,#6842);
#5968=LINE('',#13855,#6843);
#5969=LINE('',#13857,#6844);
#5970=LINE('',#13859,#6845);
#5971=LINE('',#13861,#6846);
#5972=LINE('',#13863,#6847);
#5973=LINE('',#13870,#6848);
#5974=LINE('',#13872,#6849);
#5975=LINE('',#13879,#6850);
#5976=LINE('',#13881,#6851);
#5977=LINE('',#13888,#6852);
#5978=LINE('',#13890,#6853);
#5979=LINE('',#13897,#6854);
#5980=LINE('',#13899,#6855);
#5981=LINE('',#13906,#6856);
#5982=LINE('',#13908,#6857);
#5983=LINE('',#13915,#6858);
#5984=LINE('',#13917,#6859);
#5985=LINE('',#13924,#6860);
#5986=LINE('',#13926,#6861);
#5987=LINE('',#13933,#6862);
#5988=LINE('',#13935,#6863);
#5989=LINE('',#13942,#6864);
#5990=LINE('',#13944,#6865);
#5991=LINE('',#13951,#6866);
#5992=LINE('',#13953,#6867);
#5993=LINE('',#13960,#6868);
#5994=LINE('',#13962,#6869);
#5995=LINE('',#13969,#6870);
#5996=LINE('',#13971,#6871);
#5997=LINE('',#13978,#6872);
#5998=LINE('',#13980,#6873);
#5999=LINE('',#13987,#6874);
#6000=LINE('',#13989,#6875);
#6001=LINE('',#13996,#6876);
#6002=LINE('',#13998,#6877);
#6003=LINE('',#14005,#6878);
#6004=LINE('',#14007,#6879);
#6005=LINE('',#14014,#6880);
#6006=LINE('',#14016,#6881);
#6007=LINE('',#14023,#6882);
#6008=LINE('',#14025,#6883);
#6009=LINE('',#14032,#6884);
#6010=LINE('',#14034,#6885);
#6011=LINE('',#14041,#6886);
#6012=LINE('',#14043,#6887);
#6013=LINE('',#14050,#6888);
#6014=LINE('',#14052,#6889);
#6015=LINE('',#14059,#6890);
#6016=LINE('',#14061,#6891);
#6017=LINE('',#14068,#6892);
#6018=LINE('',#14070,#6893);
#6019=LINE('',#14072,#6894);
#6020=LINE('',#14078,#6895);
#6021=LINE('',#14080,#6896);
#6022=LINE('',#14082,#6897);
#6023=LINE('',#14084,#6898);
#6024=LINE('',#14090,#6899);
#6025=LINE('',#14092,#6900);
#6026=LINE('',#14094,#6901);
#6027=LINE('',#14096,#6902);
#6028=LINE('',#14121,#6903);
#6029=LINE('',#14146,#6904);
#6030=LINE('',#14148,#6905);
#6031=LINE('',#14150,#6906);
#6032=LINE('',#14152,#6907);
#6033=LINE('',#14160,#6908);
#6034=LINE('',#14162,#6909);
#6035=LINE('',#14166,#6910);
#6036=LINE('',#14170,#6911);
#6037=LINE('',#14172,#6912);
#6038=LINE('',#14176,#6913);
#6039=LINE('',#14178,#6914);
#6040=LINE('',#14182,#6915);
#6041=LINE('',#14186,#6916);
#6042=LINE('',#14190,#6917);
#6043=LINE('',#14194,#6918);
#6044=LINE('',#14196,#6919);
#6045=LINE('',#14200,#6920);
#6046=LINE('',#14202,#6921);
#6047=LINE('',#14206,#6922);
#6048=LINE('',#14210,#6923);
#6049=LINE('',#14212,#6924);
#6050=LINE('',#14215,#6925);
#6051=LINE('',#14216,#6926);
#6052=LINE('',#14218,#6927);
#6053=LINE('',#14220,#6928);
#6054=LINE('',#14222,#6929);
#6055=LINE('',#14224,#6930);
#6056=LINE('',#14226,#6931);
#6057=LINE('',#14228,#6932);
#6058=LINE('',#14230,#6933);
#6059=LINE('',#14232,#6934);
#6060=LINE('',#14234,#6935);
#6061=LINE('',#14236,#6936);
#6062=LINE('',#14238,#6937);
#6063=LINE('',#14240,#6938);
#6064=LINE('',#14242,#6939);
#6065=LINE('',#14244,#6940);
#6066=LINE('',#14246,#6941);
#6067=LINE('',#14248,#6942);
#6068=LINE('',#14250,#6943);
#6069=LINE('',#14252,#6944);
#6070=LINE('',#14254,#6945);
#6071=LINE('',#14256,#6946);
#6072=LINE('',#14258,#6947);
#6073=LINE('',#14260,#6948);
#6074=LINE('',#14262,#6949);
#6075=LINE('',#14264,#6950);
#6076=LINE('',#14266,#6951);
#6077=LINE('',#14268,#6952);
#6078=LINE('',#14271,#6953);
#6079=LINE('',#14274,#6954);
#6080=LINE('',#14276,#6955);
#6081=LINE('',#14278,#6956);
#6082=LINE('',#14280,#6957);
#6083=LINE('',#14283,#6958);
#6084=LINE('',#14285,#6959);
#6085=LINE('',#14287,#6960);
#6086=LINE('',#14289,#6961);
#6087=LINE('',#14293,#6962);
#6088=LINE('',#14295,#6963);
#6089=LINE('',#14299,#6964);
#6090=LINE('',#14301,#6965);
#6091=LINE('',#14303,#6966);
#6092=LINE('',#14307,#6967);
#6093=LINE('',#14309,#6968);
#6094=LINE('',#14311,#6969);
#6095=LINE('',#14315,#6970);
#6096=LINE('',#14317,#6971);
#6097=LINE('',#14319,#6972);
#6098=LINE('',#14323,#6973);
#6099=LINE('',#14327,#6974);
#6100=LINE('',#14329,#6975);
#6101=LINE('',#14331,#6976);
#6102=LINE('',#14335,#6977);
#6103=LINE('',#14337,#6978);
#6104=LINE('',#14339,#6979);
#6105=LINE('',#14343,#6980);
#6106=LINE('',#14345,#6981);
#6107=LINE('',#14347,#6982);
#6108=LINE('',#14351,#6983);
#6109=LINE('',#14353,#6984);
#6110=LINE('',#14358,#6985);
#6111=LINE('',#14364,#6986);
#6112=LINE('',#14369,#6987);
#6113=LINE('',#14373,#6988);
#6114=LINE('',#14379,#6989);
#6115=LINE('',#14383,#6990);
#6116=LINE('',#14384,#6991);
#6117=LINE('',#14385,#6992);
#6118=LINE('',#14387,#6993);
#6119=LINE('',#14389,#6994);
#6120=LINE('',#14391,#6995);
#6121=LINE('',#14409,#6996);
#6122=LINE('',#14426,#6997);
#6123=LINE('',#14445,#6998);
#6124=LINE('',#14449,#6999);
#6125=LINE('',#14460,#7000);
#6126=LINE('',#14464,#7001);
#6127=LINE('',#14472,#7002);
#6128=LINE('',#14474,#7003);
#6129=LINE('',#14476,#7004);
#6130=LINE('',#14478,#7005);
#6131=LINE('',#14480,#7006);
#6132=LINE('',#14482,#7007);
#6133=LINE('',#14484,#7008);
#6134=LINE('',#14500,#7009);
#6135=LINE('',#14506,#7010);
#6136=LINE('',#14508,#7011);
#6137=LINE('',#14510,#7012);
#6138=LINE('',#14511,#7013);
#6139=LINE('',#14513,#7014);
#6140=LINE('',#14515,#7015);
#6141=LINE('',#14517,#7016);
#6142=LINE('',#14519,#7017);
#6143=LINE('',#14520,#7018);
#6144=LINE('',#14521,#7019);
#6145=LINE('',#14522,#7020);
#6146=LINE('',#14523,#7021);
#6147=LINE('',#14524,#7022);
#6148=LINE('',#14526,#7023);
#6149=LINE('',#14528,#7024);
#6150=LINE('',#14529,#7025);
#6151=LINE('',#14531,#7026);
#6152=LINE('',#14533,#7027);
#6153=LINE('',#14535,#7028);
#6154=LINE('',#14537,#7029);
#6155=LINE('',#14539,#7030);
#6156=LINE('',#14541,#7031);
#6157=LINE('',#14542,#7032);
#6158=LINE('',#14544,#7033);
#6159=LINE('',#14547,#7034);
#6160=LINE('',#14549,#7035);
#6161=LINE('',#14551,#7036);
#6162=LINE('',#14552,#7037);
#6163=LINE('',#14556,#7038);
#6164=LINE('',#14558,#7039);
#6165=LINE('',#14563,#7040);
#6166=LINE('',#14565,#7041);
#6167=LINE('',#14566,#7042);
#6168=LINE('',#14568,#7043);
#6169=LINE('',#14569,#7044);
#6170=LINE('',#14572,#7045);
#6171=LINE('',#14574,#7046);
#6172=LINE('',#14576,#7047);
#6173=LINE('',#14578,#7048);
#6174=LINE('',#14580,#7049);
#6175=LINE('',#14582,#7050);
#6176=LINE('',#14590,#7051);
#6177=LINE('',#14592,#7052);
#6178=LINE('',#14594,#7053);
#6179=LINE('',#14596,#7054);
#6180=LINE('',#14600,#7055);
#6181=LINE('',#14604,#7056);
#6182=LINE('',#14606,#7057);
#6183=LINE('',#14615,#7058);
#6184=LINE('',#14622,#7059);
#6185=LINE('',#14626,#7060);
#6186=LINE('',#14628,#7061);
#6187=LINE('',#14630,#7062);
#6188=LINE('',#14632,#7063);
#6189=LINE('',#14634,#7064);
#6190=LINE('',#14638,#7065);
#6191=LINE('',#14642,#7066);
#6192=LINE('',#14645,#7067);
#6193=LINE('',#14647,#7068);
#6194=LINE('',#14649,#7069);
#6195=LINE('',#14651,#7070);
#6196=LINE('',#14655,#7071);
#6197=LINE('',#14659,#7072);
#6198=LINE('',#14661,#7073);
#6199=LINE('',#14663,#7074);
#6200=LINE('',#14667,#7075);
#6201=LINE('',#14669,#7076);
#6202=LINE('',#14671,#7077);
#6203=LINE('',#14675,#7078);
#6204=LINE('',#14677,#7079);
#6205=LINE('',#14679,#7080);
#6206=LINE('',#14683,#7081);
#6207=LINE('',#14687,#7082);
#6208=LINE('',#14689,#7083);
#6209=LINE('',#14691,#7084);
#6210=LINE('',#14693,#7085);
#6211=LINE('',#14695,#7086);
#6212=LINE('',#14697,#7087);
#6213=LINE('',#14699,#7088);
#6214=LINE('',#14703,#7089);
#6215=LINE('',#14707,#7090);
#6216=LINE('',#14709,#7091);
#6217=LINE('',#14711,#7092);
#6218=LINE('',#14714,#7093);
#6219=LINE('',#14716,#7094);
#6220=LINE('',#14718,#7095);
#6221=LINE('',#14720,#7096);
#6222=LINE('',#14722,#7097);
#6223=LINE('',#14724,#7098);
#6224=LINE('',#14728,#7099);
#6225=LINE('',#14732,#7100);
#6226=LINE('',#14734,#7101);
#6227=LINE('',#14736,#7102);
#6228=LINE('',#14738,#7103);
#6229=LINE('',#14740,#7104);
#6230=LINE('',#14742,#7105);
#6231=LINE('',#14744,#7106);
#6232=LINE('',#14748,#7107);
#6233=LINE('',#14752,#7108);
#6234=LINE('',#14754,#7109);
#6235=LINE('',#14756,#7110);
#6236=LINE('',#14760,#7111);
#6237=LINE('',#14762,#7112);
#6238=LINE('',#14764,#7113);
#6239=LINE('',#14768,#7114);
#6240=LINE('',#14770,#7115);
#6241=LINE('',#14772,#7116);
#6242=LINE('',#14776,#7117);
#6243=LINE('',#14780,#7118);
#6244=LINE('',#14790,#7119);
#6245=LINE('',#14800,#7120);
#6246=LINE('',#14802,#7121);
#6247=LINE('',#14804,#7122);
#6248=LINE('',#14806,#7123);
#6249=LINE('',#14808,#7124);
#6250=LINE('',#14810,#7125);
#6251=LINE('',#14814,#7126);
#6252=LINE('',#14818,#7127);
#6253=LINE('',#14820,#7128);
#6254=LINE('',#14822,#7129);
#6255=LINE('',#14824,#7130);
#6256=LINE('',#14826,#7131);
#6257=LINE('',#14830,#7132);
#6258=LINE('',#14834,#7133);
#6259=LINE('',#14836,#7134);
#6260=LINE('',#14844,#7135);
#6261=LINE('',#14848,#7136);
#6262=LINE('',#14852,#7137);
#6263=LINE('',#14858,#7138);
#6264=LINE('',#14869,#7139);
#6265=LINE('',#14876,#7140);
#6266=LINE('',#14885,#7141);
#6267=LINE('',#14899,#7142);
#6268=LINE('',#14922,#7143);
#6269=LINE('',#14924,#7144);
#6270=LINE('',#14926,#7145);
#6271=LINE('',#14928,#7146);
#6272=LINE('',#14932,#7147);
#6273=LINE('',#14936,#7148);
#6274=LINE('',#14938,#7149);
#6275=LINE('',#14940,#7150);
#6276=LINE('',#14948,#7151);
#6277=LINE('',#14951,#7152);
#6278=LINE('',#14953,#7153);
#6279=LINE('',#14955,#7154);
#6280=LINE('',#14959,#7155);
#6281=LINE('',#14963,#7156);
#6282=LINE('',#14964,#7157);
#6283=LINE('',#14966,#7158);
#6284=LINE('',#14967,#7159);
#6285=LINE('',#14975,#7160);
#6286=LINE('',#14978,#7161);
#6287=LINE('',#14980,#7162);
#6288=LINE('',#14982,#7163);
#6289=LINE('',#14986,#7164);
#6290=LINE('',#14990,#7165);
#6291=LINE('',#14991,#7166);
#6292=LINE('',#14993,#7167);
#6293=LINE('',#14994,#7168);
#6294=LINE('',#15016,#7169);
#6295=LINE('',#15019,#7170);
#6296=LINE('',#15023,#7171);
#6297=LINE('',#15026,#7172);
#6298=LINE('',#15028,#7173);
#6299=LINE('',#15030,#7174);
#6300=LINE('',#15031,#7175);
#6301=LINE('',#15034,#7176);
#6302=LINE('',#15036,#7177);
#6303=LINE('',#15038,#7178);
#6304=LINE('',#15039,#7179);
#6305=LINE('',#15042,#7180);
#6306=LINE('',#15044,#7181);
#6307=LINE('',#15046,#7182);
#6308=LINE('',#15047,#7183);
#6309=LINE('',#15050,#7184);
#6310=LINE('',#15052,#7185);
#6311=LINE('',#15054,#7186);
#6312=LINE('',#15055,#7187);
#6313=LINE('',#15058,#7188);
#6314=LINE('',#15060,#7189);
#6315=LINE('',#15062,#7190);
#6316=LINE('',#15063,#7191);
#6317=LINE('',#15066,#7192);
#6318=LINE('',#15068,#7193);
#6319=LINE('',#15070,#7194);
#6320=LINE('',#15071,#7195);
#6321=LINE('',#15074,#7196);
#6322=LINE('',#15076,#7197);
#6323=LINE('',#15078,#7198);
#6324=LINE('',#15080,#7199);
#6325=LINE('',#15083,#7200);
#6326=LINE('',#15085,#7201);
#6327=LINE('',#15087,#7202);
#6328=LINE('',#15089,#7203);
#6329=LINE('',#15091,#7204);
#6330=LINE('',#15093,#7205);
#6331=LINE('',#15095,#7206);
#6332=LINE('',#15097,#7207);
#6333=LINE('',#15102,#7208);
#6334=LINE('',#15104,#7209);
#6335=LINE('',#15108,#7210);
#6336=LINE('',#15112,#7211);
#6337=LINE('',#15114,#7212);
#6338=LINE('',#15118,#7213);
#6339=LINE('',#15120,#7214);
#6340=LINE('',#15124,#7215);
#6341=LINE('',#15128,#7216);
#6342=LINE('',#15132,#7217);
#6343=LINE('',#15136,#7218);
#6344=LINE('',#15138,#7219);
#6345=LINE('',#15142,#7220);
#6346=LINE('',#15144,#7221);
#6347=LINE('',#15148,#7222);
#6348=LINE('',#15152,#7223);
#6349=LINE('',#15156,#7224);
#6350=LINE('',#15160,#7225);
#6351=LINE('',#15164,#7226);
#6352=LINE('',#15170,#7227);
#6353=LINE('',#15174,#7228);
#6354=LINE('',#15178,#7229);
#6355=LINE('',#15182,#7230);
#6356=LINE('',#15186,#7231);
#6357=LINE('',#15189,#7232);
#6358=LINE('',#15191,#7233);
#6359=LINE('',#15193,#7234);
#6360=LINE('',#15195,#7235);
#6361=LINE('',#15197,#7236);
#6362=LINE('',#15199,#7237);
#6363=LINE('',#15201,#7238);
#6364=LINE('',#15203,#7239);
#6365=LINE('',#15205,#7240);
#6366=LINE('',#15207,#7241);
#6367=LINE('',#15209,#7242);
#6368=LINE('',#15211,#7243);
#6369=LINE('',#15213,#7244);
#6370=LINE('',#15215,#7245);
#6371=LINE('',#15217,#7246);
#6372=LINE('',#15219,#7247);
#6373=LINE('',#15221,#7248);
#6374=LINE('',#15223,#7249);
#6375=LINE('',#15225,#7250);
#6376=LINE('',#15227,#7251);
#6377=LINE('',#15229,#7252);
#6378=LINE('',#15231,#7253);
#6379=LINE('',#15233,#7254);
#6380=LINE('',#15235,#7255);
#6381=LINE('',#15237,#7256);
#6382=LINE('',#15239,#7257);
#6383=LINE('',#15241,#7258);
#6384=LINE('',#15243,#7259);
#6385=LINE('',#15245,#7260);
#6386=LINE('',#15247,#7261);
#6387=LINE('',#15249,#7262);
#6388=LINE('',#15251,#7263);
#6389=LINE('',#15253,#7264);
#6390=LINE('',#15255,#7265);
#6391=LINE('',#15257,#7266);
#6392=LINE('',#15259,#7267);
#6393=LINE('',#15261,#7268);
#6394=LINE('',#15263,#7269);
#6395=LINE('',#15265,#7270);
#6396=LINE('',#15267,#7271);
#6397=LINE('',#15269,#7272);
#6398=LINE('',#15271,#7273);
#6399=LINE('',#15273,#7274);
#6400=LINE('',#15275,#7275);
#6401=LINE('',#15277,#7276);
#6402=LINE('',#15279,#7277);
#6403=LINE('',#15281,#7278);
#6404=LINE('',#15283,#7279);
#6405=LINE('',#15285,#7280);
#6406=LINE('',#15287,#7281);
#6407=LINE('',#15289,#7282);
#6408=LINE('',#15291,#7283);
#6409=LINE('',#15293,#7284);
#6410=LINE('',#15295,#7285);
#6411=LINE('',#15297,#7286);
#6412=LINE('',#15299,#7287);
#6413=LINE('',#15301,#7288);
#6414=LINE('',#15303,#7289);
#6415=LINE('',#15305,#7290);
#6416=LINE('',#15307,#7291);
#6417=LINE('',#15309,#7292);
#6418=LINE('',#15311,#7293);
#6419=LINE('',#15313,#7294);
#6420=LINE('',#15315,#7295);
#6421=LINE('',#15317,#7296);
#6422=LINE('',#15319,#7297);
#6423=LINE('',#15321,#7298);
#6424=LINE('',#15323,#7299);
#6425=LINE('',#15325,#7300);
#6426=LINE('',#15327,#7301);
#6427=LINE('',#15329,#7302);
#6428=LINE('',#15331,#7303);
#6429=LINE('',#15333,#7304);
#6430=LINE('',#15335,#7305);
#6431=LINE('',#15337,#7306);
#6432=LINE('',#15341,#7307);
#6433=LINE('',#15345,#7308);
#6434=LINE('',#15347,#7309);
#6435=LINE('',#15349,#7310);
#6436=LINE('',#15353,#7311);
#6437=LINE('',#15357,#7312);
#6438=LINE('',#15359,#7313);
#6439=LINE('',#15361,#7314);
#6440=LINE('',#15378,#7315);
#6441=LINE('',#15403,#7316);
#6442=LINE('',#15413,#7317);
#6443=LINE('',#15415,#7318);
#6444=LINE('',#15417,#7319);
#6445=LINE('',#15425,#7320);
#6446=LINE('',#15427,#7321);
#6447=LINE('',#15431,#7322);
#6448=LINE('',#15435,#7323);
#6449=LINE('',#15437,#7324);
#6450=LINE('',#15441,#7325);
#6451=LINE('',#15443,#7326);
#6452=LINE('',#15447,#7327);
#6453=LINE('',#15451,#7328);
#6454=LINE('',#15455,#7329);
#6455=LINE('',#15459,#7330);
#6456=LINE('',#15461,#7331);
#6457=LINE('',#15465,#7332);
#6458=LINE('',#15467,#7333);
#6459=LINE('',#15471,#7334);
#6460=LINE('',#15475,#7335);
#6461=LINE('',#15477,#7336);
#6462=LINE('',#15480,#7337);
#6463=LINE('',#15481,#7338);
#6464=LINE('',#15483,#7339);
#6465=LINE('',#15485,#7340);
#6466=LINE('',#15487,#7341);
#6467=LINE('',#15489,#7342);
#6468=LINE('',#15491,#7343);
#6469=LINE('',#15493,#7344);
#6470=LINE('',#15495,#7345);
#6471=LINE('',#15497,#7346);
#6472=LINE('',#15499,#7347);
#6473=LINE('',#15501,#7348);
#6474=LINE('',#15503,#7349);
#6475=LINE('',#15505,#7350);
#6476=LINE('',#15507,#7351);
#6477=LINE('',#15509,#7352);
#6478=LINE('',#15511,#7353);
#6479=LINE('',#15513,#7354);
#6480=LINE('',#15515,#7355);
#6481=LINE('',#15517,#7356);
#6482=LINE('',#15519,#7357);
#6483=LINE('',#15521,#7358);
#6484=LINE('',#15523,#7359);
#6485=LINE('',#15525,#7360);
#6486=LINE('',#15527,#7361);
#6487=LINE('',#15529,#7362);
#6488=LINE('',#15531,#7363);
#6489=LINE('',#15533,#7364);
#6490=LINE('',#15536,#7365);
#6491=LINE('',#15540,#7366);
#6492=LINE('',#15542,#7367);
#6493=LINE('',#15546,#7368);
#6494=LINE('',#15548,#7369);
#6495=LINE('',#15550,#7370);
#6496=LINE('',#15554,#7371);
#6497=LINE('',#15556,#7372);
#6498=LINE('',#15558,#7373);
#6499=LINE('',#15562,#7374);
#6500=LINE('',#15564,#7375);
#6501=LINE('',#15566,#7376);
#6502=LINE('',#15570,#7377);
#6503=LINE('',#15572,#7378);
#6504=LINE('',#15574,#7379);
#6505=LINE('',#15578,#7380);
#6506=LINE('',#15582,#7381);
#6507=LINE('',#15584,#7382);
#6508=LINE('',#15586,#7383);
#6509=LINE('',#15590,#7384);
#6510=LINE('',#15592,#7385);
#6511=LINE('',#15594,#7386);
#6512=LINE('',#15598,#7387);
#6513=LINE('',#15603,#7388);
#6514=LINE('',#15608,#7389);
#6515=LINE('',#15614,#7390);
#6516=LINE('',#15618,#7391);
#6517=LINE('',#15621,#7392);
#6518=LINE('',#15623,#7393);
#6519=LINE('',#15625,#7394);
#6520=LINE('',#15628,#7395);
#6521=LINE('',#15640,#7396);
#6522=LINE('',#15650,#7397);
#6523=LINE('',#15656,#7398);
#6524=LINE('',#15658,#7399);
#6525=LINE('',#15666,#7400);
#6526=LINE('',#15673,#7401);
#6527=LINE('',#15699,#7402);
#6528=LINE('',#15705,#7403);
#6529=LINE('',#15706,#7404);
#6530=LINE('',#15713,#7405);
#6531=LINE('',#15728,#7406);
#6532=LINE('',#15735,#7407);
#6533=LINE('',#15755,#7408);
#6534=LINE('',#15757,#7409);
#6535=LINE('',#15763,#7410);
#6536=LINE('',#15765,#7411);
#6537=LINE('',#15771,#7412);
#6538=LINE('',#15777,#7413);
#6539=LINE('',#15781,#7414);
#6540=LINE('',#15783,#7415);
#6541=LINE('',#15789,#7416);
#6542=LINE('',#15791,#7417);
#6543=LINE('',#15795,#7418);
#6544=LINE('',#15801,#7419);
#6545=LINE('',#15803,#7420);
#6546=LINE('',#15805,#7421);
#6547=LINE('',#15811,#7422);
#6548=LINE('',#15813,#7423);
#6549=LINE('',#15815,#7424);
#6550=LINE('',#15816,#7425);
#6551=LINE('',#15821,#7426);
#6552=LINE('',#15825,#7427);
#6553=LINE('',#15831,#7428);
#6554=LINE('',#15835,#7429);
#6555=LINE('',#15839,#7430);
#6556=LINE('',#15845,#7431);
#6557=LINE('',#15865,#7432);
#6558=LINE('',#15879,#7433);
#6559=LINE('',#15891,#7434);
#6560=LINE('',#15899,#7435);
#6561=LINE('',#15916,#7436);
#6562=LINE('',#15927,#7437);
#6563=LINE('',#15931,#7438);
#6564=LINE('',#15936,#7439);
#6565=LINE('',#15940,#7440);
#6566=LINE('',#15945,#7441);
#6567=LINE('',#15949,#7442);
#6568=LINE('',#15951,#7443);
#6569=LINE('',#15952,#7444);
#6570=LINE('',#15955,#7445);
#6571=LINE('',#15956,#7446);
#6572=LINE('',#15958,#7447);
#6573=LINE('',#15960,#7448);
#6574=LINE('',#15963,#7449);
#6575=LINE('',#15964,#7450);
#6576=LINE('',#15966,#7451);
#6577=LINE('',#15968,#7452);
#6578=LINE('',#15971,#7453);
#6579=LINE('',#15973,#7454);
#6580=LINE('',#15976,#7455);
#6581=LINE('',#15977,#7456);
#6582=LINE('',#15979,#7457);
#6583=LINE('',#15981,#7458);
#6584=LINE('',#15984,#7459);
#6585=LINE('',#15986,#7460);
#6586=LINE('',#15988,#7461);
#6587=LINE('',#15990,#7462);
#6588=LINE('',#15992,#7463);
#6589=LINE('',#15994,#7464);
#6590=LINE('',#15996,#7465);
#6591=LINE('',#15999,#7466);
#6592=LINE('',#16002,#7467);
#6593=LINE('',#16004,#7468);
#6594=LINE('',#16006,#7469);
#6595=LINE('',#16008,#7470);
#6596=LINE('',#16010,#7471);
#6597=LINE('',#16012,#7472);
#6598=LINE('',#16016,#7473);
#6599=LINE('',#16020,#7474);
#6600=LINE('',#16022,#7475);
#6601=LINE('',#16024,#7476);
#6602=LINE('',#16037,#7477);
#6603=LINE('',#16039,#7478);
#6604=LINE('',#16041,#7479);
#6605=LINE('',#16043,#7480);
#6606=LINE('',#16047,#7481);
#6607=LINE('',#16051,#7482);
#6608=LINE('',#16053,#7483);
#6609=LINE('',#16055,#7484);
#6610=LINE('',#16057,#7485);
#6611=LINE('',#16059,#7486);
#6612=LINE('',#16061,#7487);
#6613=LINE('',#16063,#7488);
#6614=LINE('',#16067,#7489);
#6615=LINE('',#16071,#7490);
#6616=LINE('',#16073,#7491);
#6617=LINE('',#16075,#7492);
#6618=LINE('',#16077,#7493);
#6619=LINE('',#16079,#7494);
#6620=LINE('',#16081,#7495);
#6621=LINE('',#16083,#7496);
#6622=LINE('',#16087,#7497);
#6623=LINE('',#16091,#7498);
#6624=LINE('',#16093,#7499);
#6625=LINE('',#16095,#7500);
#6626=LINE('',#16099,#7501);
#6627=LINE('',#16101,#7502);
#6628=LINE('',#16103,#7503);
#6629=LINE('',#16105,#7504);
#6630=LINE('',#16107,#7505);
#6631=LINE('',#16111,#7506);
#6632=LINE('',#16115,#7507);
#6633=LINE('',#16117,#7508);
#6634=LINE('',#16119,#7509);
#6635=LINE('',#16121,#7510);
#6636=LINE('',#16126,#7511);
#6637=LINE('',#16128,#7512);
#6638=LINE('',#16130,#7513);
#6639=LINE('',#16132,#7514);
#6640=LINE('',#16136,#7515);
#6641=LINE('',#16140,#7516);
#6642=LINE('',#16142,#7517);
#6643=LINE('',#16144,#7518);
#6644=LINE('',#16148,#7519);
#6645=LINE('',#16152,#7520);
#6646=LINE('',#16154,#7521);
#6647=LINE('',#16156,#7522);
#6648=LINE('',#16158,#7523);
#6649=LINE('',#16160,#7524);
#6650=LINE('',#16164,#7525);
#6651=LINE('',#16168,#7526);
#6652=LINE('',#16171,#7527);
#6653=LINE('',#16175,#7528);
#6654=LINE('',#16177,#7529);
#6655=LINE('',#16181,#7530);
#6656=LINE('',#16188,#7531);
#6657=LINE('',#16192,#7532);
#6658=LINE('',#16196,#7533);
#6659=LINE('',#16202,#7534);
#6660=LINE('',#16216,#7535);
#6661=LINE('',#16220,#7536);
#6662=LINE('',#16224,#7537);
#6663=LINE('',#16230,#7538);
#6664=LINE('',#16242,#7539);
#6665=LINE('',#16246,#7540);
#6666=LINE('',#16248,#7541);
#6667=LINE('',#16250,#7542);
#6668=LINE('',#16252,#7543);
#6669=LINE('',#16256,#7544);
#6670=LINE('',#16260,#7545);
#6671=LINE('',#16262,#7546);
#6672=LINE('',#16267,#7547);
#6673=LINE('',#16271,#7548);
#6674=LINE('',#16273,#7549);
#6675=LINE('',#16277,#7550);
#6676=LINE('',#16284,#7551);
#6677=LINE('',#16288,#7552);
#6678=LINE('',#16292,#7553);
#6679=LINE('',#16298,#7554);
#6680=LINE('',#16312,#7555);
#6681=LINE('',#16316,#7556);
#6682=LINE('',#16320,#7557);
#6683=LINE('',#16326,#7558);
#6684=LINE('',#16338,#7559);
#6685=LINE('',#16342,#7560);
#6686=LINE('',#16344,#7561);
#6687=LINE('',#16346,#7562);
#6688=LINE('',#16348,#7563);
#6689=LINE('',#16352,#7564);
#6690=LINE('',#16356,#7565);
#6691=LINE('',#16358,#7566);
#6692=LINE('',#16363,#7567);
#6693=LINE('',#16367,#7568);
#6694=LINE('',#16369,#7569);
#6695=LINE('',#16371,#7570);
#6696=LINE('',#16373,#7571);
#6697=LINE('',#16377,#7572);
#6698=LINE('',#16381,#7573);
#6699=LINE('',#16383,#7574);
#6700=LINE('',#16388,#7575);
#6701=LINE('',#16392,#7576);
#6702=LINE('',#16394,#7577);
#6703=LINE('',#16398,#7578);
#6704=LINE('',#16405,#7579);
#6705=LINE('',#16409,#7580);
#6706=LINE('',#16413,#7581);
#6707=LINE('',#16419,#7582);
#6708=LINE('',#16430,#7583);
#6709=LINE('',#16434,#7584);
#6710=LINE('',#16436,#7585);
#6711=LINE('',#16440,#7586);
#6712=LINE('',#16447,#7587);
#6713=LINE('',#16451,#7588);
#6714=LINE('',#16455,#7589);
#6715=LINE('',#16461,#7590);
#6716=LINE('',#16472,#7591);
#6717=LINE('',#16476,#7592);
#6718=LINE('',#16478,#7593);
#6719=LINE('',#16480,#7594);
#6720=LINE('',#16482,#7595);
#6721=LINE('',#16486,#7596);
#6722=LINE('',#16490,#7597);
#6723=LINE('',#16492,#7598);
#6724=LINE('',#16504,#7599);
#6725=LINE('',#16511,#7600);
#6726=LINE('',#16513,#7601);
#6727=LINE('',#16517,#7602);
#6728=LINE('',#16519,#7603);
#6729=LINE('',#16528,#7604);
#6730=LINE('',#16535,#7605);
#6731=LINE('',#16539,#7606);
#6732=LINE('',#16541,#7607);
#6733=LINE('',#16543,#7608);
#6734=LINE('',#16545,#7609);
#6735=LINE('',#16547,#7610);
#6736=LINE('',#16551,#7611);
#6737=LINE('',#16555,#7612);
#6738=LINE('',#16558,#7613);
#6739=LINE('',#16560,#7614);
#6740=LINE('',#16562,#7615);
#6741=LINE('',#16566,#7616);
#6742=LINE('',#16570,#7617);
#6743=LINE('',#16571,#7618);
#6744=LINE('',#16579,#7619);
#6745=LINE('',#16581,#7620);
#6746=LINE('',#16583,#7621);
#6747=LINE('',#16587,#7622);
#6748=LINE('',#16591,#7623);
#6749=LINE('',#16592,#7624);
#6750=LINE('',#16598,#7625);
#6751=LINE('',#16600,#7626);
#6752=LINE('',#16602,#7627);
#6753=LINE('',#16606,#7628);
#6754=LINE('',#16610,#7629);
#6755=LINE('',#16611,#7630);
#6756=VECTOR('',#10674,1.);
#6757=VECTOR('',#10675,1.);
#6758=VECTOR('',#10676,1.);
#6759=VECTOR('',#10677,1.);
#6760=VECTOR('',#10678,1.);
#6761=VECTOR('',#10687,1.);
#6762=VECTOR('',#10690,1.);
#6763=VECTOR('',#10691,1.);
#6764=VECTOR('',#10696,1.);
#6765=VECTOR('',#10697,1.);
#6766=VECTOR('',#10700,1.);
#6767=VECTOR('',#10701,1.);
#6768=VECTOR('',#10702,1.);
#6769=VECTOR('',#10705,1.);
#6770=VECTOR('',#10706,1.);
#6771=VECTOR('',#10709,1.);
#6772=VECTOR('',#10714,1.);
#6773=VECTOR('',#10721,1.);
#6774=VECTOR('',#10726,1.);
#6775=VECTOR('',#10727,1.);
#6776=VECTOR('',#10732,1.);
#6777=VECTOR('',#10733,1.);
#6778=VECTOR('',#10734,1.);
#6779=VECTOR('',#10735,1.);
#6780=VECTOR('',#10740,1.);
#6781=VECTOR('',#10743,1.);
#6782=VECTOR('',#10746,1.);
#6783=VECTOR('',#10751,1.);
#6784=VECTOR('',#10752,1.);
#6785=VECTOR('',#10753,1.);
#6786=VECTOR('',#10758,1.);
#6787=VECTOR('',#10759,1.);
#6788=VECTOR('',#10760,1.);
#6789=VECTOR('',#10765,1.);
#6790=VECTOR('',#10766,1.);
#6791=VECTOR('',#10769,1.);
#6792=VECTOR('',#10774,1.);
#6793=VECTOR('',#10777,1.);
#6794=VECTOR('',#10782,1.);
#6795=VECTOR('',#10785,1.);
#6796=VECTOR('',#10788,1.);
#6797=VECTOR('',#10793,1.);
#6798=VECTOR('',#10796,1.);
#6799=VECTOR('',#10799,1.);
#6800=VECTOR('',#10804,1.);
#6801=VECTOR('',#10805,1.);
#6802=VECTOR('',#10806,1.);
#6803=VECTOR('',#10811,1.);
#6804=VECTOR('',#10812,1.);
#6805=VECTOR('',#10813,1.);
#6806=VECTOR('',#10818,1.);
#6807=VECTOR('',#10821,1.);
#6808=VECTOR('',#10826,1.);
#6809=VECTOR('',#10827,1.);
#6810=VECTOR('',#10828,1.);
#6811=VECTOR('',#10829,1.);
#6812=VECTOR('',#10830,1.);
#6813=VECTOR('',#10831,1.);
#6814=VECTOR('',#10832,1.);
#6815=VECTOR('',#10833,1.);
#6816=VECTOR('',#10834,1.);
#6817=VECTOR('',#10835,1.);
#6818=VECTOR('',#10838,1.);
#6819=VECTOR('',#10839,1.);
#6820=VECTOR('',#10842,1.);
#6821=VECTOR('',#10845,1.);
#6822=VECTOR('',#10846,1.);
#6823=VECTOR('',#10849,1.);
#6824=VECTOR('',#10850,1.);
#6825=VECTOR('',#10853,1.);
#6826=VECTOR('',#10856,1.);
#6827=VECTOR('',#10859,1.);
#6828=VECTOR('',#10862,1.);
#6829=VECTOR('',#10863,1.);
#6830=VECTOR('',#10866,1.);
#6831=VECTOR('',#10867,1.);
#6832=VECTOR('',#10870,1.);
#6833=VECTOR('',#10873,1.);
#6834=VECTOR('',#10874,1.);
#6835=VECTOR('',#10879,1.);
#6836=VECTOR('',#10882,1.);
#6837=VECTOR('',#10885,1.);
#6838=VECTOR('',#10888,1.);
#6839=VECTOR('',#10893,1.);
#6840=VECTOR('',#10896,1.);
#6841=VECTOR('',#10899,1.);
#6842=VECTOR('',#10904,1.);
#6843=VECTOR('',#10905,1.);
#6844=VECTOR('',#10906,1.);
#6845=VECTOR('',#10907,1.);
#6846=VECTOR('',#10910,1.);
#6847=VECTOR('',#10911,1.);
#6848=VECTOR('',#10914,1.);
#6849=VECTOR('',#10915,1.);
#6850=VECTOR('',#10918,1.);
#6851=VECTOR('',#10919,1.);
#6852=VECTOR('',#10922,1.);
#6853=VECTOR('',#10923,1.);
#6854=VECTOR('',#10926,1.);
#6855=VECTOR('',#10927,1.);
#6856=VECTOR('',#10930,1.);
#6857=VECTOR('',#10931,1.);
#6858=VECTOR('',#10934,1.);
#6859=VECTOR('',#10935,1.);
#6860=VECTOR('',#10938,1.);
#6861=VECTOR('',#10939,1.);
#6862=VECTOR('',#10942,1.);
#6863=VECTOR('',#10943,1.);
#6864=VECTOR('',#10946,1.);
#6865=VECTOR('',#10947,1.);
#6866=VECTOR('',#10950,1.);
#6867=VECTOR('',#10951,1.);
#6868=VECTOR('',#10954,1.);
#6869=VECTOR('',#10955,1.);
#6870=VECTOR('',#10958,1.);
#6871=VECTOR('',#10959,1.);
#6872=VECTOR('',#10962,1.);
#6873=VECTOR('',#10963,1.);
#6874=VECTOR('',#10966,1.);
#6875=VECTOR('',#10967,1.);
#6876=VECTOR('',#10970,1.);
#6877=VECTOR('',#10971,1.);
#6878=VECTOR('',#10974,1.);
#6879=VECTOR('',#10975,1.);
#6880=VECTOR('',#10978,1.);
#6881=VECTOR('',#10979,1.);
#6882=VECTOR('',#10982,1.);
#6883=VECTOR('',#10983,1.);
#6884=VECTOR('',#10986,1.);
#6885=VECTOR('',#10987,1.);
#6886=VECTOR('',#10990,1.);
#6887=VECTOR('',#10991,1.);
#6888=VECTOR('',#10994,1.);
#6889=VECTOR('',#10995,1.);
#6890=VECTOR('',#10998,1.);
#6891=VECTOR('',#10999,1.);
#6892=VECTOR('',#11002,1.);
#6893=VECTOR('',#11003,1.);
#6894=VECTOR('',#11004,1.);
#6895=VECTOR('',#11011,1.);
#6896=VECTOR('',#11014,1.);
#6897=VECTOR('',#11015,1.);
#6898=VECTOR('',#11016,1.);
#6899=VECTOR('',#11023,1.);
#6900=VECTOR('',#11026,1.);
#6901=VECTOR('',#11027,1.);
#6902=VECTOR('',#11028,1.);
#6903=VECTOR('',#11029,1.);
#6904=VECTOR('',#11030,1.);
#6905=VECTOR('',#11033,1.);
#6906=VECTOR('',#11034,1.);
#6907=VECTOR('',#11035,1.);
#6908=VECTOR('',#11046,1.);
#6909=VECTOR('',#11047,1.);
#6910=VECTOR('',#11050,1.);
#6911=VECTOR('',#11053,1.);
#6912=VECTOR('',#11054,1.);
#6913=VECTOR('',#11057,1.);
#6914=VECTOR('',#11058,1.);
#6915=VECTOR('',#11061,1.);
#6916=VECTOR('',#11064,1.);
#6917=VECTOR('',#11067,1.);
#6918=VECTOR('',#11070,1.);
#6919=VECTOR('',#11071,1.);
#6920=VECTOR('',#11074,1.);
#6921=VECTOR('',#11075,1.);
#6922=VECTOR('',#11078,1.);
#6923=VECTOR('',#11081,1.);
#6924=VECTOR('',#11082,1.);
#6925=VECTOR('',#11087,1.);
#6926=VECTOR('',#11088,1.);
#6927=VECTOR('',#11091,1.);
#6928=VECTOR('',#11094,1.);
#6929=VECTOR('',#11097,1.);
#6930=VECTOR('',#11100,1.);
#6931=VECTOR('',#11103,1.);
#6932=VECTOR('',#11106,1.);
#6933=VECTOR('',#11109,1.);
#6934=VECTOR('',#11112,1.);
#6935=VECTOR('',#11115,1.);
#6936=VECTOR('',#11118,1.);
#6937=VECTOR('',#11121,1.);
#6938=VECTOR('',#11124,1.);
#6939=VECTOR('',#11127,1.);
#6940=VECTOR('',#11130,1.);
#6941=VECTOR('',#11133,1.);
#6942=VECTOR('',#11136,1.);
#6943=VECTOR('',#11139,1.);
#6944=VECTOR('',#11142,1.);
#6945=VECTOR('',#11145,1.);
#6946=VECTOR('',#11148,1.);
#6947=VECTOR('',#11151,1.);
#6948=VECTOR('',#11154,1.);
#6949=VECTOR('',#11157,1.);
#6950=VECTOR('',#11160,1.);
#6951=VECTOR('',#11163,1.);
#6952=VECTOR('',#11166,1.);
#6953=VECTOR('',#11171,1.);
#6954=VECTOR('',#11172,1.);
#6955=VECTOR('',#11173,1.);
#6956=VECTOR('',#11174,1.);
#6957=VECTOR('',#11177,1.);
#6958=VECTOR('',#11178,1.);
#6959=VECTOR('',#11179,1.);
#6960=VECTOR('',#11180,1.);
#6961=VECTOR('',#11183,1.);
#6962=VECTOR('',#11186,1.);
#6963=VECTOR('',#11189,1.);
#6964=VECTOR('',#11194,1.);
#6965=VECTOR('',#11195,1.);
#6966=VECTOR('',#11198,1.);
#6967=VECTOR('',#11203,1.);
#6968=VECTOR('',#11204,1.);
#6969=VECTOR('',#11207,1.);
#6970=VECTOR('',#11212,1.);
#6971=VECTOR('',#11213,1.);
#6972=VECTOR('',#11216,1.);
#6973=VECTOR('',#11221,1.);
#6974=VECTOR('',#11226,1.);
#6975=VECTOR('',#11227,1.);
#6976=VECTOR('',#11230,1.);
#6977=VECTOR('',#11235,1.);
#6978=VECTOR('',#11236,1.);
#6979=VECTOR('',#11239,1.);
#6980=VECTOR('',#11244,1.);
#6981=VECTOR('',#11245,1.);
#6982=VECTOR('',#11248,1.);
#6983=VECTOR('',#11253,1.);
#6984=VECTOR('',#11256,1.);
#6985=VECTOR('',#11259,1.);
#6986=VECTOR('',#11264,1.);
#6987=VECTOR('',#11269,1.);
#6988=VECTOR('',#11272,1.);
#6989=VECTOR('',#11277,1.);
#6990=VECTOR('',#11280,1.);
#6991=VECTOR('',#11281,1.);
#6992=VECTOR('',#11282,1.);
#6993=VECTOR('',#11283,1.);
#6994=VECTOR('',#11284,1.);
#6995=VECTOR('',#11285,1.);
#6996=VECTOR('',#11306,1.);
#6997=VECTOR('',#11323,1.);
#6998=VECTOR('',#11346,1.);
#6999=VECTOR('',#11349,1.);
#7000=VECTOR('',#11362,1.);
#7001=VECTOR('',#11365,1.);
#7002=VECTOR('',#11374,1.);
#7003=VECTOR('',#11377,1.);
#7004=VECTOR('',#11378,1.);
#7005=VECTOR('',#11379,1.);
#7006=VECTOR('',#11382,1.);
#7007=VECTOR('',#11383,1.);
#7008=VECTOR('',#11384,1.);
#7009=VECTOR('',#11409,1.);
#7010=VECTOR('',#11418,1.);
#7011=VECTOR('',#11421,1.);
#7012=VECTOR('',#11424,1.);
#7013=VECTOR('',#11425,1.);
#7014=VECTOR('',#11428,1.);
#7015=VECTOR('',#11431,1.);
#7016=VECTOR('',#11434,1.);
#7017=VECTOR('',#11435,1.);
#7018=VECTOR('',#11436,1.);
#7019=VECTOR('',#11437,1.);
#7020=VECTOR('',#11438,1.);
#7021=VECTOR('',#11439,1.);
#7022=VECTOR('',#11440,1.);
#7023=VECTOR('',#11441,1.);
#7024=VECTOR('',#11442,1.);
#7025=VECTOR('',#11443,1.);
#7026=VECTOR('',#11444,1.);
#7027=VECTOR('',#11447,1.);
#7028=VECTOR('',#11450,1.);
#7029=VECTOR('',#11453,1.);
#7030=VECTOR('',#11456,1.);
#7031=VECTOR('',#11459,1.);
#7032=VECTOR('',#11460,1.);
#7033=VECTOR('',#11463,1.);
#7034=VECTOR('',#11468,1.);
#7035=VECTOR('',#11471,1.);
#7036=VECTOR('',#11474,1.);
#7037=VECTOR('',#11475,1.);
#7038=VECTOR('',#11482,1.);
#7039=VECTOR('',#11485,1.);
#7040=VECTOR('',#11494,1.);
#7041=VECTOR('',#11495,1.);
#7042=VECTOR('',#11496,1.);
#7043=VECTOR('',#11499,1.);
#7044=VECTOR('',#11500,1.);
#7045=VECTOR('',#11505,1.);
#7046=VECTOR('',#11506,1.);
#7047=VECTOR('',#11507,1.);
#7048=VECTOR('',#11510,1.);
#7049=VECTOR('',#11511,1.);
#7050=VECTOR('',#11512,1.);
#7051=VECTOR('',#11525,1.);
#7052=VECTOR('',#11526,1.);
#7053=VECTOR('',#11527,1.);
#7054=VECTOR('',#11530,1.);
#7055=VECTOR('',#11535,1.);
#7056=VECTOR('',#11540,1.);
#7057=VECTOR('',#11541,1.);
#7058=VECTOR('',#11542,1.);
#7059=VECTOR('',#11545,1.);
#7060=VECTOR('',#11550,1.);
#7061=VECTOR('',#11551,1.);
#7062=VECTOR('',#11554,1.);
#7063=VECTOR('',#11555,1.);
#7064=VECTOR('',#11558,1.);
#7065=VECTOR('',#11563,1.);
#7066=VECTOR('',#11568,1.);
#7067=VECTOR('',#11573,1.);
#7068=VECTOR('',#11574,1.);
#7069=VECTOR('',#11575,1.);
#7070=VECTOR('',#11578,1.);
#7071=VECTOR('',#11583,1.);
#7072=VECTOR('',#11588,1.);
#7073=VECTOR('',#11589,1.);
#7074=VECTOR('',#11592,1.);
#7075=VECTOR('',#11597,1.);
#7076=VECTOR('',#11598,1.);
#7077=VECTOR('',#11601,1.);
#7078=VECTOR('',#11606,1.);
#7079=VECTOR('',#11607,1.);
#7080=VECTOR('',#11610,1.);
#7081=VECTOR('',#11615,1.);
#7082=VECTOR('',#11620,1.);
#7083=VECTOR('',#11621,1.);
#7084=VECTOR('',#11624,1.);
#7085=VECTOR('',#11625,1.);
#7086=VECTOR('',#11628,1.);
#7087=VECTOR('',#11629,1.);
#7088=VECTOR('',#11632,1.);
#7089=VECTOR('',#11637,1.);
#7090=VECTOR('',#11642,1.);
#7091=VECTOR('',#11643,1.);
#7092=VECTOR('',#11646,1.);
#7093=VECTOR('',#11651,1.);
#7094=VECTOR('',#11652,1.);
#7095=VECTOR('',#11653,1.);
#7096=VECTOR('',#11656,1.);
#7097=VECTOR('',#11657,1.);
#7098=VECTOR('',#11660,1.);
#7099=VECTOR('',#11665,1.);
#7100=VECTOR('',#11670,1.);
#7101=VECTOR('',#11671,1.);
#7102=VECTOR('',#11674,1.);
#7103=VECTOR('',#11675,1.);
#7104=VECTOR('',#11678,1.);
#7105=VECTOR('',#11679,1.);
#7106=VECTOR('',#11682,1.);
#7107=VECTOR('',#11687,1.);
#7108=VECTOR('',#11692,1.);
#7109=VECTOR('',#11693,1.);
#7110=VECTOR('',#11696,1.);
#7111=VECTOR('',#11701,1.);
#7112=VECTOR('',#11702,1.);
#7113=VECTOR('',#11705,1.);
#7114=VECTOR('',#11710,1.);
#7115=VECTOR('',#11711,1.);
#7116=VECTOR('',#11714,1.);
#7117=VECTOR('',#11719,1.);
#7118=VECTOR('',#11724,1.);
#7119=VECTOR('',#11727,1.);
#7120=VECTOR('',#11728,1.);
#7121=VECTOR('',#11731,1.);
#7122=VECTOR('',#11732,1.);
#7123=VECTOR('',#11735,1.);
#7124=VECTOR('',#11736,1.);
#7125=VECTOR('',#11739,1.);
#7126=VECTOR('',#11744,1.);
#7127=VECTOR('',#11749,1.);
#7128=VECTOR('',#11750,1.);
#7129=VECTOR('',#11753,1.);
#7130=VECTOR('',#11754,1.);
#7131=VECTOR('',#11757,1.);
#7132=VECTOR('',#11762,1.);
#7133=VECTOR('',#11767,1.);
#7134=VECTOR('',#11768,1.);
#7135=VECTOR('',#11779,1.);
#7136=VECTOR('',#11782,1.);
#7137=VECTOR('',#11787,1.);
#7138=VECTOR('',#11794,1.);
#7139=VECTOR('',#11797,1.);
#7140=VECTOR('',#11798,1.);
#7141=VECTOR('',#11799,1.);
#7142=VECTOR('',#11800,1.);
#7143=VECTOR('',#11811,1.);
#7144=VECTOR('',#11812,1.);
#7145=VECTOR('',#11813,1.);
#7146=VECTOR('',#11816,1.);
#7147=VECTOR('',#11821,1.);
#7148=VECTOR('',#11826,1.);
#7149=VECTOR('',#11827,1.);
#7150=VECTOR('',#11830,1.);
#7151=VECTOR('',#11843,1.);
#7152=VECTOR('',#11844,1.);
#7153=VECTOR('',#11845,1.);
#7154=VECTOR('',#11846,1.);
#7155=VECTOR('',#11851,1.);
#7156=VECTOR('',#11856,1.);
#7157=VECTOR('',#11857,1.);
#7158=VECTOR('',#11860,1.);
#7159=VECTOR('',#11861,1.);
#7160=VECTOR('',#11872,1.);
#7161=VECTOR('',#11873,1.);
#7162=VECTOR('',#11874,1.);
#7163=VECTOR('',#11875,1.);
#7164=VECTOR('',#11880,1.);
#7165=VECTOR('',#11885,1.);
#7166=VECTOR('',#11886,1.);
#7167=VECTOR('',#11889,1.);
#7168=VECTOR('',#11890,1.);
#7169=VECTOR('',#11917,1.);
#7170=VECTOR('',#11922,1.);
#7171=VECTOR('',#11929,1.);
#7172=VECTOR('',#11930,1.);
#7173=VECTOR('',#11931,1.);
#7174=VECTOR('',#11932,1.);
#7175=VECTOR('',#11933,1.);
#7176=VECTOR('',#11934,1.);
#7177=VECTOR('',#11935,1.);
#7178=VECTOR('',#11936,1.);
#7179=VECTOR('',#11937,1.);
#7180=VECTOR('',#11938,1.);
#7181=VECTOR('',#11939,1.);
#7182=VECTOR('',#11940,1.);
#7183=VECTOR('',#11941,1.);
#7184=VECTOR('',#11942,1.);
#7185=VECTOR('',#11943,1.);
#7186=VECTOR('',#11944,1.);
#7187=VECTOR('',#11945,1.);
#7188=VECTOR('',#11946,1.);
#7189=VECTOR('',#11947,1.);
#7190=VECTOR('',#11948,1.);
#7191=VECTOR('',#11949,1.);
#7192=VECTOR('',#11950,1.);
#7193=VECTOR('',#11951,1.);
#7194=VECTOR('',#11952,1.);
#7195=VECTOR('',#11953,1.);
#7196=VECTOR('',#11954,1.);
#7197=VECTOR('',#11955,1.);
#7198=VECTOR('',#11956,1.);
#7199=VECTOR('',#11959,1.);
#7200=VECTOR('',#11960,1.);
#7201=VECTOR('',#11961,1.);
#7202=VECTOR('',#11962,1.);
#7203=VECTOR('',#11963,1.);
#7204=VECTOR('',#11964,1.);
#7205=VECTOR('',#11965,1.);
#7206=VECTOR('',#11966,1.);
#7207=VECTOR('',#11969,1.);
#7208=VECTOR('',#11972,1.);
#7209=VECTOR('',#11973,1.);
#7210=VECTOR('',#11976,1.);
#7211=VECTOR('',#11979,1.);
#7212=VECTOR('',#11980,1.);
#7213=VECTOR('',#11983,1.);
#7214=VECTOR('',#11984,1.);
#7215=VECTOR('',#11987,1.);
#7216=VECTOR('',#11990,1.);
#7217=VECTOR('',#11993,1.);
#7218=VECTOR('',#11996,1.);
#7219=VECTOR('',#11997,1.);
#7220=VECTOR('',#12000,1.);
#7221=VECTOR('',#12001,1.);
#7222=VECTOR('',#12004,1.);
#7223=VECTOR('',#12007,1.);
#7224=VECTOR('',#12010,1.);
#7225=VECTOR('',#12013,1.);
#7226=VECTOR('',#12016,1.);
#7227=VECTOR('',#12021,1.);
#7228=VECTOR('',#12024,1.);
#7229=VECTOR('',#12027,1.);
#7230=VECTOR('',#12030,1.);
#7231=VECTOR('',#12035,1.);
#7232=VECTOR('',#12036,1.);
#7233=VECTOR('',#12037,1.);
#7234=VECTOR('',#12038,1.);
#7235=VECTOR('',#12041,1.);
#7236=VECTOR('',#12042,1.);
#7237=VECTOR('',#12043,1.);
#7238=VECTOR('',#12046,1.);
#7239=VECTOR('',#12047,1.);
#7240=VECTOR('',#12048,1.);
#7241=VECTOR('',#12051,1.);
#7242=VECTOR('',#12052,1.);
#7243=VECTOR('',#12053,1.);
#7244=VECTOR('',#12056,1.);
#7245=VECTOR('',#12057,1.);
#7246=VECTOR('',#12058,1.);
#7247=VECTOR('',#12061,1.);
#7248=VECTOR('',#12062,1.);
#7249=VECTOR('',#12063,1.);
#7250=VECTOR('',#12066,1.);
#7251=VECTOR('',#12067,1.);
#7252=VECTOR('',#12068,1.);
#7253=VECTOR('',#12071,1.);
#7254=VECTOR('',#12072,1.);
#7255=VECTOR('',#12073,1.);
#7256=VECTOR('',#12076,1.);
#7257=VECTOR('',#12077,1.);
#7258=VECTOR('',#12078,1.);
#7259=VECTOR('',#12081,1.);
#7260=VECTOR('',#12082,1.);
#7261=VECTOR('',#12083,1.);
#7262=VECTOR('',#12086,1.);
#7263=VECTOR('',#12087,1.);
#7264=VECTOR('',#12088,1.);
#7265=VECTOR('',#12091,1.);
#7266=VECTOR('',#12092,1.);
#7267=VECTOR('',#12093,1.);
#7268=VECTOR('',#12096,1.);
#7269=VECTOR('',#12097,1.);
#7270=VECTOR('',#12098,1.);
#7271=VECTOR('',#12101,1.);
#7272=VECTOR('',#12102,1.);
#7273=VECTOR('',#12103,1.);
#7274=VECTOR('',#12106,1.);
#7275=VECTOR('',#12107,1.);
#7276=VECTOR('',#12108,1.);
#7277=VECTOR('',#12111,1.);
#7278=VECTOR('',#12112,1.);
#7279=VECTOR('',#12113,1.);
#7280=VECTOR('',#12116,1.);
#7281=VECTOR('',#12117,1.);
#7282=VECTOR('',#12118,1.);
#7283=VECTOR('',#12121,1.);
#7284=VECTOR('',#12122,1.);
#7285=VECTOR('',#12123,1.);
#7286=VECTOR('',#12126,1.);
#7287=VECTOR('',#12127,1.);
#7288=VECTOR('',#12128,1.);
#7289=VECTOR('',#12131,1.);
#7290=VECTOR('',#12132,1.);
#7291=VECTOR('',#12133,1.);
#7292=VECTOR('',#12136,1.);
#7293=VECTOR('',#12137,1.);
#7294=VECTOR('',#12138,1.);
#7295=VECTOR('',#12141,1.);
#7296=VECTOR('',#12142,1.);
#7297=VECTOR('',#12143,1.);
#7298=VECTOR('',#12146,1.);
#7299=VECTOR('',#12147,1.);
#7300=VECTOR('',#12148,1.);
#7301=VECTOR('',#12151,1.);
#7302=VECTOR('',#12152,1.);
#7303=VECTOR('',#12153,1.);
#7304=VECTOR('',#12156,1.);
#7305=VECTOR('',#12157,1.);
#7306=VECTOR('',#12158,1.);
#7307=VECTOR('',#12163,1.);
#7308=VECTOR('',#12168,1.);
#7309=VECTOR('',#12169,1.);
#7310=VECTOR('',#12170,1.);
#7311=VECTOR('',#12175,1.);
#7312=VECTOR('',#12180,1.);
#7313=VECTOR('',#12181,1.);
#7314=VECTOR('',#12182,1.);
#7315=VECTOR('',#12183,1.);
#7316=VECTOR('',#12184,1.);
#7317=VECTOR('',#12187,1.);
#7318=VECTOR('',#12188,1.);
#7319=VECTOR('',#12189,1.);
#7320=VECTOR('',#12200,1.);
#7321=VECTOR('',#12201,1.);
#7322=VECTOR('',#12204,1.);
#7323=VECTOR('',#12207,1.);
#7324=VECTOR('',#12208,1.);
#7325=VECTOR('',#12211,1.);
#7326=VECTOR('',#12212,1.);
#7327=VECTOR('',#12215,1.);
#7328=VECTOR('',#12218,1.);
#7329=VECTOR('',#12221,1.);
#7330=VECTOR('',#12224,1.);
#7331=VECTOR('',#12225,1.);
#7332=VECTOR('',#12228,1.);
#7333=VECTOR('',#12229,1.);
#7334=VECTOR('',#12232,1.);
#7335=VECTOR('',#12235,1.);
#7336=VECTOR('',#12236,1.);
#7337=VECTOR('',#12241,1.);
#7338=VECTOR('',#12242,1.);
#7339=VECTOR('',#12245,1.);
#7340=VECTOR('',#12248,1.);
#7341=VECTOR('',#12251,1.);
#7342=VECTOR('',#12254,1.);
#7343=VECTOR('',#12257,1.);
#7344=VECTOR('',#12260,1.);
#7345=VECTOR('',#12263,1.);
#7346=VECTOR('',#12266,1.);
#7347=VECTOR('',#12269,1.);
#7348=VECTOR('',#12272,1.);
#7349=VECTOR('',#12275,1.);
#7350=VECTOR('',#12278,1.);
#7351=VECTOR('',#12281,1.);
#7352=VECTOR('',#12284,1.);
#7353=VECTOR('',#12287,1.);
#7354=VECTOR('',#12290,1.);
#7355=VECTOR('',#12293,1.);
#7356=VECTOR('',#12296,1.);
#7357=VECTOR('',#12299,1.);
#7358=VECTOR('',#12302,1.);
#7359=VECTOR('',#12305,1.);
#7360=VECTOR('',#12308,1.);
#7361=VECTOR('',#12311,1.);
#7362=VECTOR('',#12314,1.);
#7363=VECTOR('',#12317,1.);
#7364=VECTOR('',#12320,1.);
#7365=VECTOR('',#12325,1.);
#7366=VECTOR('',#12328,1.);
#7367=VECTOR('',#12331,1.);
#7368=VECTOR('',#12336,1.);
#7369=VECTOR('',#12337,1.);
#7370=VECTOR('',#12340,1.);
#7371=VECTOR('',#12345,1.);
#7372=VECTOR('',#12346,1.);
#7373=VECTOR('',#12349,1.);
#7374=VECTOR('',#12354,1.);
#7375=VECTOR('',#12355,1.);
#7376=VECTOR('',#12358,1.);
#7377=VECTOR('',#12363,1.);
#7378=VECTOR('',#12364,1.);
#7379=VECTOR('',#12367,1.);
#7380=VECTOR('',#12372,1.);
#7381=VECTOR('',#12377,1.);
#7382=VECTOR('',#12378,1.);
#7383=VECTOR('',#12381,1.);
#7384=VECTOR('',#12386,1.);
#7385=VECTOR('',#12387,1.);
#7386=VECTOR('',#12390,1.);
#7387=VECTOR('',#12395,1.);
#7388=VECTOR('',#12400,1.);
#7389=VECTOR('',#12405,1.);
#7390=VECTOR('',#12410,1.);
#7391=VECTOR('',#12413,1.);
#7392=VECTOR('',#12416,1.);
#7393=VECTOR('',#12417,1.);
#7394=VECTOR('',#12418,1.);
#7395=VECTOR('',#12421,1.);
#7396=VECTOR('',#12434,1.);
#7397=VECTOR('',#12437,1.);
#7398=VECTOR('',#12442,1.);
#7399=VECTOR('',#12443,1.);
#7400=VECTOR('',#12446,1.);
#7401=VECTOR('',#12451,1.);
#7402=VECTOR('',#12476,1.);
#7403=VECTOR('',#12481,1.);
#7404=VECTOR('',#12482,1.);
#7405=VECTOR('',#12487,1.);
#7406=VECTOR('',#12502,1.);
#7407=VECTOR('',#12507,1.);
#7408=VECTOR('',#12526,1.);
#7409=VECTOR('',#12527,1.);
#7410=VECTOR('',#12532,1.);
#7411=VECTOR('',#12533,1.);
#7412=VECTOR('',#12538,1.);
#7413=VECTOR('',#12543,1.);
#7414=VECTOR('',#12546,1.);
#7415=VECTOR('',#12547,1.);
#7416=VECTOR('',#12552,1.);
#7417=VECTOR('',#12553,1.);
#7418=VECTOR('',#12556,1.);
#7419=VECTOR('',#12561,1.);
#7420=VECTOR('',#12562,1.);
#7421=VECTOR('',#12563,1.);
#7422=VECTOR('',#12568,1.);
#7423=VECTOR('',#12569,1.);
#7424=VECTOR('',#12570,1.);
#7425=VECTOR('',#12571,1.);
#7426=VECTOR('',#12574,1.);
#7427=VECTOR('',#12577,1.);
#7428=VECTOR('',#12582,1.);
#7429=VECTOR('',#12585,1.);
#7430=VECTOR('',#12588,1.);
#7431=VECTOR('',#12593,1.);
#7432=VECTOR('',#12616,1.);
#7433=VECTOR('',#12637,1.);
#7434=VECTOR('',#12654,1.);
#7435=VECTOR('',#12665,1.);
#7436=VECTOR('',#12684,1.);
#7437=VECTOR('',#12699,1.);
#7438=VECTOR('',#12702,1.);
#7439=VECTOR('',#12707,1.);
#7440=VECTOR('',#12710,1.);
#7441=VECTOR('',#12715,1.);
#7442=VECTOR('',#12718,1.);
#7443=VECTOR('',#12721,1.);
#7444=VECTOR('',#12722,1.);
#7445=VECTOR('',#12727,1.);
#7446=VECTOR('',#12728,1.);
#7447=VECTOR('',#12731,1.);
#7448=VECTOR('',#12734,1.);
#7449=VECTOR('',#12739,1.);
#7450=VECTOR('',#12740,1.);
#7451=VECTOR('',#12743,1.);
#7452=VECTOR('',#12746,1.);
#7453=VECTOR('',#12751,1.);
#7454=VECTOR('',#12754,1.);
#7455=VECTOR('',#12759,1.);
#7456=VECTOR('',#12760,1.);
#7457=VECTOR('',#12763,1.);
#7458=VECTOR('',#12766,1.);
#7459=VECTOR('',#12771,1.);
#7460=VECTOR('',#12774,1.);
#7461=VECTOR('',#12777,1.);
#7462=VECTOR('',#12780,1.);
#7463=VECTOR('',#12783,1.);
#7464=VECTOR('',#12786,1.);
#7465=VECTOR('',#12789,1.);
#7466=VECTOR('',#12794,1.);
#7467=VECTOR('',#12799,1.);
#7468=VECTOR('',#12800,1.);
#7469=VECTOR('',#12801,1.);
#7470=VECTOR('',#12804,1.);
#7471=VECTOR('',#12805,1.);
#7472=VECTOR('',#12806,1.);
#7473=VECTOR('',#12811,1.);
#7474=VECTOR('',#12816,1.);
#7475=VECTOR('',#12817,1.);
#7476=VECTOR('',#12818,1.);
#7477=VECTOR('',#12839,1.);
#7478=VECTOR('',#12840,1.);
#7479=VECTOR('',#12841,1.);
#7480=VECTOR('',#12844,1.);
#7481=VECTOR('',#12849,1.);
#7482=VECTOR('',#12854,1.);
#7483=VECTOR('',#12855,1.);
#7484=VECTOR('',#12858,1.);
#7485=VECTOR('',#12859,1.);
#7486=VECTOR('',#12862,1.);
#7487=VECTOR('',#12863,1.);
#7488=VECTOR('',#12866,1.);
#7489=VECTOR('',#12871,1.);
#7490=VECTOR('',#12876,1.);
#7491=VECTOR('',#12877,1.);
#7492=VECTOR('',#12880,1.);
#7493=VECTOR('',#12881,1.);
#7494=VECTOR('',#12884,1.);
#7495=VECTOR('',#12885,1.);
#7496=VECTOR('',#12888,1.);
#7497=VECTOR('',#12893,1.);
#7498=VECTOR('',#12898,1.);
#7499=VECTOR('',#12899,1.);
#7500=VECTOR('',#12902,1.);
#7501=VECTOR('',#12907,1.);
#7502=VECTOR('',#12908,1.);
#7503=VECTOR('',#12911,1.);
#7504=VECTOR('',#12912,1.);
#7505=VECTOR('',#12915,1.);
#7506=VECTOR('',#12920,1.);
#7507=VECTOR('',#12925,1.);
#7508=VECTOR('',#12926,1.);
#7509=VECTOR('',#12929,1.);
#7510=VECTOR('',#12930,1.);
#7511=VECTOR('',#12939,1.);
#7512=VECTOR('',#12940,1.);
#7513=VECTOR('',#12941,1.);
#7514=VECTOR('',#12944,1.);
#7515=VECTOR('',#12949,1.);
#7516=VECTOR('',#12954,1.);
#7517=VECTOR('',#12955,1.);
#7518=VECTOR('',#12958,1.);
#7519=VECTOR('',#12963,1.);
#7520=VECTOR('',#12968,1.);
#7521=VECTOR('',#12969,1.);
#7522=VECTOR('',#12972,1.);
#7523=VECTOR('',#12973,1.);
#7524=VECTOR('',#12976,1.);
#7525=VECTOR('',#12981,1.);
#7526=VECTOR('',#12986,1.);
#7527=VECTOR('',#12991,1.);
#7528=VECTOR('',#12994,1.);
#7529=VECTOR('',#12997,1.);
#7530=VECTOR('',#13002,1.);
#7531=VECTOR('',#13009,1.);
#7532=VECTOR('',#13012,1.);
#7533=VECTOR('',#13017,1.);
#7534=VECTOR('',#13024,1.);
#7535=VECTOR('',#13045,1.);
#7536=VECTOR('',#13048,1.);
#7537=VECTOR('',#13053,1.);
#7538=VECTOR('',#13060,1.);
#7539=VECTOR('',#13079,1.);
#7540=VECTOR('',#13082,1.);
#7541=VECTOR('',#13085,1.);
#7542=VECTOR('',#13086,1.);
#7543=VECTOR('',#13089,1.);
#7544=VECTOR('',#13094,1.);
#7545=VECTOR('',#13099,1.);
#7546=VECTOR('',#13100,1.);
#7547=VECTOR('',#13109,1.);
#7548=VECTOR('',#13112,1.);
#7549=VECTOR('',#13115,1.);
#7550=VECTOR('',#13120,1.);
#7551=VECTOR('',#13127,1.);
#7552=VECTOR('',#13130,1.);
#7553=VECTOR('',#13135,1.);
#7554=VECTOR('',#13142,1.);
#7555=VECTOR('',#13163,1.);
#7556=VECTOR('',#13166,1.);
#7557=VECTOR('',#13171,1.);
#7558=VECTOR('',#13178,1.);
#7559=VECTOR('',#13197,1.);
#7560=VECTOR('',#13200,1.);
#7561=VECTOR('',#13203,1.);
#7562=VECTOR('',#13204,1.);
#7563=VECTOR('',#13207,1.);
#7564=VECTOR('',#13212,1.);
#7565=VECTOR('',#13217,1.);
#7566=VECTOR('',#13218,1.);
#7567=VECTOR('',#13227,1.);
#7568=VECTOR('',#13230,1.);
#7569=VECTOR('',#13233,1.);
#7570=VECTOR('',#13234,1.);
#7571=VECTOR('',#13237,1.);
#7572=VECTOR('',#13242,1.);
#7573=VECTOR('',#13247,1.);
#7574=VECTOR('',#13248,1.);
#7575=VECTOR('',#13257,1.);
#7576=VECTOR('',#13260,1.);
#7577=VECTOR('',#13263,1.);
#7578=VECTOR('',#13268,1.);
#7579=VECTOR('',#13275,1.);
#7580=VECTOR('',#13278,1.);
#7581=VECTOR('',#13283,1.);
#7582=VECTOR('',#13290,1.);
#7583=VECTOR('',#13309,1.);
#7584=VECTOR('',#13312,1.);
#7585=VECTOR('',#13315,1.);
#7586=VECTOR('',#13320,1.);
#7587=VECTOR('',#13327,1.);
#7588=VECTOR('',#13330,1.);
#7589=VECTOR('',#13335,1.);
#7590=VECTOR('',#13342,1.);
#7591=VECTOR('',#13361,1.);
#7592=VECTOR('',#13364,1.);
#7593=VECTOR('',#13367,1.);
#7594=VECTOR('',#13368,1.);
#7595=VECTOR('',#13371,1.);
#7596=VECTOR('',#13376,1.);
#7597=VECTOR('',#13381,1.);
#7598=VECTOR('',#13382,1.);
#7599=VECTOR('',#13389,1.);
#7600=VECTOR('',#13390,1.);
#7601=VECTOR('',#13393,1.);
#7602=VECTOR('',#13398,1.);
#7603=VECTOR('',#13399,1.);
#7604=VECTOR('',#13400,1.);
#7605=VECTOR('',#13403,1.);
#7606=VECTOR('',#13408,1.);
#7607=VECTOR('',#13409,1.);
#7608=VECTOR('',#13412,1.);
#7609=VECTOR('',#13413,1.);
#7610=VECTOR('',#13416,1.);
#7611=VECTOR('',#13421,1.);
#7612=VECTOR('',#13426,1.);
#7613=VECTOR('',#13431,1.);
#7614=VECTOR('',#13432,1.);
#7615=VECTOR('',#13433,1.);
#7616=VECTOR('',#13438,1.);
#7617=VECTOR('',#13443,1.);
#7618=VECTOR('',#13444,1.);
#7619=VECTOR('',#13455,1.);
#7620=VECTOR('',#13456,1.);
#7621=VECTOR('',#13457,1.);
#7622=VECTOR('',#13462,1.);
#7623=VECTOR('',#13467,1.);
#7624=VECTOR('',#13468,1.);
#7625=VECTOR('',#13477,1.);
#7626=VECTOR('',#13478,1.);
#7627=VECTOR('',#13479,1.);
#7628=VECTOR('',#13484,1.);
#7629=VECTOR('',#13489,1.);
#7630=VECTOR('',#13490,1.);
#7631=EDGE_LOOP('',(#801,#802,#803,#804,#805));
#7632=EDGE_LOOP('',(#806,#807,#808,#809,#810));
#7633=EDGE_LOOP('',(#811,#812,#813));
#7634=EDGE_LOOP('',(#814,#815,#816,#817,#818,#819));
#7635=EDGE_LOOP('',(#820,#821,#822));
#7636=EDGE_LOOP('',(#823,#824,#825,#826,#827,#828));
#7637=EDGE_LOOP('',(#829,#830,#831,#832));
#7638=EDGE_LOOP('',(#833,#834,#835,#836,#837,#838,#839,#840,#841,#842,#843));
#7639=EDGE_LOOP('',(#844,#845,#846,#847,#848,#849,#850,#851,#852,#853,#854,
#855,#856,#857,#858,#859,#860));
#7640=EDGE_LOOP('',(#861,#862,#863,#864,#865,#866,#867,#868,#869,#870,#871));
#7641=EDGE_LOOP('',(#872,#873,#874,#875,#876,#877,#878,#879,#880,#881,#882,
#883,#884,#885,#886,#887));
#7642=EDGE_LOOP('',(#888,#889,#890,#891,#892,#893,#894,#895,#896,#897,#898,
#899,#900,#901,#902,#903,#904));
#7643=EDGE_LOOP('',(#905,#906,#907,#908));
#7644=EDGE_LOOP('',(#909,#910,#911,#912));
#7645=EDGE_LOOP('',(#913,#914,#915,#916));
#7646=EDGE_LOOP('',(#917,#918,#919,#920,#921,#922,#923,#924,#925,#926,#927,
#928,#929,#930,#931,#932,#933,#934,#935,#936,#937,#938,#939,#940,#941,#942,
#943,#944));
#7647=EDGE_LOOP('',(#945,#946,#947,#948,#949,#950,#951,#952,#953,#954,#955,
#956,#957,#958,#959,#960));
#7648=EDGE_LOOP('',(#961,#962,#963,#964));
#7649=EDGE_LOOP('',(#965,#966,#967,#968));
#7650=EDGE_LOOP('',(#969,#970,#971,#972));
#7651=EDGE_LOOP('',(#973,#974,#975,#976));
#7652=EDGE_LOOP('',(#977,#978,#979,#980));
#7653=EDGE_LOOP('',(#981,#982,#983,#984));
#7654=EDGE_LOOP('',(#985,#986,#987,#988));
#7655=EDGE_LOOP('',(#989,#990,#991,#992));
#7656=EDGE_LOOP('',(#993,#994,#995,#996));
#7657=EDGE_LOOP('',(#997,#998,#999,#1000));
#7658=EDGE_LOOP('',(#1001,#1002,#1003,#1004));
#7659=EDGE_LOOP('',(#1005,#1006,#1007,#1008));
#7660=EDGE_LOOP('',(#1009,#1010,#1011,#1012));
#7661=EDGE_LOOP('',(#1013,#1014,#1015,#1016));
#7662=EDGE_LOOP('',(#1017,#1018,#1019,#1020));
#7663=EDGE_LOOP('',(#1021,#1022,#1023,#1024));
#7664=EDGE_LOOP('',(#1025,#1026,#1027,#1028));
#7665=EDGE_LOOP('',(#1029,#1030,#1031,#1032));
#7666=EDGE_LOOP('',(#1033,#1034,#1035,#1036));
#7667=EDGE_LOOP('',(#1037,#1038,#1039,#1040));
#7668=EDGE_LOOP('',(#1041,#1042,#1043,#1044));
#7669=EDGE_LOOP('',(#1045,#1046,#1047,#1048));
#7670=EDGE_LOOP('',(#1049,#1050,#1051,#1052));
#7671=EDGE_LOOP('',(#1053,#1054,#1055,#1056));
#7672=EDGE_LOOP('',(#1057,#1058,#1059,#1060));
#7673=EDGE_LOOP('',(#1061,#1062,#1063,#1064));
#7674=EDGE_LOOP('',(#1065,#1066,#1067,#1068));
#7675=EDGE_LOOP('',(#1069,#1070,#1071,#1072));
#7676=EDGE_LOOP('',(#1073,#1074,#1075,#1076));
#7677=EDGE_LOOP('',(#1077,#1078,#1079,#1080));
#7678=EDGE_LOOP('',(#1081,#1082,#1083,#1084));
#7679=EDGE_LOOP('',(#1085,#1086,#1087,#1088));
#7680=EDGE_LOOP('',(#1089,#1090,#1091,#1092));
#7681=EDGE_LOOP('',(#1093,#1094,#1095,#1096,#1097,#1098,#1099,#1100,#1101,
#1102,#1103,#1104,#1105,#1106,#1107,#1108,#1109,#1110,#1111,#1112,#1113,
#1114,#1115,#1116,#1117,#1118,#1119,#1120));
#7682=EDGE_LOOP('',(#1121,#1122,#1123,#1124,#1125,#1126,#1127,#1128,#1129,
#1130,#1131,#1132,#1133,#1134,#1135,#1136,#1137,#1138,#1139,#1140,#1141,
#1142,#1143,#1144,#1145,#1146,#1147,#1148,#1149,#1150,#1151,#1152,#1153));
#7683=EDGE_LOOP('',(#1154,#1155,#1156,#1157,#1158,#1159,#1160,#1161,#1162,
#1163,#1164,#1165,#1166,#1167,#1168,#1169,#1170,#1171,#1172,#1173,#1174,
#1175,#1176,#1177,#1178,#1179,#1180,#1181,#1182,#1183,#1184,#1185,#1186));
#7684=EDGE_LOOP('',(#1187,#1188,#1189,#1190));
#7685=EDGE_LOOP('',(#1191,#1192,#1193,#1194));
#7686=EDGE_LOOP('',(#1195,#1196,#1197,#1198));
#7687=EDGE_LOOP('',(#1199,#1200,#1201,#1202));
#7688=EDGE_LOOP('',(#1203,#1204,#1205,#1206));
#7689=EDGE_LOOP('',(#1207,#1208,#1209,#1210));
#7690=EDGE_LOOP('',(#1211,#1212,#1213,#1214));
#7691=EDGE_LOOP('',(#1215,#1216,#1217,#1218));
#7692=EDGE_LOOP('',(#1219,#1220,#1221,#1222));
#7693=EDGE_LOOP('',(#1223,#1224,#1225,#1226));
#7694=EDGE_LOOP('',(#1227,#1228,#1229,#1230));
#7695=EDGE_LOOP('',(#1231,#1232,#1233,#1234));
#7696=EDGE_LOOP('',(#1235,#1236,#1237,#1238));
#7697=EDGE_LOOP('',(#1239,#1240,#1241,#1242));
#7698=EDGE_LOOP('',(#1243,#1244,#1245,#1246));
#7699=EDGE_LOOP('',(#1247,#1248,#1249,#1250));
#7700=EDGE_LOOP('',(#1251,#1252,#1253,#1254));
#7701=EDGE_LOOP('',(#1255,#1256,#1257,#1258));
#7702=EDGE_LOOP('',(#1259,#1260,#1261,#1262));
#7703=EDGE_LOOP('',(#1263,#1264,#1265,#1266));
#7704=EDGE_LOOP('',(#1267,#1268,#1269,#1270));
#7705=EDGE_LOOP('',(#1271,#1272,#1273,#1274));
#7706=EDGE_LOOP('',(#1275,#1276,#1277,#1278));
#7707=EDGE_LOOP('',(#1279,#1280,#1281,#1282));
#7708=EDGE_LOOP('',(#1283,#1284,#1285,#1286));
#7709=EDGE_LOOP('',(#1287,#1288,#1289,#1290));
#7710=EDGE_LOOP('',(#1291,#1292,#1293,#1294));
#7711=EDGE_LOOP('',(#1295,#1296,#1297,#1298));
#7712=EDGE_LOOP('',(#1299,#1300,#1301,#1302));
#7713=EDGE_LOOP('',(#1303,#1304,#1305,#1306));
#7714=EDGE_LOOP('',(#1307,#1308,#1309,#1310));
#7715=EDGE_LOOP('',(#1311,#1312,#1313,#1314));
#7716=EDGE_LOOP('',(#1315,#1316,#1317,#1318));
#7717=EDGE_LOOP('',(#1319,#1320,#1321,#1322));
#7718=EDGE_LOOP('',(#1323,#1324,#1325,#1326));
#7719=EDGE_LOOP('',(#1327,#1328,#1329,#1330));
#7720=EDGE_LOOP('',(#1331,#1332,#1333,#1334));
#7721=EDGE_LOOP('',(#1335,#1336,#1337,#1338));
#7722=EDGE_LOOP('',(#1339,#1340,#1341,#1342));
#7723=EDGE_LOOP('',(#1343,#1344,#1345,#1346));
#7724=EDGE_LOOP('',(#1347,#1348,#1349,#1350));
#7725=EDGE_LOOP('',(#1351,#1352,#1353,#1354));
#7726=EDGE_LOOP('',(#1355,#1356,#1357,#1358));
#7727=EDGE_LOOP('',(#1359,#1360,#1361,#1362));
#7728=EDGE_LOOP('',(#1363,#1364,#1365,#1366));
#7729=EDGE_LOOP('',(#1367,#1368,#1369,#1370));
#7730=EDGE_LOOP('',(#1371,#1372,#1373,#1374,#1375,#1376,#1377,#1378,#1379,
#1380,#1381,#1382,#1383,#1384,#1385,#1386,#1387,#1388,#1389,#1390,#1391,
#1392,#1393,#1394));
#7731=EDGE_LOOP('',(#1395,#1396,#1397,#1398,#1399,#1400,#1401,#1402,#1403,
#1404,#1405,#1406,#1407,#1408,#1409,#1410));
#7732=EDGE_LOOP('',(#1411));
#7733=EDGE_LOOP('',(#1412));
#7734=EDGE_LOOP('',(#1413,#1414,#1415,#1416));
#7735=EDGE_LOOP('',(#1417,#1418,#1419,#1420));
#7736=EDGE_LOOP('',(#1421,#1422,#1423,#1424));
#7737=EDGE_LOOP('',(#1425,#1426,#1427,#1428));
#7738=EDGE_LOOP('',(#1429,#1430,#1431,#1432));
#7739=EDGE_LOOP('',(#1433,#1434,#1435,#1436));
#7740=EDGE_LOOP('',(#1437,#1438,#1439,#1440));
#7741=EDGE_LOOP('',(#1441));
#7742=EDGE_LOOP('',(#1442,#1443,#1444,#1445));
#7743=EDGE_LOOP('',(#1446));
#7744=EDGE_LOOP('',(#1447));
#7745=EDGE_LOOP('',(#1448));
#7746=EDGE_LOOP('',(#1449));
#7747=EDGE_LOOP('',(#1450,#1451,#1452,#1453));
#7748=EDGE_LOOP('',(#1454));
#7749=EDGE_LOOP('',(#1455,#1456,#1457,#1458));
#7750=EDGE_LOOP('',(#1459,#1460,#1461,#1462));
#7751=EDGE_LOOP('',(#1463,#1464,#1465,#1466));
#7752=EDGE_LOOP('',(#1467,#1468,#1469,#1470));
#7753=EDGE_LOOP('',(#1471,#1472,#1473,#1474));
#7754=EDGE_LOOP('',(#1475,#1476,#1477,#1478));
#7755=EDGE_LOOP('',(#1479,#1480,#1481,#1482));
#7756=EDGE_LOOP('',(#1483,#1484,#1485,#1486));
#7757=EDGE_LOOP('',(#1487,#1488,#1489,#1490));
#7758=EDGE_LOOP('',(#1491,#1492,#1493,#1494));
#7759=EDGE_LOOP('',(#1495,#1496,#1497,#1498));
#7760=EDGE_LOOP('',(#1499,#1500,#1501,#1502));
#7761=EDGE_LOOP('',(#1503,#1504,#1505,#1506));
#7762=EDGE_LOOP('',(#1507,#1508,#1509,#1510));
#7763=EDGE_LOOP('',(#1511,#1512,#1513,#1514,#1515,#1516,#1517,#1518,#1519,
#1520,#1521,#1522,#1523,#1524,#1525,#1526,#1527,#1528,#1529,#1530));
#7764=EDGE_LOOP('',(#1531));
#7765=EDGE_LOOP('',(#1532,#1533,#1534,#1535,#1536));
#7766=EDGE_LOOP('',(#1537));
#7767=EDGE_LOOP('',(#1538,#1539,#1540,#1541,#1542));
#7768=EDGE_LOOP('',(#1543));
#7769=EDGE_LOOP('',(#1544,#1545,#1546,#1547,#1548));
#7770=EDGE_LOOP('',(#1549));
#7771=EDGE_LOOP('',(#1550,#1551,#1552,#1553,#1554));
#7772=EDGE_LOOP('',(#1555,#1556,#1557,#1558));
#7773=EDGE_LOOP('',(#1559,#1560,#1561,#1562));
#7774=EDGE_LOOP('',(#1563,#1564,#1565,#1566));
#7775=EDGE_LOOP('',(#1567,#1568,#1569,#1570));
#7776=EDGE_LOOP('',(#1571,#1572,#1573,#1574));
#7777=EDGE_LOOP('',(#1575,#1576,#1577,#1578));
#7778=EDGE_LOOP('',(#1579,#1580,#1581,#1582));
#7779=EDGE_LOOP('',(#1583,#1584,#1585,#1586));
#7780=EDGE_LOOP('',(#1587,#1588,#1589,#1590));
#7781=EDGE_LOOP('',(#1591,#1592,#1593,#1594));
#7782=EDGE_LOOP('',(#1595,#1596,#1597,#1598));
#7783=EDGE_LOOP('',(#1599,#1600,#1601,#1602));
#7784=EDGE_LOOP('',(#1603,#1604,#1605,#1606));
#7785=EDGE_LOOP('',(#1607,#1608,#1609,#1610,#1611));
#7786=EDGE_LOOP('',(#1612,#1613,#1614,#1615,#1616,#1617));
#7787=EDGE_LOOP('',(#1618,#1619,#1620,#1621));
#7788=EDGE_LOOP('',(#1622,#1623,#1624,#1625,#1626));
#7789=EDGE_LOOP('',(#1627,#1628,#1629,#1630,#1631));
#7790=EDGE_LOOP('',(#1632,#1633,#1634,#1635,#1636));
#7791=EDGE_LOOP('',(#1637,#1638,#1639,#1640));
#7792=EDGE_LOOP('',(#1641,#1642,#1643,#1644));
#7793=EDGE_LOOP('',(#1645,#1646,#1647,#1648));
#7794=EDGE_LOOP('',(#1649,#1650,#1651,#1652));
#7795=EDGE_LOOP('',(#1653,#1654,#1655,#1656));
#7796=EDGE_LOOP('',(#1657,#1658,#1659,#1660));
#7797=EDGE_LOOP('',(#1661,#1662,#1663,#1664));
#7798=EDGE_LOOP('',(#1665,#1666,#1667,#1668));
#7799=EDGE_LOOP('',(#1669,#1670,#1671,#1672));
#7800=EDGE_LOOP('',(#1673,#1674,#1675,#1676));
#7801=EDGE_LOOP('',(#1677,#1678,#1679,#1680));
#7802=EDGE_LOOP('',(#1681,#1682,#1683,#1684));
#7803=EDGE_LOOP('',(#1685,#1686,#1687,#1688,#1689,#1690,#1691,#1692,#1693,
#1694,#1695));
#7804=EDGE_LOOP('',(#1696,#1697,#1698,#1699));
#7805=EDGE_LOOP('',(#1700,#1701,#1702,#1703));
#7806=EDGE_LOOP('',(#1704,#1705,#1706,#1707));
#7807=EDGE_LOOP('',(#1708,#1709,#1710,#1711));
#7808=EDGE_LOOP('',(#1712,#1713,#1714,#1715));
#7809=EDGE_LOOP('',(#1716,#1717,#1718,#1719));
#7810=EDGE_LOOP('',(#1720,#1721,#1722,#1723));
#7811=EDGE_LOOP('',(#1724,#1725,#1726,#1727));
#7812=EDGE_LOOP('',(#1728,#1729,#1730,#1731));
#7813=EDGE_LOOP('',(#1732,#1733,#1734,#1735));
#7814=EDGE_LOOP('',(#1736,#1737,#1738,#1739));
#7815=EDGE_LOOP('',(#1740,#1741,#1742,#1743));
#7816=EDGE_LOOP('',(#1744,#1745,#1746,#1747));
#7817=EDGE_LOOP('',(#1748,#1749,#1750,#1751));
#7818=EDGE_LOOP('',(#1752,#1753,#1754,#1755));
#7819=EDGE_LOOP('',(#1756,#1757,#1758,#1759));
#7820=EDGE_LOOP('',(#1760,#1761,#1762,#1763));
#7821=EDGE_LOOP('',(#1764,#1765,#1766,#1767,#1768,#1769,#1770,#1771,#1772,
#1773,#1774,#1775,#1776,#1777,#1778,#1779,#1780));
#7822=EDGE_LOOP('',(#1781,#1782,#1783,#1784));
#7823=EDGE_LOOP('',(#1785,#1786,#1787,#1788));
#7824=EDGE_LOOP('',(#1789,#1790,#1791,#1792));
#7825=EDGE_LOOP('',(#1793,#1794,#1795,#1796));
#7826=EDGE_LOOP('',(#1797,#1798,#1799,#1800));
#7827=EDGE_LOOP('',(#1801,#1802,#1803,#1804));
#7828=EDGE_LOOP('',(#1805,#1806,#1807,#1808));
#7829=EDGE_LOOP('',(#1809,#1810,#1811,#1812));
#7830=EDGE_LOOP('',(#1813,#1814,#1815,#1816));
#7831=EDGE_LOOP('',(#1817,#1818,#1819,#1820));
#7832=EDGE_LOOP('',(#1821,#1822,#1823,#1824));
#7833=EDGE_LOOP('',(#1825,#1826,#1827,#1828));
#7834=EDGE_LOOP('',(#1829,#1830,#1831,#1832));
#7835=EDGE_LOOP('',(#1833,#1834,#1835,#1836));
#7836=EDGE_LOOP('',(#1837,#1838,#1839,#1840));
#7837=EDGE_LOOP('',(#1841,#1842,#1843,#1844));
#7838=EDGE_LOOP('',(#1845,#1846,#1847,#1848));
#7839=EDGE_LOOP('',(#1849,#1850,#1851,#1852,#1853,#1854,#1855,#1856,#1857,
#1858,#1859,#1860,#1861,#1862,#1863,#1864,#1865));
#7840=EDGE_LOOP('',(#1866,#1867,#1868,#1869));
#7841=EDGE_LOOP('',(#1870,#1871,#1872,#1873));
#7842=EDGE_LOOP('',(#1874,#1875,#1876,#1877));
#7843=EDGE_LOOP('',(#1878,#1879,#1880,#1881));
#7844=EDGE_LOOP('',(#1882,#1883,#1884,#1885));
#7845=EDGE_LOOP('',(#1886,#1887,#1888,#1889));
#7846=EDGE_LOOP('',(#1890,#1891,#1892,#1893));
#7847=EDGE_LOOP('',(#1894,#1895,#1896,#1897));
#7848=EDGE_LOOP('',(#1898,#1899,#1900,#1901));
#7849=EDGE_LOOP('',(#1902,#1903,#1904,#1905));
#7850=EDGE_LOOP('',(#1906,#1907,#1908,#1909));
#7851=EDGE_LOOP('',(#1910,#1911,#1912,#1913,#1914,#1915,#1916,#1917,#1918,
#1919,#1920));
#7852=EDGE_LOOP('',(#1921,#1922,#1923,#1924));
#7853=EDGE_LOOP('',(#1925,#1926,#1927,#1928));
#7854=EDGE_LOOP('',(#1929,#1930,#1931,#1932));
#7855=EDGE_LOOP('',(#1933,#1934,#1935,#1936));
#7856=EDGE_LOOP('',(#1937,#1938,#1939,#1940));
#7857=EDGE_LOOP('',(#1941,#1942,#1943,#1944));
#7858=EDGE_LOOP('',(#1945,#1946,#1947,#1948));
#7859=EDGE_LOOP('',(#1949,#1950,#1951,#1952));
#7860=EDGE_LOOP('',(#1953,#1954,#1955,#1956));
#7861=EDGE_LOOP('',(#1957,#1958,#1959,#1960));
#7862=EDGE_LOOP('',(#1961,#1962,#1963,#1964));
#7863=EDGE_LOOP('',(#1965,#1966,#1967,#1968));
#7864=EDGE_LOOP('',(#1969,#1970,#1971,#1972));
#7865=EDGE_LOOP('',(#1973,#1974,#1975,#1976));
#7866=EDGE_LOOP('',(#1977,#1978,#1979,#1980));
#7867=EDGE_LOOP('',(#1981,#1982,#1983,#1984));
#7868=EDGE_LOOP('',(#1985,#1986,#1987,#1988,#1989,#1990));
#7869=EDGE_LOOP('',(#1991,#1992,#1993,#1994));
#7870=EDGE_LOOP('',(#1995,#1996,#1997,#1998));
#7871=EDGE_LOOP('',(#1999,#2000,#2001,#2002));
#7872=EDGE_LOOP('',(#2003,#2004,#2005,#2006));
#7873=EDGE_LOOP('',(#2007,#2008,#2009,#2010));
#7874=EDGE_LOOP('',(#2011));
#7875=EDGE_LOOP('',(#2012,#2013,#2014,#2015,#2016));
#7876=EDGE_LOOP('',(#2017));
#7877=EDGE_LOOP('',(#2018,#2019,#2020,#2021,#2022));
#7878=EDGE_LOOP('',(#2023,#2024,#2025,#2026));
#7879=EDGE_LOOP('',(#2027,#2028,#2029,#2030));
#7880=EDGE_LOOP('',(#2031,#2032,#2033,#2034));
#7881=EDGE_LOOP('',(#2035,#2036,#2037,#2038));
#7882=EDGE_LOOP('',(#2039));
#7883=EDGE_LOOP('',(#2040,#2041,#2042,#2043,#2044));
#7884=EDGE_LOOP('',(#2045));
#7885=EDGE_LOOP('',(#2046,#2047,#2048,#2049,#2050));
#7886=EDGE_LOOP('',(#2051));
#7887=EDGE_LOOP('',(#2052));
#7888=EDGE_LOOP('',(#2053));
#7889=EDGE_LOOP('',(#2054));
#7890=EDGE_LOOP('',(#2055));
#7891=EDGE_LOOP('',(#2056));
#7892=EDGE_LOOP('',(#2057));
#7893=EDGE_LOOP('',(#2058));
#7894=EDGE_LOOP('',(#2059,#2060,#2061,#2062,#2063));
#7895=EDGE_LOOP('',(#2064,#2065,#2066,#2067,#2068));
#7896=EDGE_LOOP('',(#2069,#2070,#2071,#2072,#2073));
#7897=EDGE_LOOP('',(#2074,#2075,#2076,#2077,#2078));
#7898=EDGE_LOOP('',(#2079,#2080,#2081,#2082));
#7899=EDGE_LOOP('',(#2083,#2084,#2085,#2086));
#7900=EDGE_LOOP('',(#2087,#2088,#2089,#2090));
#7901=EDGE_LOOP('',(#2091,#2092,#2093,#2094));
#7902=EDGE_LOOP('',(#2095,#2096,#2097,#2098));
#7903=EDGE_LOOP('',(#2099,#2100,#2101,#2102));
#7904=EDGE_LOOP('',(#2103,#2104,#2105,#2106));
#7905=EDGE_LOOP('',(#2107,#2108,#2109,#2110,#2111,#2112,#2113,#2114));
#7906=EDGE_LOOP('',(#2115,#2116,#2117,#2118,#2119,#2120,#2121,#2122,#2123,
#2124,#2125,#2126,#2127,#2128,#2129,#2130,#2131,#2132,#2133,#2134,#2135,
#2136,#2137,#2138,#2139,#2140,#2141,#2142));
#7907=EDGE_LOOP('',(#2143,#2144,#2145,#2146,#2147,#2148,#2149,#2150,#2151,
#2152,#2153,#2154,#2155,#2156,#2157,#2158));
#7908=EDGE_LOOP('',(#2159,#2160,#2161,#2162));
#7909=EDGE_LOOP('',(#2163,#2164,#2165,#2166));
#7910=EDGE_LOOP('',(#2167,#2168,#2169,#2170));
#7911=EDGE_LOOP('',(#2171,#2172,#2173,#2174));
#7912=EDGE_LOOP('',(#2175,#2176,#2177,#2178));
#7913=EDGE_LOOP('',(#2179,#2180,#2181,#2182));
#7914=EDGE_LOOP('',(#2183,#2184,#2185,#2186));
#7915=EDGE_LOOP('',(#2187,#2188,#2189,#2190));
#7916=EDGE_LOOP('',(#2191,#2192,#2193,#2194));
#7917=EDGE_LOOP('',(#2195,#2196,#2197,#2198));
#7918=EDGE_LOOP('',(#2199,#2200,#2201,#2202));
#7919=EDGE_LOOP('',(#2203,#2204,#2205,#2206));
#7920=EDGE_LOOP('',(#2207,#2208,#2209,#2210));
#7921=EDGE_LOOP('',(#2211,#2212,#2213,#2214));
#7922=EDGE_LOOP('',(#2215,#2216,#2217,#2218));
#7923=EDGE_LOOP('',(#2219,#2220,#2221,#2222));
#7924=EDGE_LOOP('',(#2223,#2224,#2225,#2226));
#7925=EDGE_LOOP('',(#2227,#2228,#2229,#2230));
#7926=EDGE_LOOP('',(#2231,#2232,#2233,#2234));
#7927=EDGE_LOOP('',(#2235,#2236,#2237,#2238));
#7928=EDGE_LOOP('',(#2239,#2240,#2241,#2242));
#7929=EDGE_LOOP('',(#2243,#2244,#2245,#2246));
#7930=EDGE_LOOP('',(#2247,#2248,#2249,#2250));
#7931=EDGE_LOOP('',(#2251,#2252,#2253,#2254));
#7932=EDGE_LOOP('',(#2255,#2256,#2257,#2258));
#7933=EDGE_LOOP('',(#2259,#2260,#2261,#2262));
#7934=EDGE_LOOP('',(#2263,#2264,#2265,#2266));
#7935=EDGE_LOOP('',(#2267,#2268,#2269,#2270));
#7936=EDGE_LOOP('',(#2271,#2272,#2273,#2274));
#7937=EDGE_LOOP('',(#2275,#2276,#2277,#2278));
#7938=EDGE_LOOP('',(#2279,#2280,#2281,#2282));
#7939=EDGE_LOOP('',(#2283,#2284,#2285,#2286));
#7940=EDGE_LOOP('',(#2287,#2288,#2289,#2290));
#7941=EDGE_LOOP('',(#2291,#2292,#2293,#2294,#2295,#2296,#2297,#2298,#2299,
#2300,#2301,#2302,#2303,#2304,#2305,#2306,#2307,#2308,#2309,#2310,#2311,
#2312,#2313,#2314,#2315,#2316,#2317,#2318));
#7942=EDGE_LOOP('',(#2319,#2320,#2321,#2322,#2323,#2324,#2325,#2326,#2327,
#2328,#2329,#2330,#2331,#2332,#2333,#2334,#2335,#2336,#2337,#2338,#2339,
#2340,#2341,#2342,#2343,#2344,#2345,#2346,#2347,#2348,#2349,#2350,#2351));
#7943=EDGE_LOOP('',(#2352,#2353,#2354,#2355,#2356,#2357,#2358,#2359,#2360,
#2361,#2362,#2363,#2364,#2365,#2366,#2367,#2368,#2369,#2370,#2371,#2372,
#2373,#2374,#2375,#2376,#2377,#2378,#2379,#2380,#2381,#2382,#2383,#2384));
#7944=EDGE_LOOP('',(#2385,#2386,#2387,#2388));
#7945=EDGE_LOOP('',(#2389,#2390,#2391,#2392));
#7946=EDGE_LOOP('',(#2393,#2394,#2395,#2396));
#7947=EDGE_LOOP('',(#2397,#2398,#2399,#2400));
#7948=EDGE_LOOP('',(#2401,#2402,#2403,#2404));
#7949=EDGE_LOOP('',(#2405,#2406,#2407,#2408));
#7950=EDGE_LOOP('',(#2409,#2410,#2411,#2412));
#7951=EDGE_LOOP('',(#2413,#2414,#2415,#2416));
#7952=EDGE_LOOP('',(#2417,#2418,#2419,#2420));
#7953=EDGE_LOOP('',(#2421,#2422,#2423,#2424));
#7954=EDGE_LOOP('',(#2425,#2426,#2427,#2428));
#7955=EDGE_LOOP('',(#2429,#2430,#2431,#2432));
#7956=EDGE_LOOP('',(#2433,#2434,#2435,#2436));
#7957=EDGE_LOOP('',(#2437,#2438,#2439,#2440));
#7958=EDGE_LOOP('',(#2441,#2442,#2443,#2444));
#7959=EDGE_LOOP('',(#2445,#2446,#2447,#2448));
#7960=EDGE_LOOP('',(#2449,#2450,#2451,#2452));
#7961=EDGE_LOOP('',(#2453,#2454,#2455,#2456));
#7962=EDGE_LOOP('',(#2457,#2458,#2459,#2460));
#7963=EDGE_LOOP('',(#2461,#2462,#2463,#2464));
#7964=EDGE_LOOP('',(#2465,#2466,#2467,#2468));
#7965=EDGE_LOOP('',(#2469,#2470,#2471,#2472));
#7966=EDGE_LOOP('',(#2473,#2474,#2475,#2476));
#7967=EDGE_LOOP('',(#2477,#2478,#2479,#2480));
#7968=EDGE_LOOP('',(#2481,#2482,#2483,#2484));
#7969=EDGE_LOOP('',(#2485,#2486,#2487,#2488));
#7970=EDGE_LOOP('',(#2489,#2490,#2491,#2492));
#7971=EDGE_LOOP('',(#2493,#2494,#2495,#2496));
#7972=EDGE_LOOP('',(#2497,#2498,#2499,#2500));
#7973=EDGE_LOOP('',(#2501,#2502,#2503,#2504));
#7974=EDGE_LOOP('',(#2505,#2506,#2507,#2508));
#7975=EDGE_LOOP('',(#2509,#2510,#2511,#2512));
#7976=EDGE_LOOP('',(#2513,#2514,#2515,#2516));
#7977=EDGE_LOOP('',(#2517,#2518,#2519,#2520));
#7978=EDGE_LOOP('',(#2521,#2522,#2523,#2524));
#7979=EDGE_LOOP('',(#2525,#2526,#2527,#2528));
#7980=EDGE_LOOP('',(#2529,#2530,#2531,#2532));
#7981=EDGE_LOOP('',(#2533,#2534,#2535,#2536));
#7982=EDGE_LOOP('',(#2537,#2538,#2539,#2540));
#7983=EDGE_LOOP('',(#2541,#2542,#2543,#2544));
#7984=EDGE_LOOP('',(#2545,#2546,#2547,#2548));
#7985=EDGE_LOOP('',(#2549,#2550,#2551,#2552));
#7986=EDGE_LOOP('',(#2553,#2554,#2555,#2556));
#7987=EDGE_LOOP('',(#2557,#2558,#2559,#2560));
#7988=EDGE_LOOP('',(#2561,#2562,#2563,#2564,#2565,#2566,#2567,#2568,#2569,
#2570,#2571,#2572,#2573,#2574,#2575,#2576,#2577,#2578,#2579,#2580));
#7989=EDGE_LOOP('',(#2581,#2582,#2583,#2584,#2585,#2586,#2587,#2588,#2589,
#2590,#2591,#2592,#2593,#2594,#2595,#2596));
#7990=EDGE_LOOP('',(#2597));
#7991=EDGE_LOOP('',(#2598));
#7992=EDGE_LOOP('',(#2599,#2600,#2601,#2602,#2603,#2604,#2605,#2606,#2607,
#2608));
#7993=EDGE_LOOP('',(#2609,#2610,#2611,#2612,#2613,#2614));
#7994=EDGE_LOOP('',(#2615,#2616,#2617,#2618));
#7995=EDGE_LOOP('',(#2619,#2620,#2621,#2622));
#7996=EDGE_LOOP('',(#2623,#2624,#2625,#2626,#2627,#2628));
#7997=EDGE_LOOP('',(#2629,#2630,#2631,#2632,#2633,#2634));
#7998=EDGE_LOOP('',(#2635));
#7999=EDGE_LOOP('',(#2636,#2637,#2638,#2639));
#8000=EDGE_LOOP('',(#2640,#2641,#2642,#2643,#2644,#2645));
#8001=EDGE_LOOP('',(#2646));
#8002=EDGE_LOOP('',(#2647,#2648,#2649,#2650));
#8003=EDGE_LOOP('',(#2651,#2652,#2653,#2654,#2655,#2656,#2657,#2658,#2659,
#2660,#2661));
#8004=EDGE_LOOP('',(#2662,#2663,#2664,#2665,#2666,#2667,#2668,#2669,#2670,
#2671,#2672,#2673,#2674,#2675,#2676,#2677,#2678,#2679,#2680,#2681,#2682,
#2683));
#8005=EDGE_LOOP('',(#2684,#2685,#2686,#2687,#2688,#2689,#2690,#2691,#2692,
#2693,#2694,#2695,#2696,#2697,#2698,#2699));
#8006=EDGE_LOOP('',(#2700));
#8007=EDGE_LOOP('',(#2701));
#8008=EDGE_LOOP('',(#2702));
#8009=EDGE_LOOP('',(#2703));
#8010=EDGE_LOOP('',(#2704));
#8011=EDGE_LOOP('',(#2705));
#8012=EDGE_LOOP('',(#2706,#2707,#2708,#2709));
#8013=EDGE_LOOP('',(#2710,#2711,#2712,#2713));
#8014=EDGE_LOOP('',(#2714,#2715,#2716,#2717));
#8015=EDGE_LOOP('',(#2718,#2719,#2720,#2721));
#8016=EDGE_LOOP('',(#2722,#2723,#2724,#2725));
#8017=EDGE_LOOP('',(#2726,#2727,#2728,#2729));
#8018=EDGE_LOOP('',(#2730,#2731,#2732,#2733));
#8019=EDGE_LOOP('',(#2734,#2735,#2736,#2737));
#8020=EDGE_LOOP('',(#2738,#2739,#2740,#2741));
#8021=EDGE_LOOP('',(#2742,#2743,#2744,#2745));
#8022=EDGE_LOOP('',(#2746,#2747,#2748,#2749));
#8023=EDGE_LOOP('',(#2750,#2751,#2752,#2753));
#8024=EDGE_LOOP('',(#2754,#2755,#2756,#2757));
#8025=EDGE_LOOP('',(#2758,#2759,#2760,#2761));
#8026=EDGE_LOOP('',(#2762,#2763,#2764,#2765));
#8027=EDGE_LOOP('',(#2766,#2767,#2768,#2769));
#8028=EDGE_LOOP('',(#2770,#2771,#2772,#2773));
#8029=EDGE_LOOP('',(#2774,#2775,#2776,#2777));
#8030=EDGE_LOOP('',(#2778,#2779,#2780,#2781));
#8031=EDGE_LOOP('',(#2782,#2783,#2784,#2785));
#8032=EDGE_LOOP('',(#2786,#2787,#2788,#2789));
#8033=EDGE_LOOP('',(#2790,#2791,#2792,#2793));
#8034=EDGE_LOOP('',(#2794,#2795,#2796,#2797));
#8035=EDGE_LOOP('',(#2798));
#8036=EDGE_LOOP('',(#2799,#2800,#2801,#2802));
#8037=EDGE_LOOP('',(#2803));
#8038=EDGE_LOOP('',(#2804,#2805,#2806,#2807));
#8039=EDGE_LOOP('',(#2808,#2809,#2810,#2811));
#8040=EDGE_LOOP('',(#2812,#2813,#2814,#2815));
#8041=EDGE_LOOP('',(#2816));
#8042=EDGE_LOOP('',(#2817,#2818,#2819,#2820));
#8043=EDGE_LOOP('',(#2821,#2822,#2823,#2824));
#8044=EDGE_LOOP('',(#2825));
#8045=EDGE_LOOP('',(#2826,#2827,#2828,#2829));
#8046=EDGE_LOOP('',(#2830,#2831,#2832,#2833));
#8047=EDGE_LOOP('',(#2834,#2835,#2836,#2837));
#8048=EDGE_LOOP('',(#2838,#2839,#2840,#2841));
#8049=EDGE_LOOP('',(#2842,#2843,#2844,#2845));
#8050=EDGE_LOOP('',(#2846,#2847,#2848,#2849));
#8051=EDGE_LOOP('',(#2850,#2851,#2852,#2853));
#8052=EDGE_LOOP('',(#2854,#2855,#2856,#2857));
#8053=EDGE_LOOP('',(#2858,#2859,#2860,#2861));
#8054=EDGE_LOOP('',(#2862,#2863,#2864,#2865));
#8055=EDGE_LOOP('',(#2866,#2867,#2868,#2869));
#8056=EDGE_LOOP('',(#2870,#2871,#2872,#2873));
#8057=EDGE_LOOP('',(#2874,#2875,#2876,#2877));
#8058=EDGE_LOOP('',(#2878,#2879,#2880,#2881));
#8059=EDGE_LOOP('',(#2882,#2883,#2884,#2885));
#8060=EDGE_LOOP('',(#2886,#2887,#2888,#2889));
#8061=EDGE_LOOP('',(#2890,#2891,#2892,#2893));
#8062=EDGE_LOOP('',(#2894,#2895,#2896,#2897));
#8063=EDGE_LOOP('',(#2898,#2899,#2900,#2901));
#8064=EDGE_LOOP('',(#2902,#2903,#2904,#2905));
#8065=EDGE_LOOP('',(#2906,#2907,#2908,#2909));
#8066=EDGE_LOOP('',(#2910,#2911,#2912,#2913,#2914,#2915,#2916));
#8067=EDGE_LOOP('',(#2917,#2918,#2919,#2920,#2921,#2922,#2923));
#8068=EDGE_LOOP('',(#2924,#2925));
#8069=EDGE_LOOP('',(#2926,#2927));
#8070=EDGE_LOOP('',(#2928,#2929,#2930,#2931));
#8071=EDGE_LOOP('',(#2932,#2933,#2934,#2935));
#8072=EDGE_LOOP('',(#2936,#2937,#2938,#2939));
#8073=EDGE_LOOP('',(#2940,#2941,#2942,#2943));
#8074=EDGE_LOOP('',(#2944,#2945,#2946,#2947));
#8075=EDGE_LOOP('',(#2948,#2949,#2950,#2951));
#8076=EDGE_LOOP('',(#2952,#2953,#2954,#2955));
#8077=EDGE_LOOP('',(#2956,#2957,#2958,#2959));
#8078=EDGE_LOOP('',(#2960,#2961,#2962,#2963));
#8079=EDGE_LOOP('',(#2964,#2965,#2966,#2967));
#8080=EDGE_LOOP('',(#2968,#2969,#2970,#2971));
#8081=EDGE_LOOP('',(#2972,#2973,#2974,#2975));
#8082=EDGE_LOOP('',(#2976,#2977,#2978,#2979));
#8083=EDGE_LOOP('',(#2980,#2981,#2982,#2983));
#8084=EDGE_LOOP('',(#2984,#2985,#2986,#2987));
#8085=EDGE_LOOP('',(#2988,#2989,#2990,#2991));
#8086=EDGE_LOOP('',(#2992,#2993,#2994,#2995));
#8087=EDGE_LOOP('',(#2996,#2997,#2998,#2999));
#8088=EDGE_LOOP('',(#3000,#3001,#3002,#3003));
#8089=EDGE_LOOP('',(#3004,#3005,#3006,#3007));
#8090=EDGE_LOOP('',(#3008,#3009,#3010,#3011));
#8091=EDGE_LOOP('',(#3012,#3013,#3014,#3015));
#8092=EDGE_LOOP('',(#3016,#3017,#3018,#3019,#3020,#3021,#3022,#3023,#3024,
#3025,#3026,#3027,#3028,#3029,#3030,#3031,#3032,#3033,#3034,#3035,#3036,
#3037));
#8093=EDGE_LOOP('',(#3038,#3039,#3040,#3041));
#8094=EDGE_LOOP('',(#3042,#3043,#3044,#3045));
#8095=EDGE_LOOP('',(#3046,#3047,#3048,#3049));
#8096=EDGE_LOOP('',(#3050,#3051,#3052,#3053));
#8097=EDGE_LOOP('',(#3054,#3055,#3056,#3057));
#8098=EDGE_LOOP('',(#3058,#3059,#3060,#3061));
#8099=EDGE_LOOP('',(#3062,#3063,#3064,#3065));
#8100=EDGE_LOOP('',(#3066,#3067,#3068,#3069));
#8101=EDGE_LOOP('',(#3070,#3071,#3072,#3073));
#8102=EDGE_LOOP('',(#3074,#3075,#3076,#3077));
#8103=EDGE_LOOP('',(#3078,#3079,#3080,#3081));
#8104=EDGE_LOOP('',(#3082,#3083,#3084,#3085,#3086,#3087,#3088,#3089,#3090,
#3091,#3092));
#8105=EDGE_LOOP('',(#3093,#3094,#3095,#3096));
#8106=EDGE_LOOP('',(#3097,#3098,#3099,#3100));
#8107=EDGE_LOOP('',(#3101,#3102,#3103,#3104));
#8108=EDGE_LOOP('',(#3105,#3106,#3107,#3108));
#8109=EDGE_LOOP('',(#3109,#3110,#3111,#3112));
#8110=EDGE_LOOP('',(#3113,#3114,#3115,#3116));
#8111=EDGE_LOOP('',(#3117,#3118,#3119,#3120));
#8112=EDGE_LOOP('',(#3121,#3122,#3123,#3124));
#8113=EDGE_LOOP('',(#3125,#3126,#3127,#3128));
#8114=EDGE_LOOP('',(#3129,#3130,#3131,#3132));
#8115=EDGE_LOOP('',(#3133,#3134,#3135,#3136));
#8116=EDGE_LOOP('',(#3137,#3138,#3139,#3140));
#8117=EDGE_LOOP('',(#3141,#3142,#3143,#3144));
#8118=EDGE_LOOP('',(#3145,#3146,#3147,#3148));
#8119=EDGE_LOOP('',(#3149,#3150,#3151,#3152));
#8120=EDGE_LOOP('',(#3153));
#8121=EDGE_LOOP('',(#3154));
#8122=EDGE_LOOP('',(#3155,#3156,#3157,#3158));
#8123=EDGE_LOOP('',(#3159));
#8124=EDGE_LOOP('',(#3160,#3161,#3162,#3163));
#8125=EDGE_LOOP('',(#3164,#3165,#3166,#3167));
#8126=EDGE_LOOP('',(#3168,#3169,#3170,#3171));
#8127=EDGE_LOOP('',(#3172,#3173,#3174,#3175));
#8128=EDGE_LOOP('',(#3176,#3177,#3178,#3179));
#8129=EDGE_LOOP('',(#3180,#3181,#3182,#3183));
#8130=EDGE_LOOP('',(#3184,#3185,#3186,#3187));
#8131=EDGE_LOOP('',(#3188,#3189,#3190,#3191,#3192,#3193));
#8132=EDGE_LOOP('',(#3194,#3195,#3196,#3197));
#8133=EDGE_LOOP('',(#3198,#3199,#3200,#3201));
#8134=EDGE_LOOP('',(#3202,#3203,#3204,#3205));
#8135=EDGE_LOOP('',(#3206,#3207,#3208,#3209));
#8136=EDGE_LOOP('',(#3210,#3211,#3212,#3213));
#8137=EDGE_LOOP('',(#3214,#3215,#3216,#3217));
#8138=EDGE_LOOP('',(#3218,#3219,#3220,#3221));
#8139=EDGE_LOOP('',(#3222,#3223,#3224,#3225));
#8140=EDGE_LOOP('',(#3226,#3227,#3228,#3229));
#8141=EDGE_LOOP('',(#3230,#3231,#3232,#3233));
#8142=EDGE_LOOP('',(#3234,#3235,#3236,#3237));
#8143=EDGE_LOOP('',(#3238,#3239,#3240,#3241));
#8144=EDGE_LOOP('',(#3242,#3243,#3244,#3245));
#8145=EDGE_LOOP('',(#3246,#3247,#3248,#3249));
#8146=EDGE_LOOP('',(#3250,#3251,#3252,#3253));
#8147=EDGE_LOOP('',(#3254));
#8148=EDGE_LOOP('',(#3255));
#8149=EDGE_LOOP('',(#3256,#3257,#3258,#3259));
#8150=EDGE_LOOP('',(#3260));
#8151=EDGE_LOOP('',(#3261,#3262,#3263,#3264));
#8152=EDGE_LOOP('',(#3265,#3266,#3267,#3268));
#8153=EDGE_LOOP('',(#3269,#3270,#3271,#3272));
#8154=EDGE_LOOP('',(#3273,#3274,#3275,#3276));
#8155=EDGE_LOOP('',(#3277,#3278,#3279,#3280));
#8156=EDGE_LOOP('',(#3281,#3282,#3283,#3284));
#8157=EDGE_LOOP('',(#3285,#3286,#3287,#3288));
#8158=EDGE_LOOP('',(#3289,#3290,#3291,#3292,#3293,#3294));
#8159=EDGE_LOOP('',(#3295,#3296,#3297,#3298));
#8160=EDGE_LOOP('',(#3299,#3300,#3301,#3302));
#8161=EDGE_LOOP('',(#3303,#3304,#3305,#3306));
#8162=EDGE_LOOP('',(#3307,#3308,#3309,#3310));
#8163=EDGE_LOOP('',(#3311,#3312,#3313,#3314));
#8164=EDGE_LOOP('',(#3315,#3316,#3317,#3318));
#8165=EDGE_LOOP('',(#3319,#3320,#3321,#3322,#3323,#3324));
#8166=EDGE_LOOP('',(#3325,#3326,#3327,#3328));
#8167=EDGE_LOOP('',(#3329,#3330,#3331,#3332));
#8168=EDGE_LOOP('',(#3333,#3334,#3335,#3336));
#8169=EDGE_LOOP('',(#3337,#3338,#3339,#3340));
#8170=EDGE_LOOP('',(#3341,#3342,#3343,#3344));
#8171=EDGE_LOOP('',(#3345,#3346,#3347,#3348));
#8172=EDGE_LOOP('',(#3349,#3350,#3351,#3352));
#8173=EDGE_LOOP('',(#3353,#3354,#3355,#3356));
#8174=EDGE_LOOP('',(#3357,#3358,#3359,#3360));
#8175=EDGE_LOOP('',(#3361,#3362,#3363,#3364));
#8176=EDGE_LOOP('',(#3365,#3366,#3367,#3368));
#8177=EDGE_LOOP('',(#3369,#3370,#3371,#3372));
#8178=EDGE_LOOP('',(#3373,#3374,#3375,#3376));
#8179=EDGE_LOOP('',(#3377,#3378,#3379,#3380));
#8180=EDGE_LOOP('',(#3381,#3382,#3383,#3384));
#8181=EDGE_LOOP('',(#3385,#3386,#3387,#3388));
#8182=EDGE_LOOP('',(#3389,#3390,#3391,#3392));
#8183=EDGE_LOOP('',(#3393,#3394,#3395,#3396));
#8184=EDGE_LOOP('',(#3397,#3398,#3399,#3400));
#8185=EDGE_LOOP('',(#3401,#3402,#3403,#3404));
#8186=EDGE_LOOP('',(#3405,#3406,#3407,#3408));
#8187=EDGE_LOOP('',(#3409,#3410,#3411,#3412));
#8188=EDGE_LOOP('',(#3413,#3414,#3415,#3416));
#8189=EDGE_LOOP('',(#3417,#3418,#3419,#3420));
#8190=EDGE_LOOP('',(#3421,#3422,#3423,#3424));
#8191=EDGE_LOOP('',(#3425,#3426,#3427,#3428));
#8192=EDGE_LOOP('',(#3429,#3430,#3431,#3432));
#8193=EDGE_LOOP('',(#3433,#3434,#3435,#3436));
#8194=EDGE_LOOP('',(#3437,#3438,#3439,#3440,#3441,#3442));
#8195=EDGE_LOOP('',(#3443,#3444,#3445,#3446));
#8196=EDGE_LOOP('',(#3447,#3448,#3449,#3450));
#8197=EDGE_LOOP('',(#3451,#3452,#3453,#3454));
#8198=EDGE_LOOP('',(#3455,#3456,#3457,#3458));
#8199=EDGE_LOOP('',(#3459,#3460,#3461,#3462));
#8200=EDGE_LOOP('',(#3463,#3464,#3465,#3466));
#8201=EDGE_LOOP('',(#3467,#3468,#3469,#3470));
#8202=EDGE_LOOP('',(#3471,#3472,#3473,#3474));
#8203=EDGE_LOOP('',(#3475,#3476,#3477,#3478));
#8204=EDGE_LOOP('',(#3479,#3480,#3481,#3482));
#8205=EDGE_LOOP('',(#3483,#3484,#3485,#3486,#3487,#3488,#3489,#3490,#3491,
#3492));
#8206=EDGE_LOOP('',(#3493,#3494,#3495,#3496));
#8207=EDGE_LOOP('',(#3497,#3498,#3499,#3500));
#8208=EDGE_LOOP('',(#3501,#3502,#3503,#3504));
#8209=EDGE_LOOP('',(#3505));
#8210=EDGE_LOOP('',(#3506,#3507,#3508,#3509));
#8211=EDGE_LOOP('',(#3510));
#8212=EDGE_LOOP('',(#3511,#3512,#3513,#3514));
#8213=EDGE_LOOP('',(#3515,#3516,#3517,#3518));
#8214=EDGE_LOOP('',(#3519,#3520,#3521,#3522));
#8215=EDGE_LOOP('',(#3523,#3524,#3525,#3526));
#8216=EDGE_LOOP('',(#3527,#3528,#3529,#3530));
#8217=EDGE_LOOP('',(#3531));
#8218=EDGE_LOOP('',(#3532,#3533,#3534,#3535));
#8219=EDGE_LOOP('',(#3536,#3537,#3538,#3539));
#8220=EDGE_LOOP('',(#3540,#3541,#3542,#3543));
#8221=EDGE_LOOP('',(#3544,#3545,#3546,#3547));
#8222=EDGE_LOOP('',(#3548,#3549,#3550,#3551));
#8223=EDGE_LOOP('',(#3552));
#8224=EDGE_LOOP('',(#3553,#3554,#3555,#3556));
#8225=EDGE_LOOP('',(#3557));
#8226=EDGE_LOOP('',(#3558));
#8227=EDGE_LOOP('',(#3559));
#8228=EDGE_LOOP('',(#3560));
#8229=EDGE_LOOP('',(#3561));
#8230=EDGE_LOOP('',(#3562));
#8231=EDGE_LOOP('',(#3563));
#8232=EDGE_LOOP('',(#3564));
#8233=FACE_BOUND('',#7631,.T.);
#8234=FACE_BOUND('',#7632,.T.);
#8235=FACE_BOUND('',#7633,.T.);
#8236=FACE_BOUND('',#7634,.T.);
#8237=FACE_BOUND('',#7635,.T.);
#8238=FACE_BOUND('',#7636,.T.);
#8239=FACE_BOUND('',#7637,.T.);
#8240=FACE_BOUND('',#7638,.T.);
#8241=FACE_BOUND('',#7639,.T.);
#8242=FACE_BOUND('',#7640,.T.);
#8243=FACE_BOUND('',#7641,.T.);
#8244=FACE_BOUND('',#7642,.T.);
#8245=FACE_BOUND('',#7643,.T.);
#8246=FACE_BOUND('',#7644,.T.);
#8247=FACE_BOUND('',#7645,.T.);
#8248=FACE_BOUND('',#7646,.T.);
#8249=FACE_BOUND('',#7647,.T.);
#8250=FACE_BOUND('',#7648,.T.);
#8251=FACE_BOUND('',#7649,.T.);
#8252=FACE_BOUND('',#7650,.T.);
#8253=FACE_BOUND('',#7651,.T.);
#8254=FACE_BOUND('',#7652,.T.);
#8255=FACE_BOUND('',#7653,.T.);
#8256=FACE_BOUND('',#7654,.T.);
#8257=FACE_BOUND('',#7655,.T.);
#8258=FACE_BOUND('',#7656,.T.);
#8259=FACE_BOUND('',#7657,.T.);
#8260=FACE_BOUND('',#7658,.T.);
#8261=FACE_BOUND('',#7659,.T.);
#8262=FACE_BOUND('',#7660,.T.);
#8263=FACE_BOUND('',#7661,.T.);
#8264=FACE_BOUND('',#7662,.T.);
#8265=FACE_BOUND('',#7663,.T.);
#8266=FACE_BOUND('',#7664,.T.);
#8267=FACE_BOUND('',#7665,.T.);
#8268=FACE_BOUND('',#7666,.T.);
#8269=FACE_BOUND('',#7667,.T.);
#8270=FACE_BOUND('',#7668,.T.);
#8271=FACE_BOUND('',#7669,.T.);
#8272=FACE_BOUND('',#7670,.T.);
#8273=FACE_BOUND('',#7671,.T.);
#8274=FACE_BOUND('',#7672,.T.);
#8275=FACE_BOUND('',#7673,.T.);
#8276=FACE_BOUND('',#7674,.T.);
#8277=FACE_BOUND('',#7675,.T.);
#8278=FACE_BOUND('',#7676,.T.);
#8279=FACE_BOUND('',#7677,.T.);
#8280=FACE_BOUND('',#7678,.T.);
#8281=FACE_BOUND('',#7679,.T.);
#8282=FACE_BOUND('',#7680,.T.);
#8283=FACE_BOUND('',#7681,.T.);
#8284=FACE_BOUND('',#7682,.T.);
#8285=FACE_BOUND('',#7683,.T.);
#8286=FACE_BOUND('',#7684,.T.);
#8287=FACE_BOUND('',#7685,.T.);
#8288=FACE_BOUND('',#7686,.T.);
#8289=FACE_BOUND('',#7687,.T.);
#8290=FACE_BOUND('',#7688,.T.);
#8291=FACE_BOUND('',#7689,.T.);
#8292=FACE_BOUND('',#7690,.T.);
#8293=FACE_BOUND('',#7691,.T.);
#8294=FACE_BOUND('',#7692,.T.);
#8295=FACE_BOUND('',#7693,.T.);
#8296=FACE_BOUND('',#7694,.T.);
#8297=FACE_BOUND('',#7695,.T.);
#8298=FACE_BOUND('',#7696,.T.);
#8299=FACE_BOUND('',#7697,.T.);
#8300=FACE_BOUND('',#7698,.T.);
#8301=FACE_BOUND('',#7699,.T.);
#8302=FACE_BOUND('',#7700,.T.);
#8303=FACE_BOUND('',#7701,.T.);
#8304=FACE_BOUND('',#7702,.T.);
#8305=FACE_BOUND('',#7703,.T.);
#8306=FACE_BOUND('',#7704,.T.);
#8307=FACE_BOUND('',#7705,.T.);
#8308=FACE_BOUND('',#7706,.T.);
#8309=FACE_BOUND('',#7707,.T.);
#8310=FACE_BOUND('',#7708,.T.);
#8311=FACE_BOUND('',#7709,.T.);
#8312=FACE_BOUND('',#7710,.T.);
#8313=FACE_BOUND('',#7711,.T.);
#8314=FACE_BOUND('',#7712,.T.);
#8315=FACE_BOUND('',#7713,.T.);
#8316=FACE_BOUND('',#7714,.T.);
#8317=FACE_BOUND('',#7715,.T.);
#8318=FACE_BOUND('',#7716,.T.);
#8319=FACE_BOUND('',#7717,.T.);
#8320=FACE_BOUND('',#7718,.T.);
#8321=FACE_BOUND('',#7719,.T.);
#8322=FACE_BOUND('',#7720,.T.);
#8323=FACE_BOUND('',#7721,.T.);
#8324=FACE_BOUND('',#7722,.T.);
#8325=FACE_BOUND('',#7723,.T.);
#8326=FACE_BOUND('',#7724,.T.);
#8327=FACE_BOUND('',#7725,.T.);
#8328=FACE_BOUND('',#7726,.T.);
#8329=FACE_BOUND('',#7727,.T.);
#8330=FACE_BOUND('',#7728,.T.);
#8331=FACE_BOUND('',#7729,.T.);
#8332=FACE_BOUND('',#7730,.T.);
#8333=FACE_BOUND('',#7731,.T.);
#8334=FACE_BOUND('',#32,.T.);
#8335=FACE_BOUND('',#7732,.T.);
#8336=FACE_BOUND('',#33,.T.);
#8337=FACE_BOUND('',#7733,.T.);
#8338=FACE_BOUND('',#7734,.T.);
#8339=FACE_BOUND('',#7735,.T.);
#8340=FACE_BOUND('',#7736,.T.);
#8341=FACE_BOUND('',#7737,.T.);
#8342=FACE_BOUND('',#7738,.T.);
#8343=FACE_BOUND('',#7739,.T.);
#8344=FACE_BOUND('',#7740,.T.);
#8345=FACE_BOUND('',#34,.T.);
#8346=FACE_BOUND('',#7741,.T.);
#8347=FACE_BOUND('',#7742,.T.);
#8348=FACE_BOUND('',#7743,.T.);
#8349=FACE_BOUND('',#7744,.T.);
#8350=FACE_BOUND('',#7745,.T.);
#8351=FACE_BOUND('',#7746,.T.);
#8352=FACE_BOUND('',#7747,.T.);
#8353=FACE_BOUND('',#35,.T.);
#8354=FACE_BOUND('',#7748,.T.);
#8355=FACE_BOUND('',#7749,.T.);
#8356=FACE_BOUND('',#7750,.T.);
#8357=FACE_BOUND('',#7751,.T.);
#8358=FACE_BOUND('',#7752,.T.);
#8359=FACE_BOUND('',#7753,.T.);
#8360=FACE_BOUND('',#7754,.T.);
#8361=FACE_BOUND('',#7755,.T.);
#8362=FACE_BOUND('',#7756,.T.);
#8363=FACE_BOUND('',#7757,.T.);
#8364=FACE_BOUND('',#7758,.T.);
#8365=FACE_BOUND('',#7759,.T.);
#8366=FACE_BOUND('',#7760,.T.);
#8367=FACE_BOUND('',#7761,.T.);
#8368=FACE_BOUND('',#7762,.T.);
#8369=FACE_BOUND('',#7763,.T.);
#8370=FACE_BOUND('',#7764,.T.);
#8371=FACE_BOUND('',#7765,.T.);
#8372=FACE_BOUND('',#7766,.T.);
#8373=FACE_BOUND('',#7767,.T.);
#8374=FACE_BOUND('',#7768,.T.);
#8375=FACE_BOUND('',#7769,.T.);
#8376=FACE_BOUND('',#7770,.T.);
#8377=FACE_BOUND('',#7771,.T.);
#8378=FACE_BOUND('',#7772,.T.);
#8379=FACE_BOUND('',#7773,.T.);
#8380=FACE_BOUND('',#7774,.T.);
#8381=FACE_BOUND('',#7775,.T.);
#8382=FACE_BOUND('',#7776,.T.);
#8383=FACE_BOUND('',#7777,.T.);
#8384=FACE_BOUND('',#7778,.T.);
#8385=FACE_BOUND('',#7779,.T.);
#8386=FACE_BOUND('',#7780,.T.);
#8387=FACE_BOUND('',#7781,.T.);
#8388=FACE_BOUND('',#7782,.T.);
#8389=FACE_BOUND('',#7783,.T.);
#8390=FACE_BOUND('',#7784,.T.);
#8391=FACE_BOUND('',#7785,.T.);
#8392=FACE_BOUND('',#7786,.T.);
#8393=FACE_BOUND('',#7787,.T.);
#8394=FACE_BOUND('',#7788,.T.);
#8395=FACE_BOUND('',#7789,.T.);
#8396=FACE_BOUND('',#7790,.T.);
#8397=FACE_BOUND('',#7791,.T.);
#8398=FACE_BOUND('',#7792,.T.);
#8399=FACE_BOUND('',#7793,.T.);
#8400=FACE_BOUND('',#7794,.T.);
#8401=FACE_BOUND('',#7795,.T.);
#8402=FACE_BOUND('',#7796,.T.);
#8403=FACE_BOUND('',#7797,.T.);
#8404=FACE_BOUND('',#7798,.T.);
#8405=FACE_BOUND('',#7799,.T.);
#8406=FACE_BOUND('',#7800,.T.);
#8407=FACE_BOUND('',#7801,.T.);
#8408=FACE_BOUND('',#7802,.T.);
#8409=FACE_BOUND('',#7803,.T.);
#8410=FACE_BOUND('',#7804,.T.);
#8411=FACE_BOUND('',#7805,.T.);
#8412=FACE_BOUND('',#7806,.T.);
#8413=FACE_BOUND('',#7807,.T.);
#8414=FACE_BOUND('',#7808,.T.);
#8415=FACE_BOUND('',#7809,.T.);
#8416=FACE_BOUND('',#7810,.T.);
#8417=FACE_BOUND('',#7811,.T.);
#8418=FACE_BOUND('',#7812,.T.);
#8419=FACE_BOUND('',#7813,.T.);
#8420=FACE_BOUND('',#7814,.T.);
#8421=FACE_BOUND('',#7815,.T.);
#8422=FACE_BOUND('',#7816,.T.);
#8423=FACE_BOUND('',#7817,.T.);
#8424=FACE_BOUND('',#7818,.T.);
#8425=FACE_BOUND('',#7819,.T.);
#8426=FACE_BOUND('',#7820,.T.);
#8427=FACE_BOUND('',#7821,.T.);
#8428=FACE_BOUND('',#7822,.T.);
#8429=FACE_BOUND('',#7823,.T.);
#8430=FACE_BOUND('',#7824,.T.);
#8431=FACE_BOUND('',#7825,.T.);
#8432=FACE_BOUND('',#7826,.T.);
#8433=FACE_BOUND('',#7827,.T.);
#8434=FACE_BOUND('',#7828,.T.);
#8435=FACE_BOUND('',#7829,.T.);
#8436=FACE_BOUND('',#7830,.T.);
#8437=FACE_BOUND('',#7831,.T.);
#8438=FACE_BOUND('',#7832,.T.);
#8439=FACE_BOUND('',#7833,.T.);
#8440=FACE_BOUND('',#7834,.T.);
#8441=FACE_BOUND('',#7835,.T.);
#8442=FACE_BOUND('',#7836,.T.);
#8443=FACE_BOUND('',#7837,.T.);
#8444=FACE_BOUND('',#7838,.T.);
#8445=FACE_BOUND('',#7839,.T.);
#8446=FACE_BOUND('',#7840,.T.);
#8447=FACE_BOUND('',#7841,.T.);
#8448=FACE_BOUND('',#7842,.T.);
#8449=FACE_BOUND('',#7843,.T.);
#8450=FACE_BOUND('',#7844,.T.);
#8451=FACE_BOUND('',#7845,.T.);
#8452=FACE_BOUND('',#7846,.T.);
#8453=FACE_BOUND('',#7847,.T.);
#8454=FACE_BOUND('',#7848,.T.);
#8455=FACE_BOUND('',#7849,.T.);
#8456=FACE_BOUND('',#7850,.T.);
#8457=FACE_BOUND('',#7851,.T.);
#8458=FACE_BOUND('',#7852,.T.);
#8459=FACE_BOUND('',#7853,.T.);
#8460=FACE_BOUND('',#7854,.T.);
#8461=FACE_BOUND('',#7855,.T.);
#8462=FACE_BOUND('',#7856,.T.);
#8463=FACE_BOUND('',#7857,.T.);
#8464=FACE_BOUND('',#7858,.T.);
#8465=FACE_BOUND('',#7859,.T.);
#8466=FACE_BOUND('',#7860,.T.);
#8467=FACE_BOUND('',#7861,.T.);
#8468=FACE_BOUND('',#7862,.T.);
#8469=FACE_BOUND('',#7863,.T.);
#8470=FACE_BOUND('',#7864,.T.);
#8471=FACE_BOUND('',#7865,.T.);
#8472=FACE_BOUND('',#7866,.T.);
#8473=FACE_BOUND('',#7867,.T.);
#8474=FACE_BOUND('',#7868,.T.);
#8475=FACE_BOUND('',#7869,.T.);
#8476=FACE_BOUND('',#7870,.T.);
#8477=FACE_BOUND('',#7871,.T.);
#8478=FACE_BOUND('',#7872,.T.);
#8479=FACE_BOUND('',#7873,.T.);
#8480=FACE_BOUND('',#7874,.T.);
#8481=FACE_BOUND('',#7875,.T.);
#8482=FACE_BOUND('',#7876,.T.);
#8483=FACE_BOUND('',#7877,.T.);
#8484=FACE_BOUND('',#7878,.T.);
#8485=FACE_BOUND('',#7879,.T.);
#8486=FACE_BOUND('',#7880,.T.);
#8487=FACE_BOUND('',#7881,.T.);
#8488=FACE_BOUND('',#7882,.T.);
#8489=FACE_BOUND('',#7883,.T.);
#8490=FACE_BOUND('',#7884,.T.);
#8491=FACE_BOUND('',#7885,.T.);
#8492=FACE_BOUND('',#36,.T.);
#8493=FACE_BOUND('',#7886,.T.);
#8494=FACE_BOUND('',#37,.T.);
#8495=FACE_BOUND('',#7887,.T.);
#8496=FACE_BOUND('',#7888,.T.);
#8497=FACE_BOUND('',#7889,.T.);
#8498=FACE_BOUND('',#38,.T.);
#8499=FACE_BOUND('',#7890,.T.);
#8500=FACE_BOUND('',#7891,.T.);
#8501=FACE_BOUND('',#7892,.T.);
#8502=FACE_BOUND('',#39,.T.);
#8503=FACE_BOUND('',#7893,.T.);
#8504=FACE_BOUND('',#7894,.T.);
#8505=FACE_BOUND('',#7895,.T.);
#8506=FACE_BOUND('',#7896,.T.);
#8507=FACE_BOUND('',#7897,.T.);
#8508=FACE_BOUND('',#7898,.T.);
#8509=FACE_BOUND('',#7899,.T.);
#8510=FACE_BOUND('',#7900,.T.);
#8511=FACE_BOUND('',#7901,.T.);
#8512=FACE_BOUND('',#7902,.T.);
#8513=FACE_BOUND('',#7903,.T.);
#8514=FACE_BOUND('',#7904,.T.);
#8515=FACE_BOUND('',#7905,.T.);
#8516=FACE_BOUND('',#7906,.T.);
#8517=FACE_BOUND('',#7907,.T.);
#8518=FACE_BOUND('',#7908,.T.);
#8519=FACE_BOUND('',#7909,.T.);
#8520=FACE_BOUND('',#7910,.T.);
#8521=FACE_BOUND('',#7911,.T.);
#8522=FACE_BOUND('',#7912,.T.);
#8523=FACE_BOUND('',#7913,.T.);
#8524=FACE_BOUND('',#7914,.T.);
#8525=FACE_BOUND('',#7915,.T.);
#8526=FACE_BOUND('',#7916,.T.);
#8527=FACE_BOUND('',#7917,.T.);
#8528=FACE_BOUND('',#7918,.T.);
#8529=FACE_BOUND('',#7919,.T.);
#8530=FACE_BOUND('',#7920,.T.);
#8531=FACE_BOUND('',#7921,.T.);
#8532=FACE_BOUND('',#7922,.T.);
#8533=FACE_BOUND('',#7923,.T.);
#8534=FACE_BOUND('',#7924,.T.);
#8535=FACE_BOUND('',#7925,.T.);
#8536=FACE_BOUND('',#7926,.T.);
#8537=FACE_BOUND('',#7927,.T.);
#8538=FACE_BOUND('',#7928,.T.);
#8539=FACE_BOUND('',#7929,.T.);
#8540=FACE_BOUND('',#7930,.T.);
#8541=FACE_BOUND('',#7931,.T.);
#8542=FACE_BOUND('',#7932,.T.);
#8543=FACE_BOUND('',#7933,.T.);
#8544=FACE_BOUND('',#7934,.T.);
#8545=FACE_BOUND('',#7935,.T.);
#8546=FACE_BOUND('',#7936,.T.);
#8547=FACE_BOUND('',#7937,.T.);
#8548=FACE_BOUND('',#7938,.T.);
#8549=FACE_BOUND('',#7939,.T.);
#8550=FACE_BOUND('',#7940,.T.);
#8551=FACE_BOUND('',#7941,.T.);
#8552=FACE_BOUND('',#7942,.T.);
#8553=FACE_BOUND('',#7943,.T.);
#8554=FACE_BOUND('',#7944,.T.);
#8555=FACE_BOUND('',#7945,.T.);
#8556=FACE_BOUND('',#7946,.T.);
#8557=FACE_BOUND('',#7947,.T.);
#8558=FACE_BOUND('',#7948,.T.);
#8559=FACE_BOUND('',#7949,.T.);
#8560=FACE_BOUND('',#7950,.T.);
#8561=FACE_BOUND('',#7951,.T.);
#8562=FACE_BOUND('',#7952,.T.);
#8563=FACE_BOUND('',#7953,.T.);
#8564=FACE_BOUND('',#7954,.T.);
#8565=FACE_BOUND('',#7955,.T.);
#8566=FACE_BOUND('',#7956,.T.);
#8567=FACE_BOUND('',#7957,.T.);
#8568=FACE_BOUND('',#7958,.T.);
#8569=FACE_BOUND('',#7959,.T.);
#8570=FACE_BOUND('',#7960,.T.);
#8571=FACE_BOUND('',#7961,.T.);
#8572=FACE_BOUND('',#7962,.T.);
#8573=FACE_BOUND('',#7963,.T.);
#8574=FACE_BOUND('',#7964,.T.);
#8575=FACE_BOUND('',#7965,.T.);
#8576=FACE_BOUND('',#7966,.T.);
#8577=FACE_BOUND('',#7967,.T.);
#8578=FACE_BOUND('',#7968,.T.);
#8579=FACE_BOUND('',#7969,.T.);
#8580=FACE_BOUND('',#7970,.T.);
#8581=FACE_BOUND('',#7971,.T.);
#8582=FACE_BOUND('',#7972,.T.);
#8583=FACE_BOUND('',#7973,.T.);
#8584=FACE_BOUND('',#7974,.T.);
#8585=FACE_BOUND('',#7975,.T.);
#8586=FACE_BOUND('',#7976,.T.);
#8587=FACE_BOUND('',#7977,.T.);
#8588=FACE_BOUND('',#7978,.T.);
#8589=FACE_BOUND('',#7979,.T.);
#8590=FACE_BOUND('',#7980,.T.);
#8591=FACE_BOUND('',#7981,.T.);
#8592=FACE_BOUND('',#7982,.T.);
#8593=FACE_BOUND('',#7983,.T.);
#8594=FACE_BOUND('',#7984,.T.);
#8595=FACE_BOUND('',#7985,.T.);
#8596=FACE_BOUND('',#7986,.T.);
#8597=FACE_BOUND('',#7987,.T.);
#8598=FACE_BOUND('',#7988,.T.);
#8599=FACE_BOUND('',#7989,.T.);
#8600=FACE_BOUND('',#40,.T.);
#8601=FACE_BOUND('',#7990,.T.);
#8602=FACE_BOUND('',#41,.T.);
#8603=FACE_BOUND('',#7991,.T.);
#8604=FACE_BOUND('',#7992,.T.);
#8605=FACE_BOUND('',#7993,.T.);
#8606=FACE_BOUND('',#7994,.T.);
#8607=FACE_BOUND('',#7995,.T.);
#8608=FACE_BOUND('',#7996,.T.);
#8609=FACE_BOUND('',#7997,.T.);
#8610=FACE_BOUND('',#7998,.T.);
#8611=FACE_BOUND('',#7999,.T.);
#8612=FACE_BOUND('',#8000,.T.);
#8613=FACE_BOUND('',#8001,.T.);
#8614=FACE_BOUND('',#8002,.T.);
#8615=FACE_BOUND('',#8003,.T.);
#8616=FACE_BOUND('',#8004,.T.);
#8617=FACE_BOUND('',#8005,.T.);
#8618=FACE_BOUND('',#8006,.T.);
#8619=FACE_BOUND('',#8007,.T.);
#8620=FACE_BOUND('',#42,.T.);
#8621=FACE_BOUND('',#8008,.T.);
#8622=FACE_BOUND('',#43,.T.);
#8623=FACE_BOUND('',#8009,.T.);
#8624=FACE_BOUND('',#8010,.T.);
#8625=FACE_BOUND('',#8011,.T.);
#8626=FACE_BOUND('',#8012,.T.);
#8627=FACE_BOUND('',#8013,.T.);
#8628=FACE_BOUND('',#8014,.T.);
#8629=FACE_BOUND('',#8015,.T.);
#8630=FACE_BOUND('',#8016,.T.);
#8631=FACE_BOUND('',#8017,.T.);
#8632=FACE_BOUND('',#8018,.T.);
#8633=FACE_BOUND('',#8019,.T.);
#8634=FACE_BOUND('',#8020,.T.);
#8635=FACE_BOUND('',#8021,.T.);
#8636=FACE_BOUND('',#8022,.T.);
#8637=FACE_BOUND('',#8023,.T.);
#8638=FACE_BOUND('',#8024,.T.);
#8639=FACE_BOUND('',#8025,.T.);
#8640=FACE_BOUND('',#8026,.T.);
#8641=FACE_BOUND('',#8027,.T.);
#8642=FACE_BOUND('',#8028,.T.);
#8643=FACE_BOUND('',#8029,.T.);
#8644=FACE_BOUND('',#8030,.T.);
#8645=FACE_BOUND('',#8031,.T.);
#8646=FACE_BOUND('',#8032,.T.);
#8647=FACE_BOUND('',#8033,.T.);
#8648=FACE_BOUND('',#8034,.T.);
#8649=FACE_BOUND('',#8035,.T.);
#8650=FACE_BOUND('',#8036,.T.);
#8651=FACE_BOUND('',#8037,.T.);
#8652=FACE_BOUND('',#8038,.T.);
#8653=FACE_BOUND('',#8039,.T.);
#8654=FACE_BOUND('',#8040,.T.);
#8655=FACE_BOUND('',#8041,.T.);
#8656=FACE_BOUND('',#8042,.T.);
#8657=FACE_BOUND('',#8043,.T.);
#8658=FACE_BOUND('',#8044,.T.);
#8659=FACE_BOUND('',#8045,.T.);
#8660=FACE_BOUND('',#8046,.T.);
#8661=FACE_BOUND('',#8047,.T.);
#8662=FACE_BOUND('',#8048,.T.);
#8663=FACE_BOUND('',#8049,.T.);
#8664=FACE_BOUND('',#8050,.T.);
#8665=FACE_BOUND('',#8051,.T.);
#8666=FACE_BOUND('',#8052,.T.);
#8667=FACE_BOUND('',#8053,.T.);
#8668=FACE_BOUND('',#8054,.T.);
#8669=FACE_BOUND('',#8055,.T.);
#8670=FACE_BOUND('',#8056,.T.);
#8671=FACE_BOUND('',#8057,.T.);
#8672=FACE_BOUND('',#8058,.T.);
#8673=FACE_BOUND('',#8059,.T.);
#8674=FACE_BOUND('',#8060,.T.);
#8675=FACE_BOUND('',#8061,.T.);
#8676=FACE_BOUND('',#8062,.T.);
#8677=FACE_BOUND('',#8063,.T.);
#8678=FACE_BOUND('',#8064,.T.);
#8679=FACE_BOUND('',#8065,.T.);
#8680=FACE_BOUND('',#8066,.T.);
#8681=FACE_BOUND('',#8067,.T.);
#8682=FACE_BOUND('',#44,.T.);
#8683=FACE_BOUND('',#8068,.T.);
#8684=FACE_BOUND('',#45,.T.);
#8685=FACE_BOUND('',#8069,.T.);
#8686=FACE_BOUND('',#8070,.T.);
#8687=FACE_BOUND('',#8071,.T.);
#8688=FACE_BOUND('',#8072,.T.);
#8689=FACE_BOUND('',#8073,.T.);
#8690=FACE_BOUND('',#8074,.T.);
#8691=FACE_BOUND('',#8075,.T.);
#8692=FACE_BOUND('',#8076,.T.);
#8693=FACE_BOUND('',#8077,.T.);
#8694=FACE_BOUND('',#8078,.T.);
#8695=FACE_BOUND('',#8079,.T.);
#8696=FACE_BOUND('',#8080,.T.);
#8697=FACE_BOUND('',#8081,.T.);
#8698=FACE_BOUND('',#8082,.T.);
#8699=FACE_BOUND('',#8083,.T.);
#8700=FACE_BOUND('',#8084,.T.);
#8701=FACE_BOUND('',#8085,.T.);
#8702=FACE_BOUND('',#8086,.T.);
#8703=FACE_BOUND('',#8087,.T.);
#8704=FACE_BOUND('',#8088,.T.);
#8705=FACE_BOUND('',#8089,.T.);
#8706=FACE_BOUND('',#8090,.T.);
#8707=FACE_BOUND('',#8091,.T.);
#8708=FACE_BOUND('',#8092,.T.);
#8709=FACE_BOUND('',#8093,.T.);
#8710=FACE_BOUND('',#8094,.T.);
#8711=FACE_BOUND('',#8095,.T.);
#8712=FACE_BOUND('',#8096,.T.);
#8713=FACE_BOUND('',#8097,.T.);
#8714=FACE_BOUND('',#8098,.T.);
#8715=FACE_BOUND('',#8099,.T.);
#8716=FACE_BOUND('',#8100,.T.);
#8717=FACE_BOUND('',#8101,.T.);
#8718=FACE_BOUND('',#8102,.T.);
#8719=FACE_BOUND('',#8103,.T.);
#8720=FACE_BOUND('',#8104,.T.);
#8721=FACE_BOUND('',#8105,.T.);
#8722=FACE_BOUND('',#8106,.T.);
#8723=FACE_BOUND('',#8107,.T.);
#8724=FACE_BOUND('',#8108,.T.);
#8725=FACE_BOUND('',#8109,.T.);
#8726=FACE_BOUND('',#8110,.T.);
#8727=FACE_BOUND('',#8111,.T.);
#8728=FACE_BOUND('',#8112,.T.);
#8729=FACE_BOUND('',#8113,.T.);
#8730=FACE_BOUND('',#8114,.T.);
#8731=FACE_BOUND('',#8115,.T.);
#8732=FACE_BOUND('',#8116,.T.);
#8733=FACE_BOUND('',#8117,.T.);
#8734=FACE_BOUND('',#8118,.T.);
#8735=FACE_BOUND('',#8119,.T.);
#8736=FACE_BOUND('',#8120,.T.);
#8737=FACE_BOUND('',#8121,.T.);
#8738=FACE_BOUND('',#8122,.T.);
#8739=FACE_BOUND('',#8123,.T.);
#8740=FACE_BOUND('',#8124,.T.);
#8741=FACE_BOUND('',#8125,.T.);
#8742=FACE_BOUND('',#8126,.T.);
#8743=FACE_BOUND('',#8127,.T.);
#8744=FACE_BOUND('',#8128,.T.);
#8745=FACE_BOUND('',#8129,.T.);
#8746=FACE_BOUND('',#8130,.T.);
#8747=FACE_BOUND('',#8131,.T.);
#8748=FACE_BOUND('',#8132,.T.);
#8749=FACE_BOUND('',#8133,.T.);
#8750=FACE_BOUND('',#8134,.T.);
#8751=FACE_BOUND('',#8135,.T.);
#8752=FACE_BOUND('',#8136,.T.);
#8753=FACE_BOUND('',#8137,.T.);
#8754=FACE_BOUND('',#8138,.T.);
#8755=FACE_BOUND('',#8139,.T.);
#8756=FACE_BOUND('',#8140,.T.);
#8757=FACE_BOUND('',#8141,.T.);
#8758=FACE_BOUND('',#8142,.T.);
#8759=FACE_BOUND('',#8143,.T.);
#8760=FACE_BOUND('',#8144,.T.);
#8761=FACE_BOUND('',#8145,.T.);
#8762=FACE_BOUND('',#8146,.T.);
#8763=FACE_BOUND('',#8147,.T.);
#8764=FACE_BOUND('',#8148,.T.);
#8765=FACE_BOUND('',#8149,.T.);
#8766=FACE_BOUND('',#8150,.T.);
#8767=FACE_BOUND('',#8151,.T.);
#8768=FACE_BOUND('',#8152,.T.);
#8769=FACE_BOUND('',#8153,.T.);
#8770=FACE_BOUND('',#8154,.T.);
#8771=FACE_BOUND('',#8155,.T.);
#8772=FACE_BOUND('',#8156,.T.);
#8773=FACE_BOUND('',#8157,.T.);
#8774=FACE_BOUND('',#8158,.T.);
#8775=FACE_BOUND('',#8159,.T.);
#8776=FACE_BOUND('',#8160,.T.);
#8777=FACE_BOUND('',#8161,.T.);
#8778=FACE_BOUND('',#8162,.T.);
#8779=FACE_BOUND('',#8163,.T.);
#8780=FACE_BOUND('',#8164,.T.);
#8781=FACE_BOUND('',#8165,.T.);
#8782=FACE_BOUND('',#8166,.T.);
#8783=FACE_BOUND('',#8167,.T.);
#8784=FACE_BOUND('',#8168,.T.);
#8785=FACE_BOUND('',#8169,.T.);
#8786=FACE_BOUND('',#8170,.T.);
#8787=FACE_BOUND('',#8171,.T.);
#8788=FACE_BOUND('',#8172,.T.);
#8789=FACE_BOUND('',#8173,.T.);
#8790=FACE_BOUND('',#8174,.T.);
#8791=FACE_BOUND('',#8175,.T.);
#8792=FACE_BOUND('',#8176,.T.);
#8793=FACE_BOUND('',#8177,.T.);
#8794=FACE_BOUND('',#8178,.T.);
#8795=FACE_BOUND('',#8179,.T.);
#8796=FACE_BOUND('',#8180,.T.);
#8797=FACE_BOUND('',#8181,.T.);
#8798=FACE_BOUND('',#8182,.T.);
#8799=FACE_BOUND('',#8183,.T.);
#8800=FACE_BOUND('',#8184,.T.);
#8801=FACE_BOUND('',#8185,.T.);
#8802=FACE_BOUND('',#8186,.T.);
#8803=FACE_BOUND('',#8187,.T.);
#8804=FACE_BOUND('',#8188,.T.);
#8805=FACE_BOUND('',#8189,.T.);
#8806=FACE_BOUND('',#8190,.T.);
#8807=FACE_BOUND('',#8191,.T.);
#8808=FACE_BOUND('',#8192,.T.);
#8809=FACE_BOUND('',#8193,.T.);
#8810=FACE_BOUND('',#8194,.T.);
#8811=FACE_BOUND('',#8195,.T.);
#8812=FACE_BOUND('',#8196,.T.);
#8813=FACE_BOUND('',#8197,.T.);
#8814=FACE_BOUND('',#8198,.T.);
#8815=FACE_BOUND('',#8199,.T.);
#8816=FACE_BOUND('',#8200,.T.);
#8817=FACE_BOUND('',#8201,.T.);
#8818=FACE_BOUND('',#8202,.T.);
#8819=FACE_BOUND('',#8203,.T.);
#8820=FACE_BOUND('',#8204,.T.);
#8821=FACE_BOUND('',#8205,.T.);
#8822=FACE_BOUND('',#8206,.T.);
#8823=FACE_BOUND('',#8207,.T.);
#8824=FACE_BOUND('',#8208,.T.);
#8825=FACE_BOUND('',#8209,.T.);
#8826=FACE_BOUND('',#8210,.T.);
#8827=FACE_BOUND('',#8211,.T.);
#8828=FACE_BOUND('',#8212,.T.);
#8829=FACE_BOUND('',#8213,.T.);
#8830=FACE_BOUND('',#8214,.T.);
#8831=FACE_BOUND('',#8215,.T.);
#8832=FACE_BOUND('',#8216,.T.);
#8833=FACE_BOUND('',#8217,.T.);
#8834=FACE_BOUND('',#8218,.T.);
#8835=FACE_BOUND('',#8219,.T.);
#8836=FACE_BOUND('',#8220,.T.);
#8837=FACE_BOUND('',#8221,.T.);
#8838=FACE_BOUND('',#8222,.T.);
#8839=FACE_BOUND('',#8223,.T.);
#8840=FACE_BOUND('',#8224,.T.);
#8841=FACE_BOUND('',#46,.T.);
#8842=FACE_BOUND('',#8225,.T.);
#8843=FACE_BOUND('',#47,.T.);
#8844=FACE_BOUND('',#8226,.T.);
#8845=FACE_BOUND('',#8227,.T.);
#8846=FACE_BOUND('',#8228,.T.);
#8847=FACE_BOUND('',#48,.T.);
#8848=FACE_BOUND('',#8229,.T.);
#8849=FACE_BOUND('',#8230,.T.);
#8850=FACE_BOUND('',#8231,.T.);
#8851=FACE_BOUND('',#49,.T.);
#8852=FACE_BOUND('',#8232,.T.);
#8853=PLANE('',#9687);
#8854=PLANE('',#9694);
#8855=PLANE('',#9697);
#8856=PLANE('',#9737);
#8857=PLANE('',#9738);
#8858=PLANE('',#9759);
#8859=PLANE('',#9760);
#8860=PLANE('',#9761);
#8861=PLANE('',#9762);
#8862=PLANE('',#9763);
#8863=PLANE('',#9764);
#8864=PLANE('',#9765);
#8865=PLANE('',#9766);
#8866=PLANE('',#9767);
#8867=PLANE('',#9768);
#8868=PLANE('',#9769);
#8869=PLANE('',#9770);
#8870=PLANE('',#9771);
#8871=PLANE('',#9772);
#8872=PLANE('',#9773);
#8873=PLANE('',#9774);
#8874=PLANE('',#9775);
#8875=PLANE('',#9776);
#8876=PLANE('',#9777);
#8877=PLANE('',#9778);
#8878=PLANE('',#9779);
#8879=PLANE('',#9780);
#8880=PLANE('',#9781);
#8881=PLANE('',#9782);
#8882=PLANE('',#9783);
#8883=PLANE('',#9787);
#8884=PLANE('',#9791);
#8885=PLANE('',#9792);
#8886=PLANE('',#9796);
#8887=PLANE('',#9808);
#8888=PLANE('',#9809);
#8889=PLANE('',#9810);
#8890=PLANE('',#9812);
#8891=PLANE('',#9814);
#8892=PLANE('',#9815);
#8893=PLANE('',#9817);
#8894=PLANE('',#9818);
#8895=PLANE('',#9820);
#8896=PLANE('',#9822);
#8897=PLANE('',#9824);
#8898=PLANE('',#9826);
#8899=PLANE('',#9827);
#8900=PLANE('',#9829);
#8901=PLANE('',#9830);
#8902=PLANE('',#9832);
#8903=PLANE('',#9834);
#8904=PLANE('',#9835);
#8905=PLANE('',#9837);
#8906=PLANE('',#9838);
#8907=PLANE('',#9843);
#8908=PLANE('',#9846);
#8909=PLANE('',#9849);
#8910=PLANE('',#9854);
#8911=PLANE('',#9857);
#8912=PLANE('',#9860);
#8913=PLANE('',#9863);
#8914=PLANE('',#9864);
#8915=PLANE('',#9915);
#8916=PLANE('',#9916);
#8917=PLANE('',#9934);
#8918=PLANE('',#9937);
#8919=PLANE('',#9938);
#8920=PLANE('',#9939);
#8921=PLANE('',#9940);
#8922=PLANE('',#9941);
#8923=PLANE('',#9942);
#8924=PLANE('',#9946);
#8925=PLANE('',#9947);
#8926=PLANE('',#9951);
#8927=PLANE('',#9953);
#8928=PLANE('',#9954);
#8929=PLANE('',#9955);
#8930=PLANE('',#9956);
#8931=PLANE('',#9957);
#8932=PLANE('',#9958);
#8933=PLANE('',#9959);
#8934=PLANE('',#9964);
#8935=PLANE('',#9965);
#8936=PLANE('',#9970);
#8937=PLANE('',#9973);
#8938=PLANE('',#9974);
#8939=PLANE('',#9979);
#8940=PLANE('',#9980);
#8941=PLANE('',#9981);
#8942=PLANE('',#9986);
#8943=PLANE('',#9989);
#8944=PLANE('',#9992);
#8945=PLANE('',#9997);
#8946=PLANE('',#9998);
#8947=PLANE('',#9999);
#8948=PLANE('',#10004);
#8949=PLANE('',#10005);
#8950=PLANE('',#10006);
#8951=PLANE('',#10007);
#8952=PLANE('',#10008);
#8953=PLANE('',#10013);
#8954=PLANE('',#10014);
#8955=PLANE('',#10015);
#8956=PLANE('',#10020);
#8957=PLANE('',#10023);
#8958=PLANE('',#10026);
#8959=PLANE('',#10031);
#8960=PLANE('',#10032);
#8961=PLANE('',#10033);
#8962=PLANE('',#10034);
#8963=PLANE('',#10039);
#8964=PLANE('',#10040);
#8965=PLANE('',#10045);
#8966=PLANE('',#10048);
#8967=PLANE('',#10061);
#8968=PLANE('',#10062);
#8969=PLANE('',#10067);
#8970=PLANE('',#10072);
#8971=PLANE('',#10073);
#8972=PLANE('',#10074);
#8973=PLANE('',#10078);
#8974=PLANE('',#10079);
#8975=PLANE('',#10080);
#8976=PLANE('',#10082);
#8977=PLANE('',#10084);
#8978=PLANE('',#10088);
#8979=PLANE('',#10089);
#8980=PLANE('',#10090);
#8981=PLANE('',#10092);
#8982=PLANE('',#10102);
#8983=PLANE('',#10103);
#8984=PLANE('',#10104);
#8985=PLANE('',#10105);
#8986=PLANE('',#10107);
#8987=PLANE('',#10108);
#8988=PLANE('',#10109);
#8989=PLANE('',#10130);
#8990=PLANE('',#10131);
#8991=PLANE('',#10132);
#8992=PLANE('',#10133);
#8993=PLANE('',#10134);
#8994=PLANE('',#10135);
#8995=PLANE('',#10136);
#8996=PLANE('',#10137);
#8997=PLANE('',#10138);
#8998=PLANE('',#10139);
#8999=PLANE('',#10140);
#9000=PLANE('',#10141);
#9001=PLANE('',#10142);
#9002=PLANE('',#10143);
#9003=PLANE('',#10144);
#9004=PLANE('',#10145);
#9005=PLANE('',#10146);
#9006=PLANE('',#10147);
#9007=PLANE('',#10148);
#9008=PLANE('',#10149);
#9009=PLANE('',#10150);
#9010=PLANE('',#10151);
#9011=PLANE('',#10152);
#9012=PLANE('',#10153);
#9013=PLANE('',#10154);
#9014=PLANE('',#10158);
#9015=PLANE('',#10162);
#9016=PLANE('',#10163);
#9017=PLANE('',#10167);
#9018=PLANE('',#10179);
#9019=PLANE('',#10180);
#9020=PLANE('',#10181);
#9021=PLANE('',#10183);
#9022=PLANE('',#10185);
#9023=PLANE('',#10186);
#9024=PLANE('',#10188);
#9025=PLANE('',#10189);
#9026=PLANE('',#10191);
#9027=PLANE('',#10193);
#9028=PLANE('',#10195);
#9029=PLANE('',#10197);
#9030=PLANE('',#10198);
#9031=PLANE('',#10200);
#9032=PLANE('',#10201);
#9033=PLANE('',#10203);
#9034=PLANE('',#10205);
#9035=PLANE('',#10206);
#9036=PLANE('',#10212);
#9037=PLANE('',#10215);
#9038=PLANE('',#10218);
#9039=PLANE('',#10221);
#9040=PLANE('',#10226);
#9041=PLANE('',#10229);
#9042=PLANE('',#10232);
#9043=PLANE('',#10233);
#9044=PLANE('',#10247);
#9045=PLANE('',#10367);
#9046=PLANE('',#10369);
#9047=PLANE('',#10370);
#9048=PLANE('',#10371);
#9049=PLANE('',#10372);
#9050=PLANE('',#10373);
#9051=PLANE('',#10374);
#9052=PLANE('',#10375);
#9053=PLANE('',#10376);
#9054=PLANE('',#10377);
#9055=PLANE('',#10378);
#9056=PLANE('',#10379);
#9057=PLANE('',#10382);
#9058=PLANE('',#10385);
#9059=PLANE('',#10387);
#9060=PLANE('',#10390);
#9061=PLANE('',#10393);
#9062=PLANE('',#10394);
#9063=PLANE('',#10395);
#9064=PLANE('',#10399);
#9065=PLANE('',#10403);
#9066=PLANE('',#10405);
#9067=PLANE('',#10409);
#9068=PLANE('',#10414);
#9069=PLANE('',#10415);
#9070=PLANE('',#10416);
#9071=PLANE('',#10421);
#9072=PLANE('',#10422);
#9073=PLANE('',#10423);
#9074=PLANE('',#10428);
#9075=PLANE('',#10431);
#9076=PLANE('',#10432);
#9077=PLANE('',#10437);
#9078=PLANE('',#10438);
#9079=PLANE('',#10441);
#9080=PLANE('',#10442);
#9081=PLANE('',#10447);
#9082=PLANE('',#10452);
#9083=PLANE('',#10453);
#9084=PLANE('',#10458);
#9085=PLANE('',#10459);
#9086=PLANE('',#10480);
#9087=PLANE('',#10481);
#9088=PLANE('',#10496);
#9089=PLANE('',#10497);
#9090=PLANE('',#10500);
#9091=PLANE('',#10505);
#9092=PLANE('',#10508);
#9093=PLANE('',#10529);
#9094=PLANE('',#10530);
#9095=PLANE('',#10545);
#9096=PLANE('',#10546);
#9097=PLANE('',#10549);
#9098=PLANE('',#10554);
#9099=PLANE('',#10557);
#9100=PLANE('',#10560);
#9101=PLANE('',#10565);
#9102=PLANE('',#10568);
#9103=PLANE('',#10589);
#9104=PLANE('',#10590);
#9105=PLANE('',#10611);
#9106=PLANE('',#10612);
#9107=PLANE('',#10615);
#9108=PLANE('',#10620);
#9109=PLANE('',#10623);
#9110=PLANE('',#10626);
#9111=PLANE('',#10629);
#9112=PLANE('',#10630);
#9113=PLANE('',#10635);
#9114=PLANE('',#10636);
#9115=PLANE('',#10637);
#9116=PLANE('',#10641);
#9117=PLANE('',#10642);
#9118=PLANE('',#10644);
#9119=PLANE('',#10646);
#9120=PLANE('',#10650);
#9121=PLANE('',#10651);
#9122=PLANE('',#10652);
#9123=PLANE('',#10654);
#9124=PLANE('',#10658);
#9125=PLANE('',#10659);
#9126=PLANE('',#10660);
#9127=ADVANCED_FACE('',(#8233),#8853,.T.);
#9128=ADVANCED_FACE('',(#8234),#589,.T.);
#9129=ADVANCED_FACE('',(#8235),#111,.F.);
#9130=ADVANCED_FACE('',(#8236),#8854,.T.);
#9131=ADVANCED_FACE('',(#8237),#112,.F.);
#9132=ADVANCED_FACE('',(#8238,#8239,#8240,#8241,#8242,#8243,#8244),#8855,
 .T.);
#9133=ADVANCED_FACE('',(#8245,#8246,#8247),#8856,.T.);
#9134=ADVANCED_FACE('',(#8248,#8249),#8857,.F.);
#9135=ADVANCED_FACE('',(#8250),#8858,.T.);
#9136=ADVANCED_FACE('',(#8251),#8859,.F.);
#9137=ADVANCED_FACE('',(#8252),#8860,.F.);
#9138=ADVANCED_FACE('',(#8253),#8861,.F.);
#9139=ADVANCED_FACE('',(#8254),#8862,.F.);
#9140=ADVANCED_FACE('',(#8255),#8863,.F.);
#9141=ADVANCED_FACE('',(#8256),#8864,.F.);
#9142=ADVANCED_FACE('',(#8257),#8865,.F.);
#9143=ADVANCED_FACE('',(#8258),#8866,.F.);
#9144=ADVANCED_FACE('',(#8259),#8867,.F.);
#9145=ADVANCED_FACE('',(#8260),#8868,.F.);
#9146=ADVANCED_FACE('',(#8261),#8869,.F.);
#9147=ADVANCED_FACE('',(#8262),#8870,.F.);
#9148=ADVANCED_FACE('',(#8263),#8871,.F.);
#9149=ADVANCED_FACE('',(#8264),#8872,.F.);
#9150=ADVANCED_FACE('',(#8265),#8873,.F.);
#9151=ADVANCED_FACE('',(#8266),#8874,.F.);
#9152=ADVANCED_FACE('',(#8267),#8875,.F.);
#9153=ADVANCED_FACE('',(#8268),#8876,.F.);
#9154=ADVANCED_FACE('',(#8269),#8877,.F.);
#9155=ADVANCED_FACE('',(#8270),#8878,.F.);
#9156=ADVANCED_FACE('',(#8271),#8879,.F.);
#9157=ADVANCED_FACE('',(#8272),#8880,.F.);
#9158=ADVANCED_FACE('',(#8273),#8881,.F.);
#9159=ADVANCED_FACE('',(#8274),#8882,.T.);
#9160=ADVANCED_FACE('',(#8275),#590,.F.);
#9161=ADVANCED_FACE('',(#8276),#8883,.T.);
#9162=ADVANCED_FACE('',(#8277),#591,.F.);
#9163=ADVANCED_FACE('',(#8278),#8884,.T.);
#9164=ADVANCED_FACE('',(#8279),#50,.F.);
#9165=ADVANCED_FACE('',(#8280),#51,.F.);
#9166=ADVANCED_FACE('',(#8281),#8885,.T.);
#9167=ADVANCED_FACE('',(#8282),#592,.F.);
#9168=ADVANCED_FACE('',(#8283,#8284),#8886,.F.);
#9169=ADVANCED_FACE('',(#8285),#8887,.F.);
#9170=ADVANCED_FACE('',(#8286),#8888,.T.);
#9171=ADVANCED_FACE('',(#8287),#8889,.T.);
#9172=ADVANCED_FACE('',(#8288),#593,.F.);
#9173=ADVANCED_FACE('',(#8289),#8890,.T.);
#9174=ADVANCED_FACE('',(#8290),#594,.F.);
#9175=ADVANCED_FACE('',(#8291),#8891,.T.);
#9176=ADVANCED_FACE('',(#8292),#8892,.T.);
#9177=ADVANCED_FACE('',(#8293),#595,.F.);
#9178=ADVANCED_FACE('',(#8294),#8893,.T.);
#9179=ADVANCED_FACE('',(#8295),#8894,.T.);
#9180=ADVANCED_FACE('',(#8296),#596,.F.);
#9181=ADVANCED_FACE('',(#8297),#8895,.T.);
#9182=ADVANCED_FACE('',(#8298),#597,.F.);
#9183=ADVANCED_FACE('',(#8299),#8896,.T.);
#9184=ADVANCED_FACE('',(#8300),#598,.T.);
#9185=ADVANCED_FACE('',(#8301),#8897,.T.);
#9186=ADVANCED_FACE('',(#8302),#599,.F.);
#9187=ADVANCED_FACE('',(#8303),#8898,.T.);
#9188=ADVANCED_FACE('',(#8304),#8899,.F.);
#9189=ADVANCED_FACE('',(#8305),#600,.F.);
#9190=ADVANCED_FACE('',(#8306),#8900,.T.);
#9191=ADVANCED_FACE('',(#8307),#8901,.T.);
#9192=ADVANCED_FACE('',(#8308),#601,.F.);
#9193=ADVANCED_FACE('',(#8309),#8902,.T.);
#9194=ADVANCED_FACE('',(#8310),#602,.F.);
#9195=ADVANCED_FACE('',(#8311),#8903,.T.);
#9196=ADVANCED_FACE('',(#8312),#8904,.T.);
#9197=ADVANCED_FACE('',(#8313),#603,.F.);
#9198=ADVANCED_FACE('',(#8314),#8905,.T.);
#9199=ADVANCED_FACE('',(#8315),#8906,.T.);
#9200=ADVANCED_FACE('',(#8316),#604,.T.);
#9201=ADVANCED_FACE('',(#8317),#605,.F.);
#9202=ADVANCED_FACE('',(#8318),#8907,.F.);
#9203=ADVANCED_FACE('',(#8319),#606,.T.);
#9204=ADVANCED_FACE('',(#8320),#8908,.F.);
#9205=ADVANCED_FACE('',(#8321),#607,.T.);
#9206=ADVANCED_FACE('',(#8322),#8909,.F.);
#9207=ADVANCED_FACE('',(#8323),#608,.F.);
#9208=ADVANCED_FACE('',(#8324),#609,.T.);
#9209=ADVANCED_FACE('',(#8325),#8910,.F.);
#9210=ADVANCED_FACE('',(#8326),#610,.T.);
#9211=ADVANCED_FACE('',(#8327),#8911,.F.);
#9212=ADVANCED_FACE('',(#8328),#611,.F.);
#9213=ADVANCED_FACE('',(#8329),#8912,.F.);
#9214=ADVANCED_FACE('',(#8330),#612,.T.);
#9215=ADVANCED_FACE('',(#8331),#8913,.F.);
#9216=ADVANCED_FACE('',(#8332,#8333),#8914,.T.);
#9217=ADVANCED_FACE('',(#8334,#8335),#113,.F.);
#9218=ADVANCED_FACE('',(#8336,#8337),#114,.F.);
#9219=ADVANCED_FACE('',(#8338),#14,.T.);
#9220=ADVANCED_FACE('',(#8339),#613,.T.);
#9221=ADVANCED_FACE('',(#8340),#15,.T.);
#9222=ADVANCED_FACE('',(#8341),#16,.T.);
#9223=ADVANCED_FACE('',(#8342),#614,.T.);
#9224=ADVANCED_FACE('',(#8343),#17,.T.);
#9225=ADVANCED_FACE('',(#8344),#18,.T.);
#9226=ADVANCED_FACE('',(#8345,#8346),#115,.T.);
#9227=ADVANCED_FACE('',(#8347),#615,.T.);
#9228=ADVANCED_FACE('',(#8348,#8349),#616,.F.);
#9229=ADVANCED_FACE('',(#8350,#8351),#617,.F.);
#9230=ADVANCED_FACE('',(#8352),#618,.T.);
#9231=ADVANCED_FACE('',(#8353,#8354),#116,.T.);
#9232=ADVANCED_FACE('',(#8355),#619,.T.);
#9233=ADVANCED_FACE('',(#8356),#8915,.F.);
#9234=ADVANCED_FACE('',(#8357),#8916,.F.);
#9235=ADVANCED_FACE('',(#8358),#19,.T.);
#9236=ADVANCED_FACE('',(#8359),#20,.T.);
#9237=ADVANCED_FACE('',(#8360),#620,.T.);
#9238=ADVANCED_FACE('',(#8361),#21,.T.);
#9239=ADVANCED_FACE('',(#8362),#621,.T.);
#9240=ADVANCED_FACE('',(#8363),#22,.T.);
#9241=ADVANCED_FACE('',(#8364),#622,.T.);
#9242=ADVANCED_FACE('',(#8365),#623,.T.);
#9243=ADVANCED_FACE('',(#8366),#8917,.T.);
#9244=ADVANCED_FACE('',(#8367),#624,.F.);
#9245=ADVANCED_FACE('',(#8368),#625,.T.);
#9246=ADVANCED_FACE('',(#8369),#8918,.T.);
#9247=ADVANCED_FACE('',(#8370,#8371),#8919,.T.);
#9248=ADVANCED_FACE('',(#8372,#8373),#8920,.F.);
#9249=ADVANCED_FACE('',(#8374,#8375),#8921,.T.);
#9250=ADVANCED_FACE('',(#8376,#8377),#8922,.F.);
#9251=ADVANCED_FACE('',(#8378),#8923,.F.);
#9252=ADVANCED_FACE('',(#8379),#626,.F.);
#9253=ADVANCED_FACE('',(#8380),#627,.T.);
#9254=ADVANCED_FACE('',(#8381),#628,.T.);
#9255=ADVANCED_FACE('',(#8382),#8924,.T.);
#9256=ADVANCED_FACE('',(#8383),#8925,.F.);
#9257=ADVANCED_FACE('',(#8384),#629,.F.);
#9258=ADVANCED_FACE('',(#8385),#630,.T.);
#9259=ADVANCED_FACE('',(#8386),#631,.T.);
#9260=ADVANCED_FACE('',(#8387),#8926,.T.);
#9261=ADVANCED_FACE('',(#8388),#632,.T.);
#9262=ADVANCED_FACE('',(#8389),#8927,.F.);
#9263=ADVANCED_FACE('',(#8390),#8928,.F.);
#9264=ADVANCED_FACE('',(#8391),#8929,.F.);
#9265=ADVANCED_FACE('',(#8392),#8930,.F.);
#9266=ADVANCED_FACE('',(#8393),#8931,.T.);
#9267=ADVANCED_FACE('',(#8394),#8932,.F.);
#9268=ADVANCED_FACE('',(#8395),#8933,.T.);
#9269=ADVANCED_FACE('',(#8396),#633,.T.);
#9270=ADVANCED_FACE('',(#8397),#8934,.F.);
#9271=ADVANCED_FACE('',(#8398),#8935,.F.);
#9272=ADVANCED_FACE('',(#8399),#634,.F.);
#9273=ADVANCED_FACE('',(#8400),#635,.F.);
#9274=ADVANCED_FACE('',(#8401),#8936,.F.);
#9275=ADVANCED_FACE('',(#8402),#52,.F.);
#9276=ADVANCED_FACE('',(#8403),#636,.F.);
#9277=ADVANCED_FACE('',(#8404),#8937,.F.);
#9278=ADVANCED_FACE('',(#8405),#8938,.F.);
#9279=ADVANCED_FACE('',(#8406),#637,.F.);
#9280=ADVANCED_FACE('',(#8407),#638,.F.);
#9281=ADVANCED_FACE('',(#8408),#8939,.F.);
#9282=ADVANCED_FACE('',(#8409),#8940,.T.);
#9283=ADVANCED_FACE('',(#8410),#8941,.F.);
#9284=ADVANCED_FACE('',(#8411),#639,.F.);
#9285=ADVANCED_FACE('',(#8412),#640,.F.);
#9286=ADVANCED_FACE('',(#8413),#8942,.F.);
#9287=ADVANCED_FACE('',(#8414),#641,.F.);
#9288=ADVANCED_FACE('',(#8415),#8943,.F.);
#9289=ADVANCED_FACE('',(#8416),#642,.F.);
#9290=ADVANCED_FACE('',(#8417),#8944,.F.);
#9291=ADVANCED_FACE('',(#8418),#643,.F.);
#9292=ADVANCED_FACE('',(#8419),#644,.F.);
#9293=ADVANCED_FACE('',(#8420),#8945,.F.);
#9294=ADVANCED_FACE('',(#8421),#8946,.F.);
#9295=ADVANCED_FACE('',(#8422),#8947,.F.);
#9296=ADVANCED_FACE('',(#8423),#645,.F.);
#9297=ADVANCED_FACE('',(#8424),#646,.F.);
#9298=ADVANCED_FACE('',(#8425),#8948,.F.);
#9299=ADVANCED_FACE('',(#8426),#8949,.F.);
#9300=ADVANCED_FACE('',(#8427),#8950,.T.);
#9301=ADVANCED_FACE('',(#8428),#8951,.F.);
#9302=ADVANCED_FACE('',(#8429),#8952,.F.);
#9303=ADVANCED_FACE('',(#8430),#647,.F.);
#9304=ADVANCED_FACE('',(#8431),#648,.F.);
#9305=ADVANCED_FACE('',(#8432),#8953,.F.);
#9306=ADVANCED_FACE('',(#8433),#8954,.F.);
#9307=ADVANCED_FACE('',(#8434),#8955,.F.);
#9308=ADVANCED_FACE('',(#8435),#649,.F.);
#9309=ADVANCED_FACE('',(#8436),#650,.F.);
#9310=ADVANCED_FACE('',(#8437),#8956,.F.);
#9311=ADVANCED_FACE('',(#8438),#651,.F.);
#9312=ADVANCED_FACE('',(#8439),#8957,.F.);
#9313=ADVANCED_FACE('',(#8440),#652,.F.);
#9314=ADVANCED_FACE('',(#8441),#8958,.F.);
#9315=ADVANCED_FACE('',(#8442),#653,.F.);
#9316=ADVANCED_FACE('',(#8443),#654,.F.);
#9317=ADVANCED_FACE('',(#8444),#8959,.F.);
#9318=ADVANCED_FACE('',(#8445),#8960,.T.);
#9319=ADVANCED_FACE('',(#8446),#53,.F.);
#9320=ADVANCED_FACE('',(#8447),#8961,.F.);
#9321=ADVANCED_FACE('',(#8448),#8962,.F.);
#9322=ADVANCED_FACE('',(#8449),#655,.F.);
#9323=ADVANCED_FACE('',(#8450),#656,.F.);
#9324=ADVANCED_FACE('',(#8451),#8963,.F.);
#9325=ADVANCED_FACE('',(#8452),#8964,.F.);
#9326=ADVANCED_FACE('',(#8453),#657,.F.);
#9327=ADVANCED_FACE('',(#8454),#658,.F.);
#9328=ADVANCED_FACE('',(#8455),#8965,.F.);
#9329=ADVANCED_FACE('',(#8456),#659,.F.);
#9330=ADVANCED_FACE('',(#8457),#8966,.T.);
#9331=ADVANCED_FACE('',(#8458),#660,.T.);
#9332=ADVANCED_FACE('',(#8459),#661,.T.);
#9333=ADVANCED_FACE('',(#8460),#662,.T.);
#9334=ADVANCED_FACE('',(#8461),#54,.F.);
#9335=ADVANCED_FACE('',(#8462),#55,.F.);
#9336=ADVANCED_FACE('',(#8463),#56,.F.);
#9337=ADVANCED_FACE('',(#8464),#57,.F.);
#9338=ADVANCED_FACE('',(#8465),#663,.T.);
#9339=ADVANCED_FACE('',(#8466,#8467),#8967,.T.);
#9340=ADVANCED_FACE('',(#8468),#8968,.F.);
#9341=ADVANCED_FACE('',(#8469),#664,.F.);
#9342=ADVANCED_FACE('',(#8470),#665,.F.);
#9343=ADVANCED_FACE('',(#8471),#8969,.F.);
#9344=ADVANCED_FACE('',(#8472),#666,.F.);
#9345=ADVANCED_FACE('',(#8473),#667,.F.);
#9346=ADVANCED_FACE('',(#8474),#8970,.T.);
#9347=ADVANCED_FACE('',(#8475),#8971,.T.);
#9348=ADVANCED_FACE('',(#8476),#8972,.F.);
#9349=ADVANCED_FACE('',(#8477),#668,.T.);
#9350=ADVANCED_FACE('',(#8478),#8973,.T.);
#9351=ADVANCED_FACE('',(#8479),#8974,.T.);
#9352=ADVANCED_FACE('',(#8480,#8481),#8975,.T.);
#9353=ADVANCED_FACE('',(#8482,#8483),#8976,.F.);
#9354=ADVANCED_FACE('',(#8484),#8977,.F.);
#9355=ADVANCED_FACE('',(#8485),#669,.T.);
#9356=ADVANCED_FACE('',(#8486),#8978,.T.);
#9357=ADVANCED_FACE('',(#8487),#8979,.T.);
#9358=ADVANCED_FACE('',(#8488,#8489),#8980,.T.);
#9359=ADVANCED_FACE('',(#8490,#8491),#8981,.F.);
#9360=ADVANCED_FACE('',(#8492,#8493),#117,.T.);
#9361=ADVANCED_FACE('',(#8494,#8495),#118,.T.);
#9362=ADVANCED_FACE('',(#8496,#8497),#670,.F.);
#9363=ADVANCED_FACE('',(#8498,#8499),#119,.F.);
#9364=ADVANCED_FACE('',(#8500,#8501),#671,.F.);
#9365=ADVANCED_FACE('',(#8502,#8503),#120,.F.);
#9366=ADVANCED_FACE('',(#8504),#8982,.F.);
#9367=ADVANCED_FACE('',(#8505),#8983,.F.);
#9368=ADVANCED_FACE('',(#8506),#8984,.F.);
#9369=ADVANCED_FACE('',(#8507),#8985,.T.);
#9370=ADVANCED_FACE('',(#8508,#8509,#8510,#8511,#8512,#8513,#8514),#8986,
 .T.);
#9371=ADVANCED_FACE('',(#8515),#8987,.T.);
#9372=ADVANCED_FACE('',(#8516,#8517),#8988,.F.);
#9373=ADVANCED_FACE('',(#8518),#8989,.T.);
#9374=ADVANCED_FACE('',(#8519),#8990,.F.);
#9375=ADVANCED_FACE('',(#8520),#8991,.F.);
#9376=ADVANCED_FACE('',(#8521),#8992,.F.);
#9377=ADVANCED_FACE('',(#8522),#8993,.F.);
#9378=ADVANCED_FACE('',(#8523),#8994,.F.);
#9379=ADVANCED_FACE('',(#8524),#8995,.F.);
#9380=ADVANCED_FACE('',(#8525),#8996,.F.);
#9381=ADVANCED_FACE('',(#8526),#8997,.F.);
#9382=ADVANCED_FACE('',(#8527),#8998,.F.);
#9383=ADVANCED_FACE('',(#8528),#8999,.F.);
#9384=ADVANCED_FACE('',(#8529),#9000,.F.);
#9385=ADVANCED_FACE('',(#8530),#9001,.F.);
#9386=ADVANCED_FACE('',(#8531),#9002,.F.);
#9387=ADVANCED_FACE('',(#8532),#9003,.F.);
#9388=ADVANCED_FACE('',(#8533),#9004,.F.);
#9389=ADVANCED_FACE('',(#8534),#9005,.F.);
#9390=ADVANCED_FACE('',(#8535),#9006,.F.);
#9391=ADVANCED_FACE('',(#8536),#9007,.F.);
#9392=ADVANCED_FACE('',(#8537),#9008,.F.);
#9393=ADVANCED_FACE('',(#8538),#9009,.F.);
#9394=ADVANCED_FACE('',(#8539),#9010,.F.);
#9395=ADVANCED_FACE('',(#8540),#9011,.F.);
#9396=ADVANCED_FACE('',(#8541),#9012,.F.);
#9397=ADVANCED_FACE('',(#8542),#9013,.T.);
#9398=ADVANCED_FACE('',(#8543),#672,.F.);
#9399=ADVANCED_FACE('',(#8544),#9014,.T.);
#9400=ADVANCED_FACE('',(#8545),#673,.F.);
#9401=ADVANCED_FACE('',(#8546),#9015,.T.);
#9402=ADVANCED_FACE('',(#8547),#58,.T.);
#9403=ADVANCED_FACE('',(#8548),#59,.T.);
#9404=ADVANCED_FACE('',(#8549),#9016,.T.);
#9405=ADVANCED_FACE('',(#8550),#674,.F.);
#9406=ADVANCED_FACE('',(#8551,#8552),#9017,.F.);
#9407=ADVANCED_FACE('',(#8553),#9018,.F.);
#9408=ADVANCED_FACE('',(#8554),#9019,.T.);
#9409=ADVANCED_FACE('',(#8555),#9020,.T.);
#9410=ADVANCED_FACE('',(#8556),#675,.F.);
#9411=ADVANCED_FACE('',(#8557),#9021,.T.);
#9412=ADVANCED_FACE('',(#8558),#676,.F.);
#9413=ADVANCED_FACE('',(#8559),#9022,.T.);
#9414=ADVANCED_FACE('',(#8560),#9023,.T.);
#9415=ADVANCED_FACE('',(#8561),#677,.F.);
#9416=ADVANCED_FACE('',(#8562),#9024,.T.);
#9417=ADVANCED_FACE('',(#8563),#9025,.T.);
#9418=ADVANCED_FACE('',(#8564),#678,.F.);
#9419=ADVANCED_FACE('',(#8565),#9026,.T.);
#9420=ADVANCED_FACE('',(#8566),#679,.F.);
#9421=ADVANCED_FACE('',(#8567),#9027,.T.);
#9422=ADVANCED_FACE('',(#8568),#680,.T.);
#9423=ADVANCED_FACE('',(#8569),#9028,.T.);
#9424=ADVANCED_FACE('',(#8570),#681,.F.);
#9425=ADVANCED_FACE('',(#8571),#9029,.T.);
#9426=ADVANCED_FACE('',(#8572),#9030,.F.);
#9427=ADVANCED_FACE('',(#8573),#682,.F.);
#9428=ADVANCED_FACE('',(#8574),#9031,.T.);
#9429=ADVANCED_FACE('',(#8575),#9032,.T.);
#9430=ADVANCED_FACE('',(#8576),#683,.F.);
#9431=ADVANCED_FACE('',(#8577),#9033,.T.);
#9432=ADVANCED_FACE('',(#8578),#684,.F.);
#9433=ADVANCED_FACE('',(#8579),#9034,.T.);
#9434=ADVANCED_FACE('',(#8580),#9035,.T.);
#9435=ADVANCED_FACE('',(#8581),#685,.F.);
#9436=ADVANCED_FACE('',(#8582),#686,.T.);
#9437=ADVANCED_FACE('',(#8583),#687,.F.);
#9438=ADVANCED_FACE('',(#8584),#9036,.T.);
#9439=ADVANCED_FACE('',(#8585),#688,.F.);
#9440=ADVANCED_FACE('',(#8586),#9037,.T.);
#9441=ADVANCED_FACE('',(#8587),#689,.T.);
#9442=ADVANCED_FACE('',(#8588),#9038,.F.);
#9443=ADVANCED_FACE('',(#8589),#690,.F.);
#9444=ADVANCED_FACE('',(#8590),#9039,.T.);
#9445=ADVANCED_FACE('',(#8591),#691,.F.);
#9446=ADVANCED_FACE('',(#8592),#692,.T.);
#9447=ADVANCED_FACE('',(#8593),#9040,.F.);
#9448=ADVANCED_FACE('',(#8594),#693,.F.);
#9449=ADVANCED_FACE('',(#8595),#9041,.T.);
#9450=ADVANCED_FACE('',(#8596),#694,.F.);
#9451=ADVANCED_FACE('',(#8597),#9042,.T.);
#9452=ADVANCED_FACE('',(#8598,#8599),#9043,.T.);
#9453=ADVANCED_FACE('',(#8600,#8601),#121,.F.);
#9454=ADVANCED_FACE('',(#8602,#8603),#122,.F.);
#9455=ADVANCED_FACE('',(#8604,#8605,#8606,#8607,#8608,#8609,#8610,#8611,
#8612,#8613,#8614,#8615,#8616,#8617),#9044,.T.);
#9456=ADVANCED_FACE('',(#8618,#8619),#695,.F.);
#9457=ADVANCED_FACE('',(#8620,#8621),#123,.T.);
#9458=ADVANCED_FACE('',(#8622,#8623),#124,.T.);
#9459=ADVANCED_FACE('',(#8624,#8625),#696,.F.);
#9460=ADVANCED_FACE('',(#8626),#697,.T.);
#9461=ADVANCED_FACE('',(#8627),#23,.T.);
#9462=ADVANCED_FACE('',(#8628),#24,.T.);
#9463=ADVANCED_FACE('',(#8629),#698,.T.);
#9464=ADVANCED_FACE('',(#8630),#25,.T.);
#9465=ADVANCED_FACE('',(#8631),#26,.T.);
#9466=ADVANCED_FACE('',(#8632),#699,.T.);
#9467=ADVANCED_FACE('',(#8633),#27,.T.);
#9468=ADVANCED_FACE('',(#8634),#700,.T.);
#9469=ADVANCED_FACE('',(#8635),#28,.T.);
#9470=ADVANCED_FACE('',(#8636),#701,.T.);
#9471=ADVANCED_FACE('',(#8637),#29,.T.);
#9472=ADVANCED_FACE('',(#8638),#702,.T.);
#9473=ADVANCED_FACE('',(#8639),#30,.T.);
#9474=ADVANCED_FACE('',(#8640),#31,.T.);
#9475=ADVANCED_FACE('',(#8641),#703,.T.);
#9476=ADVANCED_FACE('',(#8642),#704,.T.);
#9477=ADVANCED_FACE('',(#8643),#705,.T.);
#9478=ADVANCED_FACE('',(#8644),#9045,.T.);
#9479=ADVANCED_FACE('',(#8645),#706,.T.);
#9480=ADVANCED_FACE('',(#8646),#9046,.F.);
#9481=ADVANCED_FACE('',(#8647),#9047,.T.);
#9482=ADVANCED_FACE('',(#8648),#9048,.F.);
#9483=ADVANCED_FACE('',(#8649,#8650),#9049,.T.);
#9484=ADVANCED_FACE('',(#8651,#8652),#9050,.F.);
#9485=ADVANCED_FACE('',(#8653),#9051,.F.);
#9486=ADVANCED_FACE('',(#8654),#9052,.F.);
#9487=ADVANCED_FACE('',(#8655,#8656),#9053,.T.);
#9488=ADVANCED_FACE('',(#8657),#9054,.F.);
#9489=ADVANCED_FACE('',(#8658,#8659),#9055,.F.);
#9490=ADVANCED_FACE('',(#8660),#9056,.F.);
#9491=ADVANCED_FACE('',(#8661),#707,.F.);
#9492=ADVANCED_FACE('',(#8662),#708,.T.);
#9493=ADVANCED_FACE('',(#8663),#9057,.T.);
#9494=ADVANCED_FACE('',(#8664),#709,.T.);
#9495=ADVANCED_FACE('',(#8665),#710,.F.);
#9496=ADVANCED_FACE('',(#8666),#9058,.F.);
#9497=ADVANCED_FACE('',(#8667),#711,.T.);
#9498=ADVANCED_FACE('',(#8668),#9059,.T.);
#9499=ADVANCED_FACE('',(#8669),#712,.T.);
#9500=ADVANCED_FACE('',(#8670),#713,.F.);
#9501=ADVANCED_FACE('',(#8671),#9060,.F.);
#9502=ADVANCED_FACE('',(#8672),#714,.T.);
#9503=ADVANCED_FACE('',(#8673),#715,.T.);
#9504=ADVANCED_FACE('',(#8674),#9061,.T.);
#9505=ADVANCED_FACE('',(#8675),#9062,.T.);
#9506=ADVANCED_FACE('',(#8676),#9063,.T.);
#9507=ADVANCED_FACE('',(#8677),#716,.T.);
#9508=ADVANCED_FACE('',(#8678),#9064,.T.);
#9509=ADVANCED_FACE('',(#8679),#717,.T.);
#9510=ADVANCED_FACE('',(#8680),#9065,.T.);
#9511=ADVANCED_FACE('',(#8681),#9066,.F.);
#9512=ADVANCED_FACE('',(#8682,#8683),#125,.T.);
#9513=ADVANCED_FACE('',(#8684,#8685),#126,.T.);
#9514=ADVANCED_FACE('',(#8686),#9067,.F.);
#9515=ADVANCED_FACE('',(#8687),#718,.F.);
#9516=ADVANCED_FACE('',(#8688),#719,.F.);
#9517=ADVANCED_FACE('',(#8689),#9068,.F.);
#9518=ADVANCED_FACE('',(#8690),#9069,.F.);
#9519=ADVANCED_FACE('',(#8691),#9070,.F.);
#9520=ADVANCED_FACE('',(#8692),#720,.F.);
#9521=ADVANCED_FACE('',(#8693),#721,.F.);
#9522=ADVANCED_FACE('',(#8694),#9071,.F.);
#9523=ADVANCED_FACE('',(#8695),#9072,.F.);
#9524=ADVANCED_FACE('',(#8696),#9073,.F.);
#9525=ADVANCED_FACE('',(#8697),#722,.F.);
#9526=ADVANCED_FACE('',(#8698),#723,.F.);
#9527=ADVANCED_FACE('',(#8699),#9074,.F.);
#9528=ADVANCED_FACE('',(#8700),#724,.F.);
#9529=ADVANCED_FACE('',(#8701),#9075,.F.);
#9530=ADVANCED_FACE('',(#8702),#9076,.F.);
#9531=ADVANCED_FACE('',(#8703),#725,.F.);
#9532=ADVANCED_FACE('',(#8704),#726,.F.);
#9533=ADVANCED_FACE('',(#8705),#9077,.F.);
#9534=ADVANCED_FACE('',(#8706),#9078,.F.);
#9535=ADVANCED_FACE('',(#8707),#727,.F.);
#9536=ADVANCED_FACE('',(#8708),#9079,.T.);
#9537=ADVANCED_FACE('',(#8709),#9080,.F.);
#9538=ADVANCED_FACE('',(#8710),#728,.F.);
#9539=ADVANCED_FACE('',(#8711),#729,.F.);
#9540=ADVANCED_FACE('',(#8712),#9081,.F.);
#9541=ADVANCED_FACE('',(#8713),#730,.F.);
#9542=ADVANCED_FACE('',(#8714),#731,.F.);
#9543=ADVANCED_FACE('',(#8715),#9082,.F.);
#9544=ADVANCED_FACE('',(#8716),#9083,.F.);
#9545=ADVANCED_FACE('',(#8717),#732,.F.);
#9546=ADVANCED_FACE('',(#8718),#733,.F.);
#9547=ADVANCED_FACE('',(#8719),#9084,.F.);
#9548=ADVANCED_FACE('',(#8720),#9085,.T.);
#9549=ADVANCED_FACE('',(#8721),#734,.F.);
#9550=ADVANCED_FACE('',(#8722),#735,.F.);
#9551=ADVANCED_FACE('',(#8723),#736,.F.);
#9552=ADVANCED_FACE('',(#8724),#737,.T.);
#9553=ADVANCED_FACE('',(#8725),#738,.T.);
#9554=ADVANCED_FACE('',(#8726),#739,.T.);
#9555=ADVANCED_FACE('',(#8727),#740,.T.);
#9556=ADVANCED_FACE('',(#8728),#741,.F.);
#9557=ADVANCED_FACE('',(#8729,#8730),#9086,.T.);
#9558=ADVANCED_FACE('',(#8731),#9087,.T.);
#9559=ADVANCED_FACE('',(#8732),#742,.T.);
#9560=ADVANCED_FACE('',(#8733),#743,.T.);
#9561=ADVANCED_FACE('',(#8734),#744,.T.);
#9562=ADVANCED_FACE('',(#8735),#745,.T.);
#9563=ADVANCED_FACE('',(#8736,#8737),#746,.F.);
#9564=ADVANCED_FACE('',(#8738,#8739),#9088,.T.);
#9565=ADVANCED_FACE('',(#8740),#9089,.T.);
#9566=ADVANCED_FACE('',(#8741),#747,.F.);
#9567=ADVANCED_FACE('',(#8742),#9090,.F.);
#9568=ADVANCED_FACE('',(#8743),#748,.F.);
#9569=ADVANCED_FACE('',(#8744),#749,.F.);
#9570=ADVANCED_FACE('',(#8745),#9091,.F.);
#9571=ADVANCED_FACE('',(#8746),#750,.F.);
#9572=ADVANCED_FACE('',(#8747),#9092,.T.);
#9573=ADVANCED_FACE('',(#8748),#751,.F.);
#9574=ADVANCED_FACE('',(#8749),#752,.F.);
#9575=ADVANCED_FACE('',(#8750),#753,.F.);
#9576=ADVANCED_FACE('',(#8751),#754,.T.);
#9577=ADVANCED_FACE('',(#8752),#755,.T.);
#9578=ADVANCED_FACE('',(#8753),#756,.T.);
#9579=ADVANCED_FACE('',(#8754),#757,.T.);
#9580=ADVANCED_FACE('',(#8755),#758,.F.);
#9581=ADVANCED_FACE('',(#8756,#8757),#9093,.T.);
#9582=ADVANCED_FACE('',(#8758),#9094,.T.);
#9583=ADVANCED_FACE('',(#8759),#759,.T.);
#9584=ADVANCED_FACE('',(#8760),#760,.T.);
#9585=ADVANCED_FACE('',(#8761),#761,.T.);
#9586=ADVANCED_FACE('',(#8762),#762,.T.);
#9587=ADVANCED_FACE('',(#8763,#8764),#763,.F.);
#9588=ADVANCED_FACE('',(#8765,#8766),#9095,.T.);
#9589=ADVANCED_FACE('',(#8767),#9096,.T.);
#9590=ADVANCED_FACE('',(#8768),#764,.F.);
#9591=ADVANCED_FACE('',(#8769),#9097,.F.);
#9592=ADVANCED_FACE('',(#8770),#765,.F.);
#9593=ADVANCED_FACE('',(#8771),#766,.F.);
#9594=ADVANCED_FACE('',(#8772),#9098,.F.);
#9595=ADVANCED_FACE('',(#8773),#767,.F.);
#9596=ADVANCED_FACE('',(#8774),#9099,.T.);
#9597=ADVANCED_FACE('',(#8775),#768,.F.);
#9598=ADVANCED_FACE('',(#8776),#9100,.F.);
#9599=ADVANCED_FACE('',(#8777),#769,.F.);
#9600=ADVANCED_FACE('',(#8778),#770,.F.);
#9601=ADVANCED_FACE('',(#8779),#9101,.F.);
#9602=ADVANCED_FACE('',(#8780),#771,.F.);
#9603=ADVANCED_FACE('',(#8781),#9102,.T.);
#9604=ADVANCED_FACE('',(#8782),#772,.F.);
#9605=ADVANCED_FACE('',(#8783),#773,.F.);
#9606=ADVANCED_FACE('',(#8784),#774,.F.);
#9607=ADVANCED_FACE('',(#8785),#775,.T.);
#9608=ADVANCED_FACE('',(#8786),#776,.T.);
#9609=ADVANCED_FACE('',(#8787),#777,.T.);
#9610=ADVANCED_FACE('',(#8788),#778,.T.);
#9611=ADVANCED_FACE('',(#8789),#779,.F.);
#9612=ADVANCED_FACE('',(#8790,#8791),#9103,.T.);
#9613=ADVANCED_FACE('',(#8792),#9104,.T.);
#9614=ADVANCED_FACE('',(#8793),#780,.F.);
#9615=ADVANCED_FACE('',(#8794),#781,.F.);
#9616=ADVANCED_FACE('',(#8795),#782,.F.);
#9617=ADVANCED_FACE('',(#8796),#783,.T.);
#9618=ADVANCED_FACE('',(#8797),#784,.T.);
#9619=ADVANCED_FACE('',(#8798),#785,.T.);
#9620=ADVANCED_FACE('',(#8799),#786,.T.);
#9621=ADVANCED_FACE('',(#8800),#787,.F.);
#9622=ADVANCED_FACE('',(#8801,#8802),#9105,.T.);
#9623=ADVANCED_FACE('',(#8803),#9106,.T.);
#9624=ADVANCED_FACE('',(#8804),#788,.F.);
#9625=ADVANCED_FACE('',(#8805),#9107,.F.);
#9626=ADVANCED_FACE('',(#8806),#789,.F.);
#9627=ADVANCED_FACE('',(#8807),#790,.F.);
#9628=ADVANCED_FACE('',(#8808),#9108,.F.);
#9629=ADVANCED_FACE('',(#8809),#791,.F.);
#9630=ADVANCED_FACE('',(#8810),#9109,.T.);
#9631=ADVANCED_FACE('',(#8811),#60,.F.);
#9632=ADVANCED_FACE('',(#8812),#792,.F.);
#9633=ADVANCED_FACE('',(#8813),#9110,.F.);
#9634=ADVANCED_FACE('',(#8814),#61,.F.);
#9635=ADVANCED_FACE('',(#8815),#793,.F.);
#9636=ADVANCED_FACE('',(#8816),#9111,.F.);
#9637=ADVANCED_FACE('',(#8817),#9112,.F.);
#9638=ADVANCED_FACE('',(#8818),#794,.F.);
#9639=ADVANCED_FACE('',(#8819),#795,.F.);
#9640=ADVANCED_FACE('',(#8820),#9113,.F.);
#9641=ADVANCED_FACE('',(#8821),#9114,.T.);
#9642=ADVANCED_FACE('',(#8822),#9115,.T.);
#9643=ADVANCED_FACE('',(#8823),#796,.T.);
#9644=ADVANCED_FACE('',(#8824),#9116,.T.);
#9645=ADVANCED_FACE('',(#8825,#8826),#9117,.T.);
#9646=ADVANCED_FACE('',(#8827,#8828),#9118,.F.);
#9647=ADVANCED_FACE('',(#8829),#9119,.F.);
#9648=ADVANCED_FACE('',(#8830),#797,.T.);
#9649=ADVANCED_FACE('',(#8831),#9120,.F.);
#9650=ADVANCED_FACE('',(#8832),#9121,.F.);
#9651=ADVANCED_FACE('',(#8833,#8834),#9122,.T.);
#9652=ADVANCED_FACE('',(#8835),#9123,.T.);
#9653=ADVANCED_FACE('',(#8836),#798,.T.);
#9654=ADVANCED_FACE('',(#8837),#9124,.T.);
#9655=ADVANCED_FACE('',(#8838),#9125,.T.);
#9656=ADVANCED_FACE('',(#8839,#8840),#9126,.F.);
#9657=ADVANCED_FACE('',(#8841,#8842),#127,.T.);
#9658=ADVANCED_FACE('',(#8843,#8844),#128,.T.);
#9659=ADVANCED_FACE('',(#8845,#8846),#799,.F.);
#9660=ADVANCED_FACE('',(#8847,#8848),#129,.F.);
#9661=ADVANCED_FACE('',(#8849,#8850),#800,.F.);
#9662=ADVANCED_FACE('',(#8851,#8852),#130,.F.);
#9663=CLOSED_SHELL('',(#9127,#9128,#9129,#9130,#9131,#9132,#9133,#9134,
#9135,#9136,#9137,#9138,#9139,#9140,#9141,#9142,#9143,#9144,#9145,#9146,
#9147,#9148,#9149,#9150,#9151,#9152,#9153,#9154,#9155,#9156,#9157,#9158,
#9159,#9160,#9161,#9162,#9163,#9164,#9165,#9166,#9167,#9168,#9169,#9170,
#9171,#9172,#9173,#9174,#9175,#9176,#9177,#9178,#9179,#9180,#9181,#9182,
#9183,#9184,#9185,#9186,#9187,#9188,#9189,#9190,#9191,#9192,#9193,#9194,
#9195,#9196,#9197,#9198,#9199,#9200,#9201,#9202,#9203,#9204,#9205,#9206,
#9207,#9208,#9209,#9210,#9211,#9212,#9213,#9214,#9215,#9216,#9217,#9218,
#9219,#9220,#9221,#9222,#9223,#9224,#9225,#9226,#9227,#9228,#9229,#9230,
#9231,#9232,#9233,#9234,#9235,#9236,#9237,#9238,#9239,#9240,#9241,#9242,
#9243,#9244,#9245,#9246,#9247,#9248,#9249,#9250,#9251,#9252,#9253,#9254,
#9255,#9256,#9257,#9258,#9259,#9260,#9261,#9262,#9263,#9264,#9265,#9266,
#9267,#9268,#9269,#9270,#9271,#9272,#9273,#9274,#9275,#9276,#9277,#9278,
#9279,#9280,#9281,#9282,#9283,#9284,#9285,#9286,#9287,#9288,#9289,#9290,
#9291,#9292,#9293,#9294,#9295,#9296,#9297,#9298,#9299,#9300,#9301,#9302,
#9303,#9304,#9305,#9306,#9307,#9308,#9309,#9310,#9311,#9312,#9313,#9314,
#9315,#9316,#9317,#9318,#9319,#9320,#9321,#9322,#9323,#9324,#9325,#9326,
#9327,#9328,#9329,#9330,#9331,#9332,#9333,#9334,#9335,#9336,#9337,#9338,
#9339,#9340,#9341,#9342,#9343,#9344,#9345,#9346,#9347,#9348,#9349,#9350,
#9351,#9352,#9353,#9354,#9355,#9356,#9357,#9358,#9359,#9360,#9361,#9362,
#9363,#9364,#9365,#9366,#9367,#9368,#9369));
#9664=CLOSED_SHELL('',(#9370,#9371,#9372,#9373,#9374,#9375,#9376,#9377,
#9378,#9379,#9380,#9381,#9382,#9383,#9384,#9385,#9386,#9387,#9388,#9389,
#9390,#9391,#9392,#9393,#9394,#9395,#9396,#9397,#9398,#9399,#9400,#9401,
#9402,#9403,#9404,#9405,#9406,#9407,#9408,#9409,#9410,#9411,#9412,#9413,
#9414,#9415,#9416,#9417,#9418,#9419,#9420,#9421,#9422,#9423,#9424,#9425,
#9426,#9427,#9428,#9429,#9430,#9431,#9432,#9433,#9434,#9435,#9436,#9437,
#9438,#9439,#9440,#9441,#9442,#9443,#9444,#9445,#9446,#9447,#9448,#9449,
#9450,#9451,#9452,#9453,#9454,#9455,#9456,#9457,#9458,#9459,#9460,#9461,
#9462,#9463,#9464,#9465,#9466,#9467,#9468,#9469,#9470,#9471,#9472,#9473,
#9474,#9475,#9476,#9477,#9478,#9479,#9480,#9481,#9482,#9483,#9484,#9485,
#9486,#9487,#9488,#9489,#9490,#9491,#9492,#9493,#9494,#9495,#9496,#9497,
#9498,#9499,#9500,#9501,#9502,#9503,#9504,#9505,#9506,#9507,#9508,#9509,
#9510,#9511,#9512,#9513,#9514,#9515,#9516,#9517,#9518,#9519,#9520,#9521,
#9522,#9523,#9524,#9525,#9526,#9527,#9528,#9529,#9530,#9531,#9532,#9533,
#9534,#9535,#9536,#9537,#9538,#9539,#9540,#9541,#9542,#9543,#9544,#9545,
#9546,#9547,#9548,#9549,#9550,#9551,#9552,#9553,#9554,#9555,#9556,#9557,
#9558,#9559,#9560,#9561,#9562,#9563,#9564,#9565,#9566,#9567,#9568,#9569,
#9570,#9571,#9572,#9573,#9574,#9575,#9576,#9577,#9578,#9579,#9580,#9581,
#9582,#9583,#9584,#9585,#9586,#9587,#9588,#9589,#9590,#9591,#9592,#9593,
#9594,#9595,#9596,#9597,#9598,#9599,#9600,#9601,#9602,#9603,#9604,#9605,
#9606,#9607,#9608,#9609,#9610,#9611,#9612,#9613,#9614,#9615,#9616,#9617,
#9618,#9619,#9620,#9621,#9622,#9623,#9624,#9625,#9626,#9627,#9628,#9629,
#9630,#9631,#9632,#9633,#9634,#9635,#9636,#9637,#9638,#9639,#9640,#9641,
#9642,#9643,#9644,#9645,#9646,#9647,#9648,#9649,#9650,#9651,#9652,#9653,
#9654,#9655,#9656,#9657,#9658,#9659,#9660,#9661,#9662));
#9665=STYLED_ITEM('',(#9667),#9680);
#9666=STYLED_ITEM('',(#9668),#9681);
#9667=PRESENTATION_STYLE_ASSIGNMENT((#9669));
#9668=PRESENTATION_STYLE_ASSIGNMENT((#9670));
#9669=SURFACE_STYLE_USAGE(.BOTH.,#9671);
#9670=SURFACE_STYLE_USAGE(.BOTH.,#9672);
#9671=SURFACE_SIDE_STYLE('',(#9673));
#9672=SURFACE_SIDE_STYLE('',(#9674));
#9673=SURFACE_STYLE_FILL_AREA(#9675);
#9674=SURFACE_STYLE_FILL_AREA(#9676);
#9675=FILL_AREA_STYLE('',(#9677));
#9676=FILL_AREA_STYLE('',(#9678));
#9677=FILL_AREA_STYLE_COLOUR('',#9679);
#9678=FILL_AREA_STYLE_COLOUR('',#9679);
#9679=COLOUR_RGB('',0.615686274509804,0.811764705882353,0.929411764705882);
#9680=MANIFOLD_SOLID_BREP('case_right',#9663);
#9681=MANIFOLD_SOLID_BREP('case_left',#9664);
#9682=SHAPE_DEFINITION_REPRESENTATION(#16642,#9684);
#9683=SHAPE_DEFINITION_REPRESENTATION(#16643,#9685);
#9684=SHAPE_REPRESENTATION('case_right',(#9686),#16632);
#9685=SHAPE_REPRESENTATION('case_left',(#10106),#16633);
#9686=AXIS2_PLACEMENT_3D('',#13513,#10670,#10671);
#9687=AXIS2_PLACEMENT_3D('',#13514,#10672,#10673);
#9688=AXIS2_PLACEMENT_3D('',#13525,#10679,#10680);
#9689=AXIS2_PLACEMENT_3D('',#13526,#10681,#10682);
#9690=AXIS2_PLACEMENT_3D('',#13529,#10683,#10684);
#9691=AXIS2_PLACEMENT_3D('',#13530,#10685,#10686);
#9692=AXIS2_PLACEMENT_3D('',#13533,#10688,#10689);
#9693=AXIS2_PLACEMENT_3D('',#13539,#10692,#10693);
#9694=AXIS2_PLACEMENT_3D('',#13540,#10694,#10695);
#9695=AXIS2_PLACEMENT_3D('',#13546,#10698,#10699);
#9696=AXIS2_PLACEMENT_3D('',#13553,#10703,#10704);
#9697=AXIS2_PLACEMENT_3D('',#13557,#10707,#10708);
#9698=AXIS2_PLACEMENT_3D('',#13561,#10710,#10711);
#9699=AXIS2_PLACEMENT_3D('',#13563,#10712,#10713);
#9700=AXIS2_PLACEMENT_3D('',#13567,#10715,#10716);
#9701=AXIS2_PLACEMENT_3D('',#13569,#10717,#10718);
#9702=AXIS2_PLACEMENT_3D('',#13599,#10719,#10720);
#9703=AXIS2_PLACEMENT_3D('',#13603,#10722,#10723);
#9704=AXIS2_PLACEMENT_3D('',#13605,#10724,#10725);
#9705=AXIS2_PLACEMENT_3D('',#13611,#10728,#10729);
#9706=AXIS2_PLACEMENT_3D('',#13613,#10730,#10731);
#9707=AXIS2_PLACEMENT_3D('',#13623,#10736,#10737);
#9708=AXIS2_PLACEMENT_3D('',#13625,#10738,#10739);
#9709=AXIS2_PLACEMENT_3D('',#13629,#10741,#10742);
#9710=AXIS2_PLACEMENT_3D('',#13633,#10744,#10745);
#9711=AXIS2_PLACEMENT_3D('',#13637,#10747,#10748);
#9712=AXIS2_PLACEMENT_3D('',#13639,#10749,#10750);
#9713=AXIS2_PLACEMENT_3D('',#13647,#10754,#10755);
#9714=AXIS2_PLACEMENT_3D('',#13649,#10756,#10757);
#9715=AXIS2_PLACEMENT_3D('',#13657,#10761,#10762);
#9716=AXIS2_PLACEMENT_3D('',#13659,#10763,#10764);
#9717=AXIS2_PLACEMENT_3D('',#13665,#10767,#10768);
#9718=AXIS2_PLACEMENT_3D('',#13674,#10770,#10771);
#9719=AXIS2_PLACEMENT_3D('',#13676,#10772,#10773);
#9720=AXIS2_PLACEMENT_3D('',#13680,#10775,#10776);
#9721=AXIS2_PLACEMENT_3D('',#13684,#10778,#10779);
#9722=AXIS2_PLACEMENT_3D('',#13686,#10780,#10781);
#9723=AXIS2_PLACEMENT_3D('',#13690,#10783,#10784);
#9724=AXIS2_PLACEMENT_3D('',#13694,#10786,#10787);
#9725=AXIS2_PLACEMENT_3D('',#13698,#10789,#10790);
#9726=AXIS2_PLACEMENT_3D('',#13700,#10791,#10792);
#9727=AXIS2_PLACEMENT_3D('',#13704,#10794,#10795);
#9728=AXIS2_PLACEMENT_3D('',#13708,#10797,#10798);
#9729=AXIS2_PLACEMENT_3D('',#13712,#10800,#10801);
#9730=AXIS2_PLACEMENT_3D('',#13714,#10802,#10803);
#9731=AXIS2_PLACEMENT_3D('',#13722,#10807,#10808);
#9732=AXIS2_PLACEMENT_3D('',#13724,#10809,#10810);
#9733=AXIS2_PLACEMENT_3D('',#13732,#10814,#10815);
#9734=AXIS2_PLACEMENT_3D('',#13734,#10816,#10817);
#9735=AXIS2_PLACEMENT_3D('',#13738,#10819,#10820);
#9736=AXIS2_PLACEMENT_3D('',#13742,#10822,#10823);
#9737=AXIS2_PLACEMENT_3D('',#13743,#10824,#10825);
#9738=AXIS2_PLACEMENT_3D('',#13762,#10836,#10837);
#9739=AXIS2_PLACEMENT_3D('',#13768,#10840,#10841);
#9740=AXIS2_PLACEMENT_3D('',#13772,#10843,#10844);
#9741=AXIS2_PLACEMENT_3D('',#13778,#10847,#10848);
#9742=AXIS2_PLACEMENT_3D('',#13784,#10851,#10852);
#9743=AXIS2_PLACEMENT_3D('',#13788,#10854,#10855);
#9744=AXIS2_PLACEMENT_3D('',#13792,#10857,#10858);
#9745=AXIS2_PLACEMENT_3D('',#13796,#10860,#10861);
#9746=AXIS2_PLACEMENT_3D('',#13802,#10864,#10865);
#9747=AXIS2_PLACEMENT_3D('',#13808,#10868,#10869);
#9748=AXIS2_PLACEMENT_3D('',#13812,#10871,#10872);
#9749=AXIS2_PLACEMENT_3D('',#13818,#10875,#10876);
#9750=AXIS2_PLACEMENT_3D('',#13819,#10877,#10878);
#9751=AXIS2_PLACEMENT_3D('',#13824,#10880,#10881);
#9752=AXIS2_PLACEMENT_3D('',#13828,#10883,#10884);
#9753=AXIS2_PLACEMENT_3D('',#13832,#10886,#10887);
#9754=AXIS2_PLACEMENT_3D('',#13836,#10889,#10890);
#9755=AXIS2_PLACEMENT_3D('',#13838,#10891,#10892);
#9756=AXIS2_PLACEMENT_3D('',#13842,#10894,#10895);
#9757=AXIS2_PLACEMENT_3D('',#13846,#10897,#10898);
#9758=AXIS2_PLACEMENT_3D('',#13850,#10900,#10901);
#9759=AXIS2_PLACEMENT_3D('',#13851,#10902,#10903);
#9760=AXIS2_PLACEMENT_3D('',#13860,#10908,#10909);
#9761=AXIS2_PLACEMENT_3D('',#13869,#10912,#10913);
#9762=AXIS2_PLACEMENT_3D('',#13878,#10916,#10917);
#9763=AXIS2_PLACEMENT_3D('',#13887,#10920,#10921);
#9764=AXIS2_PLACEMENT_3D('',#13896,#10924,#10925);
#9765=AXIS2_PLACEMENT_3D('',#13905,#10928,#10929);
#9766=AXIS2_PLACEMENT_3D('',#13914,#10932,#10933);
#9767=AXIS2_PLACEMENT_3D('',#13923,#10936,#10937);
#9768=AXIS2_PLACEMENT_3D('',#13932,#10940,#10941);
#9769=AXIS2_PLACEMENT_3D('',#13941,#10944,#10945);
#9770=AXIS2_PLACEMENT_3D('',#13950,#10948,#10949);
#9771=AXIS2_PLACEMENT_3D('',#13959,#10952,#10953);
#9772=AXIS2_PLACEMENT_3D('',#13968,#10956,#10957);
#9773=AXIS2_PLACEMENT_3D('',#13977,#10960,#10961);
#9774=AXIS2_PLACEMENT_3D('',#13986,#10964,#10965);
#9775=AXIS2_PLACEMENT_3D('',#13995,#10968,#10969);
#9776=AXIS2_PLACEMENT_3D('',#14004,#10972,#10973);
#9777=AXIS2_PLACEMENT_3D('',#14013,#10976,#10977);
#9778=AXIS2_PLACEMENT_3D('',#14022,#10980,#10981);
#9779=AXIS2_PLACEMENT_3D('',#14031,#10984,#10985);
#9780=AXIS2_PLACEMENT_3D('',#14040,#10988,#10989);
#9781=AXIS2_PLACEMENT_3D('',#14049,#10992,#10993);
#9782=AXIS2_PLACEMENT_3D('',#14058,#10996,#10997);
#9783=AXIS2_PLACEMENT_3D('',#14067,#11000,#11001);
#9784=AXIS2_PLACEMENT_3D('',#14073,#11005,#11006);
#9785=AXIS2_PLACEMENT_3D('',#14074,#11007,#11008);
#9786=AXIS2_PLACEMENT_3D('',#14076,#11009,#11010);
#9787=AXIS2_PLACEMENT_3D('',#14079,#11012,#11013);
#9788=AXIS2_PLACEMENT_3D('',#14085,#11017,#11018);
#9789=AXIS2_PLACEMENT_3D('',#14086,#11019,#11020);
#9790=AXIS2_PLACEMENT_3D('',#14088,#11021,#11022);
#9791=AXIS2_PLACEMENT_3D('',#14091,#11024,#11025);
#9792=AXIS2_PLACEMENT_3D('',#14147,#11031,#11032);
#9793=AXIS2_PLACEMENT_3D('',#14153,#11036,#11037);
#9794=AXIS2_PLACEMENT_3D('',#14154,#11038,#11039);
#9795=AXIS2_PLACEMENT_3D('',#14155,#11040,#11041);
#9796=AXIS2_PLACEMENT_3D('',#14156,#11042,#11043);
#9797=AXIS2_PLACEMENT_3D('',#14157,#11044,#11045);
#9798=AXIS2_PLACEMENT_3D('',#14164,#11048,#11049);
#9799=AXIS2_PLACEMENT_3D('',#14168,#11051,#11052);
#9800=AXIS2_PLACEMENT_3D('',#14174,#11055,#11056);
#9801=AXIS2_PLACEMENT_3D('',#14180,#11059,#11060);
#9802=AXIS2_PLACEMENT_3D('',#14184,#11062,#11063);
#9803=AXIS2_PLACEMENT_3D('',#14188,#11065,#11066);
#9804=AXIS2_PLACEMENT_3D('',#14192,#11068,#11069);
#9805=AXIS2_PLACEMENT_3D('',#14198,#11072,#11073);
#9806=AXIS2_PLACEMENT_3D('',#14204,#11076,#11077);
#9807=AXIS2_PLACEMENT_3D('',#14208,#11079,#11080);
#9808=AXIS2_PLACEMENT_3D('',#14213,#11083,#11084);
#9809=AXIS2_PLACEMENT_3D('',#14214,#11085,#11086);
#9810=AXIS2_PLACEMENT_3D('',#14217,#11089,#11090);
#9811=AXIS2_PLACEMENT_3D('',#14219,#11092,#11093);
#9812=AXIS2_PLACEMENT_3D('',#14221,#11095,#11096);
#9813=AXIS2_PLACEMENT_3D('',#14223,#11098,#11099);
#9814=AXIS2_PLACEMENT_3D('',#14225,#11101,#11102);
#9815=AXIS2_PLACEMENT_3D('',#14227,#11104,#11105);
#9816=AXIS2_PLACEMENT_3D('',#14229,#11107,#11108);
#9817=AXIS2_PLACEMENT_3D('',#14231,#11110,#11111);
#9818=AXIS2_PLACEMENT_3D('',#14233,#11113,#11114);
#9819=AXIS2_PLACEMENT_3D('',#14235,#11116,#11117);
#9820=AXIS2_PLACEMENT_3D('',#14237,#11119,#11120);
#9821=AXIS2_PLACEMENT_3D('',#14239,#11122,#11123);
#9822=AXIS2_PLACEMENT_3D('',#14241,#11125,#11126);
#9823=AXIS2_PLACEMENT_3D('',#14243,#11128,#11129);
#9824=AXIS2_PLACEMENT_3D('',#14245,#11131,#11132);
#9825=AXIS2_PLACEMENT_3D('',#14247,#11134,#11135);
#9826=AXIS2_PLACEMENT_3D('',#14249,#11137,#11138);
#9827=AXIS2_PLACEMENT_3D('',#14251,#11140,#11141);
#9828=AXIS2_PLACEMENT_3D('',#14253,#11143,#11144);
#9829=AXIS2_PLACEMENT_3D('',#14255,#11146,#11147);
#9830=AXIS2_PLACEMENT_3D('',#14257,#11149,#11150);
#9831=AXIS2_PLACEMENT_3D('',#14259,#11152,#11153);
#9832=AXIS2_PLACEMENT_3D('',#14261,#11155,#11156);
#9833=AXIS2_PLACEMENT_3D('',#14263,#11158,#11159);
#9834=AXIS2_PLACEMENT_3D('',#14265,#11161,#11162);
#9835=AXIS2_PLACEMENT_3D('',#14267,#11164,#11165);
#9836=AXIS2_PLACEMENT_3D('',#14269,#11167,#11168);
#9837=AXIS2_PLACEMENT_3D('',#14270,#11169,#11170);
#9838=AXIS2_PLACEMENT_3D('',#14279,#11175,#11176);
#9839=AXIS2_PLACEMENT_3D('',#14288,#11181,#11182);
#9840=AXIS2_PLACEMENT_3D('',#14291,#11184,#11185);
#9841=AXIS2_PLACEMENT_3D('',#14294,#11187,#11188);
#9842=AXIS2_PLACEMENT_3D('',#14297,#11190,#11191);
#9843=AXIS2_PLACEMENT_3D('',#14298,#11192,#11193);
#9844=AXIS2_PLACEMENT_3D('',#14302,#11196,#11197);
#9845=AXIS2_PLACEMENT_3D('',#14305,#11199,#11200);
#9846=AXIS2_PLACEMENT_3D('',#14306,#11201,#11202);
#9847=AXIS2_PLACEMENT_3D('',#14310,#11205,#11206);
#9848=AXIS2_PLACEMENT_3D('',#14313,#11208,#11209);
#9849=AXIS2_PLACEMENT_3D('',#14314,#11210,#11211);
#9850=AXIS2_PLACEMENT_3D('',#14318,#11214,#11215);
#9851=AXIS2_PLACEMENT_3D('',#14321,#11217,#11218);
#9852=AXIS2_PLACEMENT_3D('',#14322,#11219,#11220);
#9853=AXIS2_PLACEMENT_3D('',#14325,#11222,#11223);
#9854=AXIS2_PLACEMENT_3D('',#14326,#11224,#11225);
#9855=AXIS2_PLACEMENT_3D('',#14330,#11228,#11229);
#9856=AXIS2_PLACEMENT_3D('',#14333,#11231,#11232);
#9857=AXIS2_PLACEMENT_3D('',#14334,#11233,#11234);
#9858=AXIS2_PLACEMENT_3D('',#14338,#11237,#11238);
#9859=AXIS2_PLACEMENT_3D('',#14341,#11240,#11241);
#9860=AXIS2_PLACEMENT_3D('',#14342,#11242,#11243);
#9861=AXIS2_PLACEMENT_3D('',#14346,#11246,#11247);
#9862=AXIS2_PLACEMENT_3D('',#14349,#11249,#11250);
#9863=AXIS2_PLACEMENT_3D('',#14350,#11251,#11252);
#9864=AXIS2_PLACEMENT_3D('',#14352,#11254,#11255);
#9865=AXIS2_PLACEMENT_3D('',#14356,#11257,#11258);
#9866=AXIS2_PLACEMENT_3D('',#14360,#11260,#11261);
#9867=AXIS2_PLACEMENT_3D('',#14362,#11262,#11263);
#9868=AXIS2_PLACEMENT_3D('',#14366,#11265,#11266);
#9869=AXIS2_PLACEMENT_3D('',#14367,#11267,#11268);
#9870=AXIS2_PLACEMENT_3D('',#14371,#11270,#11271);
#9871=AXIS2_PLACEMENT_3D('',#14375,#11273,#11274);
#9872=AXIS2_PLACEMENT_3D('',#14377,#11275,#11276);
#9873=AXIS2_PLACEMENT_3D('',#14381,#11278,#11279);
#9874=AXIS2_PLACEMENT_3D('',#14392,#11286,#11287);
#9875=AXIS2_PLACEMENT_3D('',#14394,#11288,#11289);
#9876=AXIS2_PLACEMENT_3D('',#14396,#11290,#11291);
#9877=AXIS2_PLACEMENT_3D('',#14398,#11292,#11293);
#9878=AXIS2_PLACEMENT_3D('',#14400,#11294,#11295);
#9879=AXIS2_PLACEMENT_3D('',#14401,#11296,#11297);
#9880=AXIS2_PLACEMENT_3D('',#14403,#11298,#11299);
#9881=AXIS2_PLACEMENT_3D('',#14405,#11300,#11301);
#9882=AXIS2_PLACEMENT_3D('',#14406,#11302,#11303);
#9883=AXIS2_PLACEMENT_3D('',#14407,#11304,#11305);
#9884=AXIS2_PLACEMENT_3D('',#14410,#11307,#11308);
#9885=AXIS2_PLACEMENT_3D('',#14416,#11309,#11310);
#9886=AXIS2_PLACEMENT_3D('',#14417,#11311,#11312);
#9887=AXIS2_PLACEMENT_3D('',#14418,#11313,#11314);
#9888=AXIS2_PLACEMENT_3D('',#14420,#11315,#11316);
#9889=AXIS2_PLACEMENT_3D('',#14422,#11317,#11318);
#9890=AXIS2_PLACEMENT_3D('',#14423,#11319,#11320);
#9891=AXIS2_PLACEMENT_3D('',#14424,#11321,#11322);
#9892=AXIS2_PLACEMENT_3D('',#14427,#11324,#11325);
#9893=AXIS2_PLACEMENT_3D('',#14428,#11326,#11327);
#9894=AXIS2_PLACEMENT_3D('',#14430,#11328,#11329);
#9895=AXIS2_PLACEMENT_3D('',#14431,#11330,#11331);
#9896=AXIS2_PLACEMENT_3D('',#14432,#11332,#11333);
#9897=AXIS2_PLACEMENT_3D('',#14434,#11334,#11335);
#9898=AXIS2_PLACEMENT_3D('',#14436,#11336,#11337);
#9899=AXIS2_PLACEMENT_3D('',#14437,#11338,#11339);
#9900=AXIS2_PLACEMENT_3D('',#14439,#11340,#11341);
#9901=AXIS2_PLACEMENT_3D('',#14441,#11342,#11343);
#9902=AXIS2_PLACEMENT_3D('',#14442,#11344,#11345);
#9903=AXIS2_PLACEMENT_3D('',#14447,#11347,#11348);
#9904=AXIS2_PLACEMENT_3D('',#14450,#11350,#11351);
#9905=AXIS2_PLACEMENT_3D('',#14451,#11352,#11353);
#9906=AXIS2_PLACEMENT_3D('',#14453,#11354,#11355);
#9907=AXIS2_PLACEMENT_3D('',#14454,#11356,#11357);
#9908=AXIS2_PLACEMENT_3D('',#14456,#11358,#11359);
#9909=AXIS2_PLACEMENT_3D('',#14457,#11360,#11361);
#9910=AXIS2_PLACEMENT_3D('',#14462,#11363,#11364);
#9911=AXIS2_PLACEMENT_3D('',#14465,#11366,#11367);
#9912=AXIS2_PLACEMENT_3D('',#14467,#11368,#11369);
#9913=AXIS2_PLACEMENT_3D('',#14469,#11370,#11371);
#9914=AXIS2_PLACEMENT_3D('',#14470,#11372,#11373);
#9915=AXIS2_PLACEMENT_3D('',#14473,#11375,#11376);
#9916=AXIS2_PLACEMENT_3D('',#14479,#11380,#11381);
#9917=AXIS2_PLACEMENT_3D('',#14485,#11385,#11386);
#9918=AXIS2_PLACEMENT_3D('',#14486,#11387,#11388);
#9919=AXIS2_PLACEMENT_3D('',#14488,#11389,#11390);
#9920=AXIS2_PLACEMENT_3D('',#14489,#11391,#11392);
#9921=AXIS2_PLACEMENT_3D('',#14490,#11393,#11394);
#9922=AXIS2_PLACEMENT_3D('',#14492,#11395,#11396);
#9923=AXIS2_PLACEMENT_3D('',#14493,#11397,#11398);
#9924=AXIS2_PLACEMENT_3D('',#14494,#11399,#11400);
#9925=AXIS2_PLACEMENT_3D('',#14495,#11401,#11402);
#9926=AXIS2_PLACEMENT_3D('',#14496,#11403,#11404);
#9927=AXIS2_PLACEMENT_3D('',#14498,#11405,#11406);
#9928=AXIS2_PLACEMENT_3D('',#14499,#11407,#11408);
#9929=AXIS2_PLACEMENT_3D('',#14501,#11410,#11411);
#9930=AXIS2_PLACEMENT_3D('',#14502,#11412,#11413);
#9931=AXIS2_PLACEMENT_3D('',#14504,#11414,#11415);
#9932=AXIS2_PLACEMENT_3D('',#14505,#11416,#11417);
#9933=AXIS2_PLACEMENT_3D('',#14507,#11419,#11420);
#9934=AXIS2_PLACEMENT_3D('',#14509,#11422,#11423);
#9935=AXIS2_PLACEMENT_3D('',#14512,#11426,#11427);
#9936=AXIS2_PLACEMENT_3D('',#14514,#11429,#11430);
#9937=AXIS2_PLACEMENT_3D('',#14516,#11432,#11433);
#9938=AXIS2_PLACEMENT_3D('',#14532,#11445,#11446);
#9939=AXIS2_PLACEMENT_3D('',#14534,#11448,#11449);
#9940=AXIS2_PLACEMENT_3D('',#14536,#11451,#11452);
#9941=AXIS2_PLACEMENT_3D('',#14538,#11454,#11455);
#9942=AXIS2_PLACEMENT_3D('',#14540,#11457,#11458);
#9943=AXIS2_PLACEMENT_3D('',#14543,#11461,#11462);
#9944=AXIS2_PLACEMENT_3D('',#14545,#11464,#11465);
#9945=AXIS2_PLACEMENT_3D('',#14546,#11466,#11467);
#9946=AXIS2_PLACEMENT_3D('',#14548,#11469,#11470);
#9947=AXIS2_PLACEMENT_3D('',#14550,#11472,#11473);
#9948=AXIS2_PLACEMENT_3D('',#14553,#11476,#11477);
#9949=AXIS2_PLACEMENT_3D('',#14554,#11478,#11479);
#9950=AXIS2_PLACEMENT_3D('',#14555,#11480,#11481);
#9951=AXIS2_PLACEMENT_3D('',#14557,#11483,#11484);
#9952=AXIS2_PLACEMENT_3D('',#14559,#11486,#11487);
#9953=AXIS2_PLACEMENT_3D('',#14560,#11488,#11489);
#9954=AXIS2_PLACEMENT_3D('',#14561,#11490,#11491);
#9955=AXIS2_PLACEMENT_3D('',#14562,#11492,#11493);
#9956=AXIS2_PLACEMENT_3D('',#14567,#11497,#11498);
#9957=AXIS2_PLACEMENT_3D('',#14570,#11501,#11502);
#9958=AXIS2_PLACEMENT_3D('',#14571,#11503,#11504);
#9959=AXIS2_PLACEMENT_3D('',#14577,#11508,#11509);
#9960=AXIS2_PLACEMENT_3D('',#14583,#11513,#11514);
#9961=AXIS2_PLACEMENT_3D('',#14584,#11515,#11516);
#9962=AXIS2_PLACEMENT_3D('',#14586,#11517,#11518);
#9963=AXIS2_PLACEMENT_3D('',#14587,#11519,#11520);
#9964=AXIS2_PLACEMENT_3D('',#14588,#11521,#11522);
#9965=AXIS2_PLACEMENT_3D('',#14589,#11523,#11524);
#9966=AXIS2_PLACEMENT_3D('',#14595,#11528,#11529);
#9967=AXIS2_PLACEMENT_3D('',#14598,#11531,#11532);
#9968=AXIS2_PLACEMENT_3D('',#14599,#11533,#11534);
#9969=AXIS2_PLACEMENT_3D('',#14602,#11536,#11537);
#9970=AXIS2_PLACEMENT_3D('',#14603,#11538,#11539);
#9971=AXIS2_PLACEMENT_3D('',#14621,#11543,#11544);
#9972=AXIS2_PLACEMENT_3D('',#14624,#11546,#11547);
#9973=AXIS2_PLACEMENT_3D('',#14625,#11548,#11549);
#9974=AXIS2_PLACEMENT_3D('',#14629,#11552,#11553);
#9975=AXIS2_PLACEMENT_3D('',#14633,#11556,#11557);
#9976=AXIS2_PLACEMENT_3D('',#14636,#11559,#11560);
#9977=AXIS2_PLACEMENT_3D('',#14637,#11561,#11562);
#9978=AXIS2_PLACEMENT_3D('',#14640,#11564,#11565);
#9979=AXIS2_PLACEMENT_3D('',#14641,#11566,#11567);
#9980=AXIS2_PLACEMENT_3D('',#14643,#11569,#11570);
#9981=AXIS2_PLACEMENT_3D('',#14644,#11571,#11572);
#9982=AXIS2_PLACEMENT_3D('',#14650,#11576,#11577);
#9983=AXIS2_PLACEMENT_3D('',#14653,#11579,#11580);
#9984=AXIS2_PLACEMENT_3D('',#14654,#11581,#11582);
#9985=AXIS2_PLACEMENT_3D('',#14657,#11584,#11585);
#9986=AXIS2_PLACEMENT_3D('',#14658,#11586,#11587);
#9987=AXIS2_PLACEMENT_3D('',#14662,#11590,#11591);
#9988=AXIS2_PLACEMENT_3D('',#14665,#11593,#11594);
#9989=AXIS2_PLACEMENT_3D('',#14666,#11595,#11596);
#9990=AXIS2_PLACEMENT_3D('',#14670,#11599,#11600);
#9991=AXIS2_PLACEMENT_3D('',#14673,#11602,#11603);
#9992=AXIS2_PLACEMENT_3D('',#14674,#11604,#11605);
#9993=AXIS2_PLACEMENT_3D('',#14678,#11608,#11609);
#9994=AXIS2_PLACEMENT_3D('',#14681,#11611,#11612);
#9995=AXIS2_PLACEMENT_3D('',#14682,#11613,#11614);
#9996=AXIS2_PLACEMENT_3D('',#14685,#11616,#11617);
#9997=AXIS2_PLACEMENT_3D('',#14686,#11618,#11619);
#9998=AXIS2_PLACEMENT_3D('',#14690,#11622,#11623);
#9999=AXIS2_PLACEMENT_3D('',#14694,#11626,#11627);
#10000=AXIS2_PLACEMENT_3D('',#14698,#11630,#11631);
#10001=AXIS2_PLACEMENT_3D('',#14701,#11633,#11634);
#10002=AXIS2_PLACEMENT_3D('',#14702,#11635,#11636);
#10003=AXIS2_PLACEMENT_3D('',#14705,#11638,#11639);
#10004=AXIS2_PLACEMENT_3D('',#14706,#11640,#11641);
#10005=AXIS2_PLACEMENT_3D('',#14710,#11644,#11645);
#10006=AXIS2_PLACEMENT_3D('',#14712,#11647,#11648);
#10007=AXIS2_PLACEMENT_3D('',#14713,#11649,#11650);
#10008=AXIS2_PLACEMENT_3D('',#14719,#11654,#11655);
#10009=AXIS2_PLACEMENT_3D('',#14723,#11658,#11659);
#10010=AXIS2_PLACEMENT_3D('',#14726,#11661,#11662);
#10011=AXIS2_PLACEMENT_3D('',#14727,#11663,#11664);
#10012=AXIS2_PLACEMENT_3D('',#14730,#11666,#11667);
#10013=AXIS2_PLACEMENT_3D('',#14731,#11668,#11669);
#10014=AXIS2_PLACEMENT_3D('',#14735,#11672,#11673);
#10015=AXIS2_PLACEMENT_3D('',#14739,#11676,#11677);
#10016=AXIS2_PLACEMENT_3D('',#14743,#11680,#11681);
#10017=AXIS2_PLACEMENT_3D('',#14746,#11683,#11684);
#10018=AXIS2_PLACEMENT_3D('',#14747,#11685,#11686);
#10019=AXIS2_PLACEMENT_3D('',#14750,#11688,#11689);
#10020=AXIS2_PLACEMENT_3D('',#14751,#11690,#11691);
#10021=AXIS2_PLACEMENT_3D('',#14755,#11694,#11695);
#10022=AXIS2_PLACEMENT_3D('',#14758,#11697,#11698);
#10023=AXIS2_PLACEMENT_3D('',#14759,#11699,#11700);
#10024=AXIS2_PLACEMENT_3D('',#14763,#11703,#11704);
#10025=AXIS2_PLACEMENT_3D('',#14766,#11706,#11707);
#10026=AXIS2_PLACEMENT_3D('',#14767,#11708,#11709);
#10027=AXIS2_PLACEMENT_3D('',#14771,#11712,#11713);
#10028=AXIS2_PLACEMENT_3D('',#14774,#11715,#11716);
#10029=AXIS2_PLACEMENT_3D('',#14775,#11717,#11718);
#10030=AXIS2_PLACEMENT_3D('',#14778,#11720,#11721);
#10031=AXIS2_PLACEMENT_3D('',#14779,#11722,#11723);
#10032=AXIS2_PLACEMENT_3D('',#14781,#11725,#11726);
#10033=AXIS2_PLACEMENT_3D('',#14801,#11729,#11730);
#10034=AXIS2_PLACEMENT_3D('',#14805,#11733,#11734);
#10035=AXIS2_PLACEMENT_3D('',#14809,#11737,#11738);
#10036=AXIS2_PLACEMENT_3D('',#14812,#11740,#11741);
#10037=AXIS2_PLACEMENT_3D('',#14813,#11742,#11743);
#10038=AXIS2_PLACEMENT_3D('',#14816,#11745,#11746);
#10039=AXIS2_PLACEMENT_3D('',#14817,#11747,#11748);
#10040=AXIS2_PLACEMENT_3D('',#14821,#11751,#11752);
#10041=AXIS2_PLACEMENT_3D('',#14825,#11755,#11756);
#10042=AXIS2_PLACEMENT_3D('',#14828,#11758,#11759);
#10043=AXIS2_PLACEMENT_3D('',#14829,#11760,#11761);
#10044=AXIS2_PLACEMENT_3D('',#14832,#11763,#11764);
#10045=AXIS2_PLACEMENT_3D('',#14833,#11765,#11766);
#10046=AXIS2_PLACEMENT_3D('',#14837,#11769,#11770);
#10047=AXIS2_PLACEMENT_3D('',#14838,#11771,#11772);
#10048=AXIS2_PLACEMENT_3D('',#14839,#11773,#11774);
#10049=AXIS2_PLACEMENT_3D('',#14840,#11775,#11776);
#10050=AXIS2_PLACEMENT_3D('',#14841,#11777,#11778);
#10051=AXIS2_PLACEMENT_3D('',#14846,#11780,#11781);
#10052=AXIS2_PLACEMENT_3D('',#14849,#11783,#11784);
#10053=AXIS2_PLACEMENT_3D('',#14850,#11785,#11786);
#10054=AXIS2_PLACEMENT_3D('',#14854,#11788,#11789);
#10055=AXIS2_PLACEMENT_3D('',#14855,#11790,#11791);
#10056=AXIS2_PLACEMENT_3D('',#14856,#11792,#11793);
#10057=AXIS2_PLACEMENT_3D('',#14860,#11795,#11796);
#10058=AXIS2_PLACEMENT_3D('',#14917,#11801,#11802);
#10059=AXIS2_PLACEMENT_3D('',#14918,#11803,#11804);
#10060=AXIS2_PLACEMENT_3D('',#14919,#11805,#11806);
#10061=AXIS2_PLACEMENT_3D('',#14920,#11807,#11808);
#10062=AXIS2_PLACEMENT_3D('',#14921,#11809,#11810);
#10063=AXIS2_PLACEMENT_3D('',#14927,#11814,#11815);
#10064=AXIS2_PLACEMENT_3D('',#14930,#11817,#11818);
#10065=AXIS2_PLACEMENT_3D('',#14931,#11819,#11820);
#10066=AXIS2_PLACEMENT_3D('',#14934,#11822,#11823);
#10067=AXIS2_PLACEMENT_3D('',#14935,#11824,#11825);
#10068=AXIS2_PLACEMENT_3D('',#14939,#11828,#11829);
#10069=AXIS2_PLACEMENT_3D('',#14942,#11831,#11832);
#10070=AXIS2_PLACEMENT_3D('',#14943,#11833,#11834);
#10071=AXIS2_PLACEMENT_3D('',#14944,#11835,#11836);
#10072=AXIS2_PLACEMENT_3D('',#14945,#11837,#11838);
#10073=AXIS2_PLACEMENT_3D('',#14946,#11839,#11840);
#10074=AXIS2_PLACEMENT_3D('',#14947,#11841,#11842);
#10075=AXIS2_PLACEMENT_3D('',#14956,#11847,#11848);
#10076=AXIS2_PLACEMENT_3D('',#14957,#11849,#11850);
#10077=AXIS2_PLACEMENT_3D('',#14961,#11852,#11853);
#10078=AXIS2_PLACEMENT_3D('',#14962,#11854,#11855);
#10079=AXIS2_PLACEMENT_3D('',#14965,#11858,#11859);
#10080=AXIS2_PLACEMENT_3D('',#14968,#11862,#11863);
#10081=AXIS2_PLACEMENT_3D('',#14969,#11864,#11865);
#10082=AXIS2_PLACEMENT_3D('',#14971,#11866,#11867);
#10083=AXIS2_PLACEMENT_3D('',#14972,#11868,#11869);
#10084=AXIS2_PLACEMENT_3D('',#14974,#11870,#11871);
#10085=AXIS2_PLACEMENT_3D('',#14983,#11876,#11877);
#10086=AXIS2_PLACEMENT_3D('',#14984,#11878,#11879);
#10087=AXIS2_PLACEMENT_3D('',#14988,#11881,#11882);
#10088=AXIS2_PLACEMENT_3D('',#14989,#11883,#11884);
#10089=AXIS2_PLACEMENT_3D('',#14992,#11887,#11888);
#10090=AXIS2_PLACEMENT_3D('',#14995,#11891,#11892);
#10091=AXIS2_PLACEMENT_3D('',#14996,#11893,#11894);
#10092=AXIS2_PLACEMENT_3D('',#14998,#11895,#11896);
#10093=AXIS2_PLACEMENT_3D('',#14999,#11897,#11898);
#10094=AXIS2_PLACEMENT_3D('',#15001,#11899,#11900);
#10095=AXIS2_PLACEMENT_3D('',#15003,#11901,#11902);
#10096=AXIS2_PLACEMENT_3D('',#15005,#11903,#11904);
#10097=AXIS2_PLACEMENT_3D('',#15006,#11905,#11906);
#10098=AXIS2_PLACEMENT_3D('',#15008,#11907,#11908);
#10099=AXIS2_PLACEMENT_3D('',#15010,#11909,#11910);
#10100=AXIS2_PLACEMENT_3D('',#15011,#11911,#11912);
#10101=AXIS2_PLACEMENT_3D('',#15013,#11913,#11914);
#10102=AXIS2_PLACEMENT_3D('',#15015,#11915,#11916);
#10103=AXIS2_PLACEMENT_3D('',#15017,#11918,#11919);
#10104=AXIS2_PLACEMENT_3D('',#15018,#11920,#11921);
#10105=AXIS2_PLACEMENT_3D('',#15020,#11923,#11924);
#10106=AXIS2_PLACEMENT_3D('',#15021,#11925,#11926);
#10107=AXIS2_PLACEMENT_3D('',#15022,#11927,#11928);
#10108=AXIS2_PLACEMENT_3D('',#15079,#11957,#11958);
#10109=AXIS2_PLACEMENT_3D('',#15096,#11967,#11968);
#10110=AXIS2_PLACEMENT_3D('',#15100,#11970,#11971);
#10111=AXIS2_PLACEMENT_3D('',#15106,#11974,#11975);
#10112=AXIS2_PLACEMENT_3D('',#15110,#11977,#11978);
#10113=AXIS2_PLACEMENT_3D('',#15116,#11981,#11982);
#10114=AXIS2_PLACEMENT_3D('',#15122,#11985,#11986);
#10115=AXIS2_PLACEMENT_3D('',#15126,#11988,#11989);
#10116=AXIS2_PLACEMENT_3D('',#15130,#11991,#11992);
#10117=AXIS2_PLACEMENT_3D('',#15134,#11994,#11995);
#10118=AXIS2_PLACEMENT_3D('',#15140,#11998,#11999);
#10119=AXIS2_PLACEMENT_3D('',#15146,#12002,#12003);
#10120=AXIS2_PLACEMENT_3D('',#15150,#12005,#12006);
#10121=AXIS2_PLACEMENT_3D('',#15153,#12008,#12009);
#10122=AXIS2_PLACEMENT_3D('',#15158,#12011,#12012);
#10123=AXIS2_PLACEMENT_3D('',#15162,#12014,#12015);
#10124=AXIS2_PLACEMENT_3D('',#15166,#12017,#12018);
#10125=AXIS2_PLACEMENT_3D('',#15168,#12019,#12020);
#10126=AXIS2_PLACEMENT_3D('',#15172,#12022,#12023);
#10127=AXIS2_PLACEMENT_3D('',#15176,#12025,#12026);
#10128=AXIS2_PLACEMENT_3D('',#15180,#12028,#12029);
#10129=AXIS2_PLACEMENT_3D('',#15184,#12031,#12032);
#10130=AXIS2_PLACEMENT_3D('',#15185,#12033,#12034);
#10131=AXIS2_PLACEMENT_3D('',#15194,#12039,#12040);
#10132=AXIS2_PLACEMENT_3D('',#15200,#12044,#12045);
#10133=AXIS2_PLACEMENT_3D('',#15206,#12049,#12050);
#10134=AXIS2_PLACEMENT_3D('',#15212,#12054,#12055);
#10135=AXIS2_PLACEMENT_3D('',#15218,#12059,#12060);
#10136=AXIS2_PLACEMENT_3D('',#15224,#12064,#12065);
#10137=AXIS2_PLACEMENT_3D('',#15230,#12069,#12070);
#10138=AXIS2_PLACEMENT_3D('',#15236,#12074,#12075);
#10139=AXIS2_PLACEMENT_3D('',#15242,#12079,#12080);
#10140=AXIS2_PLACEMENT_3D('',#15248,#12084,#12085);
#10141=AXIS2_PLACEMENT_3D('',#15254,#12089,#12090);
#10142=AXIS2_PLACEMENT_3D('',#15260,#12094,#12095);
#10143=AXIS2_PLACEMENT_3D('',#15266,#12099,#12100);
#10144=AXIS2_PLACEMENT_3D('',#15272,#12104,#12105);
#10145=AXIS2_PLACEMENT_3D('',#15278,#12109,#12110);
#10146=AXIS2_PLACEMENT_3D('',#15284,#12114,#12115);
#10147=AXIS2_PLACEMENT_3D('',#15290,#12119,#12120);
#10148=AXIS2_PLACEMENT_3D('',#15296,#12124,#12125);
#10149=AXIS2_PLACEMENT_3D('',#15302,#12129,#12130);
#10150=AXIS2_PLACEMENT_3D('',#15308,#12134,#12135);
#10151=AXIS2_PLACEMENT_3D('',#15314,#12139,#12140);
#10152=AXIS2_PLACEMENT_3D('',#15320,#12144,#12145);
#10153=AXIS2_PLACEMENT_3D('',#15326,#12149,#12150);
#10154=AXIS2_PLACEMENT_3D('',#15332,#12154,#12155);
#10155=AXIS2_PLACEMENT_3D('',#15338,#12159,#12160);
#10156=AXIS2_PLACEMENT_3D('',#15339,#12161,#12162);
#10157=AXIS2_PLACEMENT_3D('',#15343,#12164,#12165);
#10158=AXIS2_PLACEMENT_3D('',#15344,#12166,#12167);
#10159=AXIS2_PLACEMENT_3D('',#15350,#12171,#12172);
#10160=AXIS2_PLACEMENT_3D('',#15351,#12173,#12174);
#10161=AXIS2_PLACEMENT_3D('',#15355,#12176,#12177);
#10162=AXIS2_PLACEMENT_3D('',#15356,#12178,#12179);
#10163=AXIS2_PLACEMENT_3D('',#15412,#12185,#12186);
#10164=AXIS2_PLACEMENT_3D('',#15418,#12190,#12191);
#10165=AXIS2_PLACEMENT_3D('',#15419,#12192,#12193);
#10166=AXIS2_PLACEMENT_3D('',#15420,#12194,#12195);
#10167=AXIS2_PLACEMENT_3D('',#15421,#12196,#12197);
#10168=AXIS2_PLACEMENT_3D('',#15422,#12198,#12199);
#10169=AXIS2_PLACEMENT_3D('',#15429,#12202,#12203);
#10170=AXIS2_PLACEMENT_3D('',#15433,#12205,#12206);
#10171=AXIS2_PLACEMENT_3D('',#15439,#12209,#12210);
#10172=AXIS2_PLACEMENT_3D('',#15445,#12213,#12214);
#10173=AXIS2_PLACEMENT_3D('',#15449,#12216,#12217);
#10174=AXIS2_PLACEMENT_3D('',#15453,#12219,#12220);
#10175=AXIS2_PLACEMENT_3D('',#15457,#12222,#12223);
#10176=AXIS2_PLACEMENT_3D('',#15463,#12226,#12227);
#10177=AXIS2_PLACEMENT_3D('',#15469,#12230,#12231);
#10178=AXIS2_PLACEMENT_3D('',#15473,#12233,#12234);
#10179=AXIS2_PLACEMENT_3D('',#15478,#12237,#12238);
#10180=AXIS2_PLACEMENT_3D('',#15479,#12239,#12240);
#10181=AXIS2_PLACEMENT_3D('',#15482,#12243,#12244);
#10182=AXIS2_PLACEMENT_3D('',#15484,#12246,#12247);
#10183=AXIS2_PLACEMENT_3D('',#15486,#12249,#12250);
#10184=AXIS2_PLACEMENT_3D('',#15488,#12252,#12253);
#10185=AXIS2_PLACEMENT_3D('',#15490,#12255,#12256);
#10186=AXIS2_PLACEMENT_3D('',#15492,#12258,#12259);
#10187=AXIS2_PLACEMENT_3D('',#15494,#12261,#12262);
#10188=AXIS2_PLACEMENT_3D('',#15496,#12264,#12265);
#10189=AXIS2_PLACEMENT_3D('',#15498,#12267,#12268);
#10190=AXIS2_PLACEMENT_3D('',#15500,#12270,#12271);
#10191=AXIS2_PLACEMENT_3D('',#15502,#12273,#12274);
#10192=AXIS2_PLACEMENT_3D('',#15504,#12276,#12277);
#10193=AXIS2_PLACEMENT_3D('',#15506,#12279,#12280);
#10194=AXIS2_PLACEMENT_3D('',#15508,#12282,#12283);
#10195=AXIS2_PLACEMENT_3D('',#15510,#12285,#12286);
#10196=AXIS2_PLACEMENT_3D('',#15512,#12288,#12289);
#10197=AXIS2_PLACEMENT_3D('',#15514,#12291,#12292);
#10198=AXIS2_PLACEMENT_3D('',#15516,#12294,#12295);
#10199=AXIS2_PLACEMENT_3D('',#15518,#12297,#12298);
#10200=AXIS2_PLACEMENT_3D('',#15520,#12300,#12301);
#10201=AXIS2_PLACEMENT_3D('',#15522,#12303,#12304);
#10202=AXIS2_PLACEMENT_3D('',#15524,#12306,#12307);
#10203=AXIS2_PLACEMENT_3D('',#15526,#12309,#12310);
#10204=AXIS2_PLACEMENT_3D('',#15528,#12312,#12313);
#10205=AXIS2_PLACEMENT_3D('',#15530,#12315,#12316);
#10206=AXIS2_PLACEMENT_3D('',#15532,#12318,#12319);
#10207=AXIS2_PLACEMENT_3D('',#15534,#12321,#12322);
#10208=AXIS2_PLACEMENT_3D('',#15535,#12323,#12324);
#10209=AXIS2_PLACEMENT_3D('',#15538,#12326,#12327);
#10210=AXIS2_PLACEMENT_3D('',#15541,#12329,#12330);
#10211=AXIS2_PLACEMENT_3D('',#15544,#12332,#12333);
#10212=AXIS2_PLACEMENT_3D('',#15545,#12334,#12335);
#10213=AXIS2_PLACEMENT_3D('',#15549,#12338,#12339);
#10214=AXIS2_PLACEMENT_3D('',#15552,#12341,#12342);
#10215=AXIS2_PLACEMENT_3D('',#15553,#12343,#12344);
#10216=AXIS2_PLACEMENT_3D('',#15557,#12347,#12348);
#10217=AXIS2_PLACEMENT_3D('',#15560,#12350,#12351);
#10218=AXIS2_PLACEMENT_3D('',#15561,#12352,#12353);
#10219=AXIS2_PLACEMENT_3D('',#15565,#12356,#12357);
#10220=AXIS2_PLACEMENT_3D('',#15568,#12359,#12360);
#10221=AXIS2_PLACEMENT_3D('',#15569,#12361,#12362);
#10222=AXIS2_PLACEMENT_3D('',#15573,#12365,#12366);
#10223=AXIS2_PLACEMENT_3D('',#15576,#12368,#12369);
#10224=AXIS2_PLACEMENT_3D('',#15577,#12370,#12371);
#10225=AXIS2_PLACEMENT_3D('',#15580,#12373,#12374);
#10226=AXIS2_PLACEMENT_3D('',#15581,#12375,#12376);
#10227=AXIS2_PLACEMENT_3D('',#15585,#12379,#12380);
#10228=AXIS2_PLACEMENT_3D('',#15588,#12382,#12383);
#10229=AXIS2_PLACEMENT_3D('',#15589,#12384,#12385);
#10230=AXIS2_PLACEMENT_3D('',#15593,#12388,#12389);
#10231=AXIS2_PLACEMENT_3D('',#15596,#12391,#12392);
#10232=AXIS2_PLACEMENT_3D('',#15597,#12393,#12394);
#10233=AXIS2_PLACEMENT_3D('',#15599,#12396,#12397);
#10234=AXIS2_PLACEMENT_3D('',#15600,#12398,#12399);
#10235=AXIS2_PLACEMENT_3D('',#15605,#12401,#12402);
#10236=AXIS2_PLACEMENT_3D('',#15606,#12403,#12404);
#10237=AXIS2_PLACEMENT_3D('',#15610,#12406,#12407);
#10238=AXIS2_PLACEMENT_3D('',#15612,#12408,#12409);
#10239=AXIS2_PLACEMENT_3D('',#15616,#12411,#12412);
#10240=AXIS2_PLACEMENT_3D('',#15620,#12414,#12415);
#10241=AXIS2_PLACEMENT_3D('',#15626,#12419,#12420);
#10242=AXIS2_PLACEMENT_3D('',#15630,#12422,#12423);
#10243=AXIS2_PLACEMENT_3D('',#15631,#12424,#12425);
#10244=AXIS2_PLACEMENT_3D('',#15633,#12426,#12427);
#10245=AXIS2_PLACEMENT_3D('',#15635,#12428,#12429);
#10246=AXIS2_PLACEMENT_3D('',#15637,#12430,#12431);
#10247=AXIS2_PLACEMENT_3D('',#15639,#12432,#12433);
#10248=AXIS2_PLACEMENT_3D('',#15643,#12435,#12436);
#10249=AXIS2_PLACEMENT_3D('',#15652,#12438,#12439);
#10250=AXIS2_PLACEMENT_3D('',#15654,#12440,#12441);
#10251=AXIS2_PLACEMENT_3D('',#15660,#12444,#12445);
#10252=AXIS2_PLACEMENT_3D('',#15669,#12447,#12448);
#10253=AXIS2_PLACEMENT_3D('',#15671,#12449,#12450);
#10254=AXIS2_PLACEMENT_3D('',#15675,#12452,#12453);
#10255=AXIS2_PLACEMENT_3D('',#15677,#12454,#12455);
#10256=AXIS2_PLACEMENT_3D('',#15678,#12456,#12457);
#10257=AXIS2_PLACEMENT_3D('',#15681,#12458,#12459);
#10258=AXIS2_PLACEMENT_3D('',#15683,#12460,#12461);
#10259=AXIS2_PLACEMENT_3D('',#15685,#12462,#12463);
#10260=AXIS2_PLACEMENT_3D('',#15686,#12464,#12465);
#10261=AXIS2_PLACEMENT_3D('',#15689,#12466,#12467);
#10262=AXIS2_PLACEMENT_3D('',#15691,#12468,#12469);
#10263=AXIS2_PLACEMENT_3D('',#15693,#12470,#12471);
#10264=AXIS2_PLACEMENT_3D('',#15694,#12472,#12473);
#10265=AXIS2_PLACEMENT_3D('',#15697,#12474,#12475);
#10266=AXIS2_PLACEMENT_3D('',#15701,#12477,#12478);
#10267=AXIS2_PLACEMENT_3D('',#15703,#12479,#12480);
#10268=AXIS2_PLACEMENT_3D('',#15709,#12483,#12484);
#10269=AXIS2_PLACEMENT_3D('',#15711,#12485,#12486);
#10270=AXIS2_PLACEMENT_3D('',#15715,#12488,#12489);
#10271=AXIS2_PLACEMENT_3D('',#15717,#12490,#12491);
#10272=AXIS2_PLACEMENT_3D('',#15718,#12492,#12493);
#10273=AXIS2_PLACEMENT_3D('',#15720,#12494,#12495);
#10274=AXIS2_PLACEMENT_3D('',#15723,#12496,#12497);
#10275=AXIS2_PLACEMENT_3D('',#15725,#12498,#12499);
#10276=AXIS2_PLACEMENT_3D('',#15727,#12500,#12501);
#10277=AXIS2_PLACEMENT_3D('',#15731,#12503,#12504);
#10278=AXIS2_PLACEMENT_3D('',#15733,#12505,#12506);
#10279=AXIS2_PLACEMENT_3D('',#15737,#12508,#12509);
#10280=AXIS2_PLACEMENT_3D('',#15739,#12510,#12511);
#10281=AXIS2_PLACEMENT_3D('',#15740,#12512,#12513);
#10282=AXIS2_PLACEMENT_3D('',#15742,#12514,#12515);
#10283=AXIS2_PLACEMENT_3D('',#15745,#12516,#12517);
#10284=AXIS2_PLACEMENT_3D('',#15747,#12518,#12519);
#10285=AXIS2_PLACEMENT_3D('',#15749,#12520,#12521);
#10286=AXIS2_PLACEMENT_3D('',#15750,#12522,#12523);
#10287=AXIS2_PLACEMENT_3D('',#15753,#12524,#12525);
#10288=AXIS2_PLACEMENT_3D('',#15759,#12528,#12529);
#10289=AXIS2_PLACEMENT_3D('',#15761,#12530,#12531);
#10290=AXIS2_PLACEMENT_3D('',#15767,#12534,#12535);
#10291=AXIS2_PLACEMENT_3D('',#15769,#12536,#12537);
#10292=AXIS2_PLACEMENT_3D('',#15772,#12539,#12540);
#10293=AXIS2_PLACEMENT_3D('',#15775,#12541,#12542);
#10294=AXIS2_PLACEMENT_3D('',#15779,#12544,#12545);
#10295=AXIS2_PLACEMENT_3D('',#15785,#12548,#12549);
#10296=AXIS2_PLACEMENT_3D('',#15787,#12550,#12551);
#10297=AXIS2_PLACEMENT_3D('',#15793,#12554,#12555);
#10298=AXIS2_PLACEMENT_3D('',#15797,#12557,#12558);
#10299=AXIS2_PLACEMENT_3D('',#15799,#12559,#12560);
#10300=AXIS2_PLACEMENT_3D('',#15807,#12564,#12565);
#10301=AXIS2_PLACEMENT_3D('',#15809,#12566,#12567);
#10302=AXIS2_PLACEMENT_3D('',#15819,#12572,#12573);
#10303=AXIS2_PLACEMENT_3D('',#15823,#12575,#12576);
#10304=AXIS2_PLACEMENT_3D('',#15827,#12578,#12579);
#10305=AXIS2_PLACEMENT_3D('',#15829,#12580,#12581);
#10306=AXIS2_PLACEMENT_3D('',#15833,#12583,#12584);
#10307=AXIS2_PLACEMENT_3D('',#15837,#12586,#12587);
#10308=AXIS2_PLACEMENT_3D('',#15841,#12589,#12590);
#10309=AXIS2_PLACEMENT_3D('',#15843,#12591,#12592);
#10310=AXIS2_PLACEMENT_3D('',#15847,#12594,#12595);
#10311=AXIS2_PLACEMENT_3D('',#15848,#12596,#12597);
#10312=AXIS2_PLACEMENT_3D('',#15849,#12598,#12599);
#10313=AXIS2_PLACEMENT_3D('',#15851,#12600,#12601);
#10314=AXIS2_PLACEMENT_3D('',#15853,#12602,#12603);
#10315=AXIS2_PLACEMENT_3D('',#15855,#12604,#12605);
#10316=AXIS2_PLACEMENT_3D('',#15857,#12606,#12607);
#10317=AXIS2_PLACEMENT_3D('',#15859,#12608,#12609);
#10318=AXIS2_PLACEMENT_3D('',#15860,#12610,#12611);
#10319=AXIS2_PLACEMENT_3D('',#15862,#12612,#12613);
#10320=AXIS2_PLACEMENT_3D('',#15863,#12614,#12615);
#10321=AXIS2_PLACEMENT_3D('',#15867,#12617,#12618);
#10322=AXIS2_PLACEMENT_3D('',#15868,#12619,#12620);
#10323=AXIS2_PLACEMENT_3D('',#15869,#12621,#12622);
#10324=AXIS2_PLACEMENT_3D('',#15870,#12623,#12624);
#10325=AXIS2_PLACEMENT_3D('',#15871,#12625,#12626);
#10326=AXIS2_PLACEMENT_3D('',#15872,#12627,#12628);
#10327=AXIS2_PLACEMENT_3D('',#15873,#12629,#12630);
#10328=AXIS2_PLACEMENT_3D('',#15875,#12631,#12632);
#10329=AXIS2_PLACEMENT_3D('',#15876,#12633,#12634);
#10330=AXIS2_PLACEMENT_3D('',#15877,#12635,#12636);
#10331=AXIS2_PLACEMENT_3D('',#15880,#12638,#12639);
#10332=AXIS2_PLACEMENT_3D('',#15881,#12640,#12641);
#10333=AXIS2_PLACEMENT_3D('',#15883,#12642,#12643);
#10334=AXIS2_PLACEMENT_3D('',#15884,#12644,#12645);
#10335=AXIS2_PLACEMENT_3D('',#15885,#12646,#12647);
#10336=AXIS2_PLACEMENT_3D('',#15887,#12648,#12649);
#10337=AXIS2_PLACEMENT_3D('',#15888,#12650,#12651);
#10338=AXIS2_PLACEMENT_3D('',#15889,#12652,#12653);
#10339=AXIS2_PLACEMENT_3D('',#15892,#12655,#12656);
#10340=AXIS2_PLACEMENT_3D('',#15893,#12657,#12658);
#10341=AXIS2_PLACEMENT_3D('',#15895,#12659,#12660);
#10342=AXIS2_PLACEMENT_3D('',#15896,#12661,#12662);
#10343=AXIS2_PLACEMENT_3D('',#15897,#12663,#12664);
#10344=AXIS2_PLACEMENT_3D('',#15900,#12666,#12667);
#10345=AXIS2_PLACEMENT_3D('',#15901,#12668,#12669);
#10346=AXIS2_PLACEMENT_3D('',#15902,#12670,#12671);
#10347=AXIS2_PLACEMENT_3D('',#15903,#12672,#12673);
#10348=AXIS2_PLACEMENT_3D('',#15909,#12674,#12675);
#10349=AXIS2_PLACEMENT_3D('',#15910,#12676,#12677);
#10350=AXIS2_PLACEMENT_3D('',#15912,#12678,#12679);
#10351=AXIS2_PLACEMENT_3D('',#15913,#12680,#12681);
#10352=AXIS2_PLACEMENT_3D('',#15914,#12682,#12683);
#10353=AXIS2_PLACEMENT_3D('',#15917,#12685,#12686);
#10354=AXIS2_PLACEMENT_3D('',#15918,#12687,#12688);
#10355=AXIS2_PLACEMENT_3D('',#15920,#12689,#12690);
#10356=AXIS2_PLACEMENT_3D('',#15921,#12691,#12692);
#10357=AXIS2_PLACEMENT_3D('',#15922,#12693,#12694);
#10358=AXIS2_PLACEMENT_3D('',#15923,#12695,#12696);
#10359=AXIS2_PLACEMENT_3D('',#15924,#12697,#12698);
#10360=AXIS2_PLACEMENT_3D('',#15929,#12700,#12701);
#10361=AXIS2_PLACEMENT_3D('',#15932,#12703,#12704);
#10362=AXIS2_PLACEMENT_3D('',#15933,#12705,#12706);
#10363=AXIS2_PLACEMENT_3D('',#15938,#12708,#12709);
#10364=AXIS2_PLACEMENT_3D('',#15941,#12711,#12712);
#10365=AXIS2_PLACEMENT_3D('',#15942,#12713,#12714);
#10366=AXIS2_PLACEMENT_3D('',#15947,#12716,#12717);
#10367=AXIS2_PLACEMENT_3D('',#15950,#12719,#12720);
#10368=AXIS2_PLACEMENT_3D('',#15953,#12723,#12724);
#10369=AXIS2_PLACEMENT_3D('',#15954,#12725,#12726);
#10370=AXIS2_PLACEMENT_3D('',#15957,#12729,#12730);
#10371=AXIS2_PLACEMENT_3D('',#15959,#12732,#12733);
#10372=AXIS2_PLACEMENT_3D('',#15961,#12735,#12736);
#10373=AXIS2_PLACEMENT_3D('',#15962,#12737,#12738);
#10374=AXIS2_PLACEMENT_3D('',#15965,#12741,#12742);
#10375=AXIS2_PLACEMENT_3D('',#15967,#12744,#12745);
#10376=AXIS2_PLACEMENT_3D('',#15969,#12747,#12748);
#10377=AXIS2_PLACEMENT_3D('',#15970,#12749,#12750);
#10378=AXIS2_PLACEMENT_3D('',#15972,#12752,#12753);
#10379=AXIS2_PLACEMENT_3D('',#15974,#12755,#12756);
#10380=AXIS2_PLACEMENT_3D('',#15975,#12757,#12758);
#10381=AXIS2_PLACEMENT_3D('',#15978,#12761,#12762);
#10382=AXIS2_PLACEMENT_3D('',#15980,#12764,#12765);
#10383=AXIS2_PLACEMENT_3D('',#15982,#12767,#12768);
#10384=AXIS2_PLACEMENT_3D('',#15983,#12769,#12770);
#10385=AXIS2_PLACEMENT_3D('',#15985,#12772,#12773);
#10386=AXIS2_PLACEMENT_3D('',#15987,#12775,#12776);
#10387=AXIS2_PLACEMENT_3D('',#15989,#12778,#12779);
#10388=AXIS2_PLACEMENT_3D('',#15991,#12781,#12782);
#10389=AXIS2_PLACEMENT_3D('',#15993,#12784,#12785);
#10390=AXIS2_PLACEMENT_3D('',#15995,#12787,#12788);
#10391=AXIS2_PLACEMENT_3D('',#15997,#12790,#12791);
#10392=AXIS2_PLACEMENT_3D('',#15998,#12792,#12793);
#10393=AXIS2_PLACEMENT_3D('',#16000,#12795,#12796);
#10394=AXIS2_PLACEMENT_3D('',#16001,#12797,#12798);
#10395=AXIS2_PLACEMENT_3D('',#16007,#12802,#12803);
#10396=AXIS2_PLACEMENT_3D('',#16013,#12807,#12808);
#10397=AXIS2_PLACEMENT_3D('',#16014,#12809,#12810);
#10398=AXIS2_PLACEMENT_3D('',#16018,#12812,#12813);
#10399=AXIS2_PLACEMENT_3D('',#16019,#12814,#12815);
#10400=AXIS2_PLACEMENT_3D('',#16025,#12819,#12820);
#10401=AXIS2_PLACEMENT_3D('',#16026,#12821,#12822);
#10402=AXIS2_PLACEMENT_3D('',#16027,#12823,#12824);
#10403=AXIS2_PLACEMENT_3D('',#16028,#12825,#12826);
#10404=AXIS2_PLACEMENT_3D('',#16029,#12827,#12828);
#10405=AXIS2_PLACEMENT_3D('',#16030,#12829,#12830);
#10406=AXIS2_PLACEMENT_3D('',#16031,#12831,#12832);
#10407=AXIS2_PLACEMENT_3D('',#16032,#12833,#12834);
#10408=AXIS2_PLACEMENT_3D('',#16034,#12835,#12836);
#10409=AXIS2_PLACEMENT_3D('',#16036,#12837,#12838);
#10410=AXIS2_PLACEMENT_3D('',#16042,#12842,#12843);
#10411=AXIS2_PLACEMENT_3D('',#16045,#12845,#12846);
#10412=AXIS2_PLACEMENT_3D('',#16046,#12847,#12848);
#10413=AXIS2_PLACEMENT_3D('',#16049,#12850,#12851);
#10414=AXIS2_PLACEMENT_3D('',#16050,#12852,#12853);
#10415=AXIS2_PLACEMENT_3D('',#16054,#12856,#12857);
#10416=AXIS2_PLACEMENT_3D('',#16058,#12860,#12861);
#10417=AXIS2_PLACEMENT_3D('',#16062,#12864,#12865);
#10418=AXIS2_PLACEMENT_3D('',#16065,#12867,#12868);
#10419=AXIS2_PLACEMENT_3D('',#16066,#12869,#12870);
#10420=AXIS2_PLACEMENT_3D('',#16069,#12872,#12873);
#10421=AXIS2_PLACEMENT_3D('',#16070,#12874,#12875);
#10422=AXIS2_PLACEMENT_3D('',#16074,#12878,#12879);
#10423=AXIS2_PLACEMENT_3D('',#16078,#12882,#12883);
#10424=AXIS2_PLACEMENT_3D('',#16082,#12886,#12887);
#10425=AXIS2_PLACEMENT_3D('',#16085,#12889,#12890);
#10426=AXIS2_PLACEMENT_3D('',#16086,#12891,#12892);
#10427=AXIS2_PLACEMENT_3D('',#16089,#12894,#12895);
#10428=AXIS2_PLACEMENT_3D('',#16090,#12896,#12897);
#10429=AXIS2_PLACEMENT_3D('',#16094,#12900,#12901);
#10430=AXIS2_PLACEMENT_3D('',#16097,#12903,#12904);
#10431=AXIS2_PLACEMENT_3D('',#16098,#12905,#12906);
#10432=AXIS2_PLACEMENT_3D('',#16102,#12909,#12910);
#10433=AXIS2_PLACEMENT_3D('',#16106,#12913,#12914);
#10434=AXIS2_PLACEMENT_3D('',#16109,#12916,#12917);
#10435=AXIS2_PLACEMENT_3D('',#16110,#12918,#12919);
#10436=AXIS2_PLACEMENT_3D('',#16113,#12921,#12922);
#10437=AXIS2_PLACEMENT_3D('',#16114,#12923,#12924);
#10438=AXIS2_PLACEMENT_3D('',#16118,#12927,#12928);
#10439=AXIS2_PLACEMENT_3D('',#16122,#12931,#12932);
#10440=AXIS2_PLACEMENT_3D('',#16123,#12933,#12934);
#10441=AXIS2_PLACEMENT_3D('',#16124,#12935,#12936);
#10442=AXIS2_PLACEMENT_3D('',#16125,#12937,#12938);
#10443=AXIS2_PLACEMENT_3D('',#16131,#12942,#12943);
#10444=AXIS2_PLACEMENT_3D('',#16134,#12945,#12946);
#10445=AXIS2_PLACEMENT_3D('',#16135,#12947,#12948);
#10446=AXIS2_PLACEMENT_3D('',#16138,#12950,#12951);
#10447=AXIS2_PLACEMENT_3D('',#16139,#12952,#12953);
#10448=AXIS2_PLACEMENT_3D('',#16143,#12956,#12957);
#10449=AXIS2_PLACEMENT_3D('',#16146,#12959,#12960);
#10450=AXIS2_PLACEMENT_3D('',#16147,#12961,#12962);
#10451=AXIS2_PLACEMENT_3D('',#16150,#12964,#12965);
#10452=AXIS2_PLACEMENT_3D('',#16151,#12966,#12967);
#10453=AXIS2_PLACEMENT_3D('',#16155,#12970,#12971);
#10454=AXIS2_PLACEMENT_3D('',#16159,#12974,#12975);
#10455=AXIS2_PLACEMENT_3D('',#16162,#12977,#12978);
#10456=AXIS2_PLACEMENT_3D('',#16163,#12979,#12980);
#10457=AXIS2_PLACEMENT_3D('',#16166,#12982,#12983);
#10458=AXIS2_PLACEMENT_3D('',#16167,#12984,#12985);
#10459=AXIS2_PLACEMENT_3D('',#16169,#12987,#12988);
#10460=AXIS2_PLACEMENT_3D('',#16170,#12989,#12990);
#10461=AXIS2_PLACEMENT_3D('',#16173,#12992,#12993);
#10462=AXIS2_PLACEMENT_3D('',#16176,#12995,#12996);
#10463=AXIS2_PLACEMENT_3D('',#16179,#12998,#12999);
#10464=AXIS2_PLACEMENT_3D('',#16180,#13000,#13001);
#10465=AXIS2_PLACEMENT_3D('',#16183,#13003,#13004);
#10466=AXIS2_PLACEMENT_3D('',#16184,#13005,#13006);
#10467=AXIS2_PLACEMENT_3D('',#16185,#13007,#13008);
#10468=AXIS2_PLACEMENT_3D('',#16190,#13010,#13011);
#10469=AXIS2_PLACEMENT_3D('',#16193,#13013,#13014);
#10470=AXIS2_PLACEMENT_3D('',#16194,#13015,#13016);
#10471=AXIS2_PLACEMENT_3D('',#16198,#13018,#13019);
#10472=AXIS2_PLACEMENT_3D('',#16199,#13020,#13021);
#10473=AXIS2_PLACEMENT_3D('',#16200,#13022,#13023);
#10474=AXIS2_PLACEMENT_3D('',#16204,#13025,#13026);
#10475=AXIS2_PLACEMENT_3D('',#16205,#13027,#13028);
#10476=AXIS2_PLACEMENT_3D('',#16206,#13029,#13030);
#10477=AXIS2_PLACEMENT_3D('',#16207,#13031,#13032);
#10478=AXIS2_PLACEMENT_3D('',#16208,#13033,#13034);
#10479=AXIS2_PLACEMENT_3D('',#16209,#13035,#13036);
#10480=AXIS2_PLACEMENT_3D('',#16210,#13037,#13038);
#10481=AXIS2_PLACEMENT_3D('',#16211,#13039,#13040);
#10482=AXIS2_PLACEMENT_3D('',#16212,#13041,#13042);
#10483=AXIS2_PLACEMENT_3D('',#16213,#13043,#13044);
#10484=AXIS2_PLACEMENT_3D('',#16218,#13046,#13047);
#10485=AXIS2_PLACEMENT_3D('',#16221,#13049,#13050);
#10486=AXIS2_PLACEMENT_3D('',#16222,#13051,#13052);
#10487=AXIS2_PLACEMENT_3D('',#16226,#13054,#13055);
#10488=AXIS2_PLACEMENT_3D('',#16227,#13056,#13057);
#10489=AXIS2_PLACEMENT_3D('',#16228,#13058,#13059);
#10490=AXIS2_PLACEMENT_3D('',#16232,#13061,#13062);
#10491=AXIS2_PLACEMENT_3D('',#16233,#13063,#13064);
#10492=AXIS2_PLACEMENT_3D('',#16234,#13065,#13066);
#10493=AXIS2_PLACEMENT_3D('',#16235,#13067,#13068);
#10494=AXIS2_PLACEMENT_3D('',#16236,#13069,#13070);
#10495=AXIS2_PLACEMENT_3D('',#16237,#13071,#13072);
#10496=AXIS2_PLACEMENT_3D('',#16239,#13073,#13074);
#10497=AXIS2_PLACEMENT_3D('',#16240,#13075,#13076);
#10498=AXIS2_PLACEMENT_3D('',#16241,#13077,#13078);
#10499=AXIS2_PLACEMENT_3D('',#16244,#13080,#13081);
#10500=AXIS2_PLACEMENT_3D('',#16247,#13083,#13084);
#10501=AXIS2_PLACEMENT_3D('',#16251,#13087,#13088);
#10502=AXIS2_PLACEMENT_3D('',#16254,#13090,#13091);
#10503=AXIS2_PLACEMENT_3D('',#16255,#13092,#13093);
#10504=AXIS2_PLACEMENT_3D('',#16258,#13095,#13096);
#10505=AXIS2_PLACEMENT_3D('',#16259,#13097,#13098);
#10506=AXIS2_PLACEMENT_3D('',#16263,#13101,#13102);
#10507=AXIS2_PLACEMENT_3D('',#16264,#13103,#13104);
#10508=AXIS2_PLACEMENT_3D('',#16265,#13105,#13106);
#10509=AXIS2_PLACEMENT_3D('',#16266,#13107,#13108);
#10510=AXIS2_PLACEMENT_3D('',#16269,#13110,#13111);
#10511=AXIS2_PLACEMENT_3D('',#16272,#13113,#13114);
#10512=AXIS2_PLACEMENT_3D('',#16275,#13116,#13117);
#10513=AXIS2_PLACEMENT_3D('',#16276,#13118,#13119);
#10514=AXIS2_PLACEMENT_3D('',#16279,#13121,#13122);
#10515=AXIS2_PLACEMENT_3D('',#16280,#13123,#13124);
#10516=AXIS2_PLACEMENT_3D('',#16281,#13125,#13126);
#10517=AXIS2_PLACEMENT_3D('',#16286,#13128,#13129);
#10518=AXIS2_PLACEMENT_3D('',#16289,#13131,#13132);
#10519=AXIS2_PLACEMENT_3D('',#16290,#13133,#13134);
#10520=AXIS2_PLACEMENT_3D('',#16294,#13136,#13137);
#10521=AXIS2_PLACEMENT_3D('',#16295,#13138,#13139);
#10522=AXIS2_PLACEMENT_3D('',#16296,#13140,#13141);
#10523=AXIS2_PLACEMENT_3D('',#16300,#13143,#13144);
#10524=AXIS2_PLACEMENT_3D('',#16301,#13145,#13146);
#10525=AXIS2_PLACEMENT_3D('',#16302,#13147,#13148);
#10526=AXIS2_PLACEMENT_3D('',#16303,#13149,#13150);
#10527=AXIS2_PLACEMENT_3D('',#16304,#13151,#13152);
#10528=AXIS2_PLACEMENT_3D('',#16305,#13153,#13154);
#10529=AXIS2_PLACEMENT_3D('',#16306,#13155,#13156);
#10530=AXIS2_PLACEMENT_3D('',#16307,#13157,#13158);
#10531=AXIS2_PLACEMENT_3D('',#16308,#13159,#13160);
#10532=AXIS2_PLACEMENT_3D('',#16309,#13161,#13162);
#10533=AXIS2_PLACEMENT_3D('',#16314,#13164,#13165);
#10534=AXIS2_PLACEMENT_3D('',#16317,#13167,#13168);
#10535=AXIS2_PLACEMENT_3D('',#16318,#13169,#13170);
#10536=AXIS2_PLACEMENT_3D('',#16322,#13172,#13173);
#10537=AXIS2_PLACEMENT_3D('',#16323,#13174,#13175);
#10538=AXIS2_PLACEMENT_3D('',#16324,#13176,#13177);
#10539=AXIS2_PLACEMENT_3D('',#16328,#13179,#13180);
#10540=AXIS2_PLACEMENT_3D('',#16329,#13181,#13182);
#10541=AXIS2_PLACEMENT_3D('',#16330,#13183,#13184);
#10542=AXIS2_PLACEMENT_3D('',#16331,#13185,#13186);
#10543=AXIS2_PLACEMENT_3D('',#16332,#13187,#13188);
#10544=AXIS2_PLACEMENT_3D('',#16333,#13189,#13190);
#10545=AXIS2_PLACEMENT_3D('',#16335,#13191,#13192);
#10546=AXIS2_PLACEMENT_3D('',#16336,#13193,#13194);
#10547=AXIS2_PLACEMENT_3D('',#16337,#13195,#13196);
#10548=AXIS2_PLACEMENT_3D('',#16340,#13198,#13199);
#10549=AXIS2_PLACEMENT_3D('',#16343,#13201,#13202);
#10550=AXIS2_PLACEMENT_3D('',#16347,#13205,#13206);
#10551=AXIS2_PLACEMENT_3D('',#16350,#13208,#13209);
#10552=AXIS2_PLACEMENT_3D('',#16351,#13210,#13211);
#10553=AXIS2_PLACEMENT_3D('',#16354,#13213,#13214);
#10554=AXIS2_PLACEMENT_3D('',#16355,#13215,#13216);
#10555=AXIS2_PLACEMENT_3D('',#16359,#13219,#13220);
#10556=AXIS2_PLACEMENT_3D('',#16360,#13221,#13222);
#10557=AXIS2_PLACEMENT_3D('',#16361,#13223,#13224);
#10558=AXIS2_PLACEMENT_3D('',#16362,#13225,#13226);
#10559=AXIS2_PLACEMENT_3D('',#16365,#13228,#13229);
#10560=AXIS2_PLACEMENT_3D('',#16368,#13231,#13232);
#10561=AXIS2_PLACEMENT_3D('',#16372,#13235,#13236);
#10562=AXIS2_PLACEMENT_3D('',#16375,#13238,#13239);
#10563=AXIS2_PLACEMENT_3D('',#16376,#13240,#13241);
#10564=AXIS2_PLACEMENT_3D('',#16379,#13243,#13244);
#10565=AXIS2_PLACEMENT_3D('',#16380,#13245,#13246);
#10566=AXIS2_PLACEMENT_3D('',#16384,#13249,#13250);
#10567=AXIS2_PLACEMENT_3D('',#16385,#13251,#13252);
#10568=AXIS2_PLACEMENT_3D('',#16386,#13253,#13254);
#10569=AXIS2_PLACEMENT_3D('',#16387,#13255,#13256);
#10570=AXIS2_PLACEMENT_3D('',#16390,#13258,#13259);
#10571=AXIS2_PLACEMENT_3D('',#16393,#13261,#13262);
#10572=AXIS2_PLACEMENT_3D('',#16396,#13264,#13265);
#10573=AXIS2_PLACEMENT_3D('',#16397,#13266,#13267);
#10574=AXIS2_PLACEMENT_3D('',#16400,#13269,#13270);
#10575=AXIS2_PLACEMENT_3D('',#16401,#13271,#13272);
#10576=AXIS2_PLACEMENT_3D('',#16402,#13273,#13274);
#10577=AXIS2_PLACEMENT_3D('',#16407,#13276,#13277);
#10578=AXIS2_PLACEMENT_3D('',#16410,#13279,#13280);
#10579=AXIS2_PLACEMENT_3D('',#16411,#13281,#13282);
#10580=AXIS2_PLACEMENT_3D('',#16415,#13284,#13285);
#10581=AXIS2_PLACEMENT_3D('',#16416,#13286,#13287);
#10582=AXIS2_PLACEMENT_3D('',#16417,#13288,#13289);
#10583=AXIS2_PLACEMENT_3D('',#16421,#13291,#13292);
#10584=AXIS2_PLACEMENT_3D('',#16422,#13293,#13294);
#10585=AXIS2_PLACEMENT_3D('',#16423,#13295,#13296);
#10586=AXIS2_PLACEMENT_3D('',#16424,#13297,#13298);
#10587=AXIS2_PLACEMENT_3D('',#16425,#13299,#13300);
#10588=AXIS2_PLACEMENT_3D('',#16426,#13301,#13302);
#10589=AXIS2_PLACEMENT_3D('',#16427,#13303,#13304);
#10590=AXIS2_PLACEMENT_3D('',#16428,#13305,#13306);
#10591=AXIS2_PLACEMENT_3D('',#16429,#13307,#13308);
#10592=AXIS2_PLACEMENT_3D('',#16432,#13310,#13311);
#10593=AXIS2_PLACEMENT_3D('',#16435,#13313,#13314);
#10594=AXIS2_PLACEMENT_3D('',#16438,#13316,#13317);
#10595=AXIS2_PLACEMENT_3D('',#16439,#13318,#13319);
#10596=AXIS2_PLACEMENT_3D('',#16442,#13321,#13322);
#10597=AXIS2_PLACEMENT_3D('',#16443,#13323,#13324);
#10598=AXIS2_PLACEMENT_3D('',#16444,#13325,#13326);
#10599=AXIS2_PLACEMENT_3D('',#16449,#13328,#13329);
#10600=AXIS2_PLACEMENT_3D('',#16452,#13331,#13332);
#10601=AXIS2_PLACEMENT_3D('',#16453,#13333,#13334);
#10602=AXIS2_PLACEMENT_3D('',#16457,#13336,#13337);
#10603=AXIS2_PLACEMENT_3D('',#16458,#13338,#13339);
#10604=AXIS2_PLACEMENT_3D('',#16459,#13340,#13341);
#10605=AXIS2_PLACEMENT_3D('',#16463,#13343,#13344);
#10606=AXIS2_PLACEMENT_3D('',#16464,#13345,#13346);
#10607=AXIS2_PLACEMENT_3D('',#16465,#13347,#13348);
#10608=AXIS2_PLACEMENT_3D('',#16466,#13349,#13350);
#10609=AXIS2_PLACEMENT_3D('',#16467,#13351,#13352);
#10610=AXIS2_PLACEMENT_3D('',#16468,#13353,#13354);
#10611=AXIS2_PLACEMENT_3D('',#16469,#13355,#13356);
#10612=AXIS2_PLACEMENT_3D('',#16470,#13357,#13358);
#10613=AXIS2_PLACEMENT_3D('',#16471,#13359,#13360);
#10614=AXIS2_PLACEMENT_3D('',#16474,#13362,#13363);
#10615=AXIS2_PLACEMENT_3D('',#16477,#13365,#13366);
#10616=AXIS2_PLACEMENT_3D('',#16481,#13369,#13370);
#10617=AXIS2_PLACEMENT_3D('',#16484,#13372,#13373);
#10618=AXIS2_PLACEMENT_3D('',#16485,#13374,#13375);
#10619=AXIS2_PLACEMENT_3D('',#16488,#13377,#13378);
#10620=AXIS2_PLACEMENT_3D('',#16489,#13379,#13380);
#10621=AXIS2_PLACEMENT_3D('',#16493,#13383,#13384);
#10622=AXIS2_PLACEMENT_3D('',#16494,#13385,#13386);
#10623=AXIS2_PLACEMENT_3D('',#16495,#13387,#13388);
#10624=AXIS2_PLACEMENT_3D('',#16512,#13391,#13392);
#10625=AXIS2_PLACEMENT_3D('',#16515,#13394,#13395);
#10626=AXIS2_PLACEMENT_3D('',#16516,#13396,#13397);
#10627=AXIS2_PLACEMENT_3D('',#16534,#13401,#13402);
#10628=AXIS2_PLACEMENT_3D('',#16537,#13404,#13405);
#10629=AXIS2_PLACEMENT_3D('',#16538,#13406,#13407);
#10630=AXIS2_PLACEMENT_3D('',#16542,#13410,#13411);
#10631=AXIS2_PLACEMENT_3D('',#16546,#13414,#13415);
#10632=AXIS2_PLACEMENT_3D('',#16549,#13417,#13418);
#10633=AXIS2_PLACEMENT_3D('',#16550,#13419,#13420);
#10634=AXIS2_PLACEMENT_3D('',#16553,#13422,#13423);
#10635=AXIS2_PLACEMENT_3D('',#16554,#13424,#13425);
#10636=AXIS2_PLACEMENT_3D('',#16556,#13427,#13428);
#10637=AXIS2_PLACEMENT_3D('',#16557,#13429,#13430);
#10638=AXIS2_PLACEMENT_3D('',#16563,#13434,#13435);
#10639=AXIS2_PLACEMENT_3D('',#16564,#13436,#13437);
#10640=AXIS2_PLACEMENT_3D('',#16568,#13439,#13440);
#10641=AXIS2_PLACEMENT_3D('',#16569,#13441,#13442);
#10642=AXIS2_PLACEMENT_3D('',#16572,#13445,#13446);
#10643=AXIS2_PLACEMENT_3D('',#16573,#13447,#13448);
#10644=AXIS2_PLACEMENT_3D('',#16575,#13449,#13450);
#10645=AXIS2_PLACEMENT_3D('',#16576,#13451,#13452);
#10646=AXIS2_PLACEMENT_3D('',#16578,#13453,#13454);
#10647=AXIS2_PLACEMENT_3D('',#16584,#13458,#13459);
#10648=AXIS2_PLACEMENT_3D('',#16585,#13460,#13461);
#10649=AXIS2_PLACEMENT_3D('',#16589,#13463,#13464);
#10650=AXIS2_PLACEMENT_3D('',#16590,#13465,#13466);
#10651=AXIS2_PLACEMENT_3D('',#16593,#13469,#13470);
#10652=AXIS2_PLACEMENT_3D('',#16594,#13471,#13472);
#10653=AXIS2_PLACEMENT_3D('',#16595,#13473,#13474);
#10654=AXIS2_PLACEMENT_3D('',#16597,#13475,#13476);
#10655=AXIS2_PLACEMENT_3D('',#16603,#13480,#13481);
#10656=AXIS2_PLACEMENT_3D('',#16604,#13482,#13483);
#10657=AXIS2_PLACEMENT_3D('',#16608,#13485,#13486);
#10658=AXIS2_PLACEMENT_3D('',#16609,#13487,#13488);
#10659=AXIS2_PLACEMENT_3D('',#16612,#13491,#13492);
#10660=AXIS2_PLACEMENT_3D('',#16613,#13493,#13494);
#10661=AXIS2_PLACEMENT_3D('',#16614,#13495,#13496);
#10662=AXIS2_PLACEMENT_3D('',#16616,#13497,#13498);
#10663=AXIS2_PLACEMENT_3D('',#16618,#13499,#13500);
#10664=AXIS2_PLACEMENT_3D('',#16620,#13501,#13502);
#10665=AXIS2_PLACEMENT_3D('',#16621,#13503,#13504);
#10666=AXIS2_PLACEMENT_3D('',#16623,#13505,#13506);
#10667=AXIS2_PLACEMENT_3D('',#16625,#13507,#13508);
#10668=AXIS2_PLACEMENT_3D('',#16626,#13509,#13510);
#10669=AXIS2_PLACEMENT_3D('',#16628,#13511,#13512);
#10670=DIRECTION('',(0.,0.,1.));
#10671=DIRECTION('',(1.,0.,0.));
#10672=DIRECTION('',(0.,0.707106781186547,0.707106781186548));
#10673=DIRECTION('',(0.,-0.707106781186548,0.707106781186547));
#10674=DIRECTION('',(1.,0.,0.));
#10675=DIRECTION('',(-0.510273605374737,-0.608120402411343,0.608120402411343));
#10676=DIRECTION('',(0.,-0.707106781186548,0.707106781186547));
#10677=DIRECTION('',(1.,0.,0.));
#10678=DIRECTION('',(0.,-0.707106781186548,0.707106781186547));
#10679=DIRECTION('',(1.,0.,0.));
#10680=DIRECTION('',(0.,0.,-1.));
#10681=DIRECTION('',(0.766044443118978,-1.85737151445432E-16,-0.642787609686539));
#10682=DIRECTION('',(0.642787609686539,2.21352917513309E-16,0.766044443118978));
#10683=DIRECTION('',(-0.766044443118978,1.85737151445432E-16,-0.642787609686539));
#10684=DIRECTION('',(0.642787609686539,2.21352917513309E-16,-0.766044443118978));
#10685=DIRECTION('',(1.,0.,0.));
#10686=DIRECTION('',(0.,0.,-1.));
#10687=DIRECTION('',(1.,0.,0.));
#10688=DIRECTION('',(-1.,0.,0.));
#10689=DIRECTION('',(0.,0.,-1.));
#10690=DIRECTION('',(0.642787609686539,-1.5585197527378E-16,-0.766044443118978));
#10691=DIRECTION('',(0.642787609686539,-1.5585197527378E-16,0.766044443118978));
#10692=DIRECTION('',(1.,0.,0.));
#10693=DIRECTION('',(0.,0.,-1.));
#10694=DIRECTION('',(1.,0.,0.));
#10695=DIRECTION('',(0.,1.,0.));
#10696=DIRECTION('',(0.,-0.707106781186547,-0.707106781186548));
#10697=DIRECTION('',(-2.4246263139668E-16,-1.,0.));
#10698=DIRECTION('',(1.,0.,0.));
#10699=DIRECTION('',(0.,0.,-1.));
#10700=DIRECTION('',(-2.4246263139668E-16,-1.,0.));
#10701=DIRECTION('',(0.,-0.707106781186548,0.707106781186547));
#10702=DIRECTION('',(0.,0.,-1.));
#10703=DIRECTION('',(1.,0.,0.));
#10704=DIRECTION('',(0.,0.,1.));
#10705=DIRECTION('',(-0.642787609686539,1.5585197527378E-16,-0.766044443118979));
#10706=DIRECTION('',(0.642787609686539,-1.5585197527378E-16,-0.766044443118979));
#10707=DIRECTION('',(0.,0.,1.));
#10708=DIRECTION('',(1.,0.,0.));
#10709=DIRECTION('',(-1.,1.58310605197161E-15,0.));
#10710=DIRECTION('',(0.,0.,-1.));
#10711=DIRECTION('',(-1.,0.,0.));
#10712=DIRECTION('',(0.,0.,-1.));
#10713=DIRECTION('',(-1.,0.,0.));
#10714=DIRECTION('',(1.,-1.58310605200032E-15,0.));
#10715=DIRECTION('',(0.,0.,-1.));
#10716=DIRECTION('',(-1.,0.,0.));
#10717=DIRECTION('',(0.,0.,-1.));
#10718=DIRECTION('',(-1.,0.,0.));
#10719=DIRECTION('',(0.,0.,-1.));
#10720=DIRECTION('',(-1.,0.,0.));
#10721=DIRECTION('',(1.,-2.06599442986988E-15,0.));
#10722=DIRECTION('',(0.,0.,-1.));
#10723=DIRECTION('',(-1.,0.,0.));
#10724=DIRECTION('',(0.,0.,-1.));
#10725=DIRECTION('',(-1.,0.,0.));
#10726=DIRECTION('',(-1.,0.,0.));
#10727=DIRECTION('',(-9.73920656562962E-16,-1.,0.));
#10728=DIRECTION('',(0.,0.,-1.));
#10729=DIRECTION('',(-1.,0.,0.));
#10730=DIRECTION('',(0.,0.,-1.));
#10731=DIRECTION('',(-1.,0.,0.));
#10732=DIRECTION('',(1.94784177369925E-15,1.,0.));
#10733=DIRECTION('',(-1.,0.,0.));
#10734=DIRECTION('',(0.,-1.,0.));
#10735=DIRECTION('',(1.,0.,0.));
#10736=DIRECTION('',(0.,0.,-1.));
#10737=DIRECTION('',(-1.,0.,0.));
#10738=DIRECTION('',(0.,0.,-1.));
#10739=DIRECTION('',(-1.,0.,0.));
#10740=DIRECTION('',(-1.,0.,0.));
#10741=DIRECTION('',(0.,0.,-1.));
#10742=DIRECTION('',(-1.,0.,0.));
#10743=DIRECTION('',(1.0720134622053E-15,1.,0.));
#10744=DIRECTION('',(0.,0.,-1.));
#10745=DIRECTION('',(-1.,0.,0.));
#10746=DIRECTION('',(1.,0.,0.));
#10747=DIRECTION('',(0.,0.,-1.));
#10748=DIRECTION('',(-1.,0.,0.));
#10749=DIRECTION('',(0.,0.,-1.));
#10750=DIRECTION('',(-1.,0.,0.));
#10751=DIRECTION('',(-1.,0.,0.));
#10752=DIRECTION('',(0.,-1.,0.));
#10753=DIRECTION('',(1.,0.,0.));
#10754=DIRECTION('',(0.,0.,-1.));
#10755=DIRECTION('',(-1.,0.,0.));
#10756=DIRECTION('',(0.,0.,-1.));
#10757=DIRECTION('',(-1.,0.,0.));
#10758=DIRECTION('',(-1.,0.,0.));
#10759=DIRECTION('',(-1.,0.,0.));
#10760=DIRECTION('',(2.29666576452999E-14,-1.,0.));
#10761=DIRECTION('',(0.,0.,-1.));
#10762=DIRECTION('',(-1.,0.,0.));
#10763=DIRECTION('',(0.,0.,-1.));
#10764=DIRECTION('',(-1.,0.,0.));
#10765=DIRECTION('',(2.1873013088253E-15,1.,0.));
#10766=DIRECTION('',(-1.,0.,0.));
#10767=DIRECTION('',(0.,0.,-1.));
#10768=DIRECTION('',(-1.,0.,0.));
#10769=DIRECTION('',(1.,-2.06599514827742E-15,0.));
#10770=DIRECTION('',(0.,0.,-1.));
#10771=DIRECTION('',(-1.,0.,0.));
#10772=DIRECTION('',(0.,0.,-1.));
#10773=DIRECTION('',(-1.,0.,0.));
#10774=DIRECTION('',(-1.,2.4246263139668E-16,0.));
#10775=DIRECTION('',(0.,0.,-1.));
#10776=DIRECTION('',(1.,0.,0.));
#10777=DIRECTION('',(-0.173578308272415,-0.984820070316038,0.));
#10778=DIRECTION('',(0.,0.,-1.));
#10779=DIRECTION('',(1.,0.,0.));
#10780=DIRECTION('',(0.,0.,-1.));
#10781=DIRECTION('',(1.,0.,0.));
#10782=DIRECTION('',(0.,-1.,0.));
#10783=DIRECTION('',(0.,0.,-1.));
#10784=DIRECTION('',(1.,0.,0.));
#10785=DIRECTION('',(1.,0.,0.));
#10786=DIRECTION('',(0.,0.,-1.));
#10787=DIRECTION('',(1.,0.,0.));
#10788=DIRECTION('',(0.,-1.,0.));
#10789=DIRECTION('',(0.,0.,-1.));
#10790=DIRECTION('',(1.,0.,0.));
#10791=DIRECTION('',(0.,0.,-1.));
#10792=DIRECTION('',(1.,0.,0.));
#10793=DIRECTION('',(-0.499955139610284,0.866051302393375,0.));
#10794=DIRECTION('',(0.,0.,-1.));
#10795=DIRECTION('',(1.,0.,0.));
#10796=DIRECTION('',(0.865971643145286,0.500093104599788,0.));
#10797=DIRECTION('',(0.,0.,-1.));
#10798=DIRECTION('',(1.,0.,0.));
#10799=DIRECTION('',(-1.89218893870429E-15,-1.,0.));
#10800=DIRECTION('',(0.,0.,-1.));
#10801=DIRECTION('',(-1.,0.,0.));
#10802=DIRECTION('',(0.,0.,-1.));
#10803=DIRECTION('',(-1.,0.,0.));
#10804=DIRECTION('',(2.18329550432343E-15,1.,0.));
#10805=DIRECTION('',(-1.,0.,0.));
#10806=DIRECTION('',(-2.18329416295765E-15,-1.,0.));
#10807=DIRECTION('',(0.,0.,-1.));
#10808=DIRECTION('',(-1.,0.,0.));
#10809=DIRECTION('',(0.,0.,-1.));
#10810=DIRECTION('',(-1.,0.,0.));
#10811=DIRECTION('',(2.18329451405235E-15,1.,0.));
#10812=DIRECTION('',(-1.,5.2284178250934E-15,0.));
#10813=DIRECTION('',(-2.18329492565016E-15,-1.,0.));
#10814=DIRECTION('',(0.,0.,-1.));
#10815=DIRECTION('',(-1.,0.,0.));
#10816=DIRECTION('',(0.,0.,-1.));
#10817=DIRECTION('',(-1.,0.,0.));
#10818=DIRECTION('',(1.89218893874294E-15,1.,0.));
#10819=DIRECTION('',(0.,0.,-1.));
#10820=DIRECTION('',(-1.,0.,0.));
#10821=DIRECTION('',(1.,-1.46807749283773E-15,0.));
#10822=DIRECTION('',(0.,0.,-1.));
#10823=DIRECTION('',(-1.,0.,0.));
#10824=DIRECTION('',(2.4246263139668E-16,1.,0.));
#10825=DIRECTION('',(1.,-2.4246263139668E-16,0.));
#10826=DIRECTION('',(-1.,0.,0.));
#10827=DIRECTION('',(0.,0.,-1.));
#10828=DIRECTION('',(-1.,0.,0.));
#10829=DIRECTION('',(0.,0.,-1.));
#10830=DIRECTION('',(-1.,2.4246263139668E-16,0.));
#10831=DIRECTION('',(0.,0.,-1.));
#10832=DIRECTION('',(-1.,2.4246263139668E-16,0.));
#10833=DIRECTION('',(0.,0.,-1.));
#10834=DIRECTION('',(1.,0.,0.));
#10835=DIRECTION('',(0.,0.,-1.));
#10836=DIRECTION('',(0.,0.,1.));
#10837=DIRECTION('',(1.,0.,0.));
#10838=DIRECTION('',(1.,0.,0.));
#10839=DIRECTION('',(0.,-1.,0.));
#10840=DIRECTION('',(0.,0.,-1.));
#10841=DIRECTION('',(1.,0.,0.));
#10842=DIRECTION('',(1.,0.,0.));
#10843=DIRECTION('',(0.,0.,-1.));
#10844=DIRECTION('',(1.,0.,0.));
#10845=DIRECTION('',(0.,1.,0.));
#10846=DIRECTION('',(1.,0.,0.));
#10847=DIRECTION('',(0.,0.,-1.));
#10848=DIRECTION('',(1.,0.,0.));
#10849=DIRECTION('',(0.,1.,0.));
#10850=DIRECTION('',(0.865912397663109,0.500195681282162,0.));
#10851=DIRECTION('',(0.,0.,-1.));
#10852=DIRECTION('',(1.,0.,0.));
#10853=DIRECTION('',(-0.499955139610284,0.866051302393375,0.));
#10854=DIRECTION('',(0.,0.,-1.));
#10855=DIRECTION('',(1.,0.,0.));
#10856=DIRECTION('',(-0.865971643145286,-0.500093104599788,0.));
#10857=DIRECTION('',(0.,0.,1.));
#10858=DIRECTION('',(1.,0.,0.));
#10859=DIRECTION('',(-1.,0.,0.));
#10860=DIRECTION('',(0.,0.,-1.));
#10861=DIRECTION('',(1.,0.,0.));
#10862=DIRECTION('',(0.,-1.,0.));
#10863=DIRECTION('',(1.,0.,0.));
#10864=DIRECTION('',(0.,0.,-1.));
#10865=DIRECTION('',(1.,0.,0.));
#10866=DIRECTION('',(0.,-1.,0.));
#10867=DIRECTION('',(-0.984847950749829,0.17342005046667,0.));
#10868=DIRECTION('',(0.,0.,-1.));
#10869=DIRECTION('',(1.,0.,0.));
#10870=DIRECTION('',(-0.173578308272415,-0.984820070316038,0.));
#10871=DIRECTION('',(0.,0.,-1.));
#10872=DIRECTION('',(1.,0.,0.));
#10873=DIRECTION('',(0.984825143473481,-0.173549522564706,0.));
#10874=DIRECTION('',(0.,-1.,0.));
#10875=DIRECTION('',(0.,0.,-1.));
#10876=DIRECTION('',(1.,0.,0.));
#10877=DIRECTION('',(0.,0.,-1.));
#10878=DIRECTION('',(-1.,0.,0.));
#10879=DIRECTION('',(-0.173578308272415,-0.984820070316038,0.));
#10880=DIRECTION('',(0.,0.,-1.));
#10881=DIRECTION('',(-1.,0.,0.));
#10882=DIRECTION('',(-1.,0.,0.));
#10883=DIRECTION('',(0.,0.,-1.));
#10884=DIRECTION('',(-1.,0.,0.));
#10885=DIRECTION('',(-0.865971643145286,-0.500093104599787,0.));
#10886=DIRECTION('',(0.,0.,-1.));
#10887=DIRECTION('',(-1.,0.,0.));
#10888=DIRECTION('',(-0.499955139610284,0.866051302393375,0.));
#10889=DIRECTION('',(0.,0.,-1.));
#10890=DIRECTION('',(-1.,0.,0.));
#10891=DIRECTION('',(0.,0.,-1.));
#10892=DIRECTION('',(-1.,0.,0.));
#10893=DIRECTION('',(0.,1.,0.));
#10894=DIRECTION('',(0.,0.,-1.));
#10895=DIRECTION('',(-1.,0.,0.));
#10896=DIRECTION('',(1.,0.,0.));
#10897=DIRECTION('',(0.,0.,-1.));
#10898=DIRECTION('',(-1.,0.,0.));
#10899=DIRECTION('',(0.,-1.,0.));
#10900=DIRECTION('',(0.,0.,-1.));
#10901=DIRECTION('',(-1.,0.,0.));
#10902=DIRECTION('',(1.,0.,0.));
#10903=DIRECTION('',(0.,0.,-1.));
#10904=DIRECTION('',(0.,1.,0.));
#10905=DIRECTION('',(0.,0.,-1.));
#10906=DIRECTION('',(0.,1.,0.));
#10907=DIRECTION('',(0.,0.,-1.));
#10908=DIRECTION('',(0.,-1.,0.));
#10909=DIRECTION('',(0.,0.,1.));
#10910=DIRECTION('',(1.,0.,0.));
#10911=DIRECTION('',(1.,0.,0.));
#10912=DIRECTION('',(-1.,0.,0.));
#10913=DIRECTION('',(0.,0.,1.));
#10914=DIRECTION('',(0.,-1.,0.));
#10915=DIRECTION('',(0.,-1.,0.));
#10916=DIRECTION('',(0.,1.,0.));
#10917=DIRECTION('',(0.,0.,-1.));
#10918=DIRECTION('',(-1.,0.,0.));
#10919=DIRECTION('',(-1.,0.,0.));
#10920=DIRECTION('',(0.997556360042371,-0.0698663619992798,0.));
#10921=DIRECTION('',(-0.0698663619992798,-0.997556360042372,0.));
#10922=DIRECTION('',(0.0698663619992798,0.997556360042372,0.));
#10923=DIRECTION('',(0.0698663619992798,0.997556360042372,0.));
#10924=DIRECTION('',(0.069796235210669,0.997561269070936,0.));
#10925=DIRECTION('',(0.997561269070936,-0.069796235210669,0.));
#10926=DIRECTION('',(-0.997561269070936,0.069796235210669,0.));
#10927=DIRECTION('',(-0.997561269070936,0.069796235210669,0.));
#10928=DIRECTION('',(0.98482206121789,-0.173567012241804,0.));
#10929=DIRECTION('',(-0.173567012241804,-0.98482206121789,0.));
#10930=DIRECTION('',(0.173567012241804,0.98482206121789,0.));
#10931=DIRECTION('',(0.173567012241804,0.98482206121789,0.));
#10932=DIRECTION('',(0.173661489501203,0.984805405683896,0.));
#10933=DIRECTION('',(0.984805405683896,-0.173661489501203,0.));
#10934=DIRECTION('',(-0.984805405683896,0.173661489501203,0.));
#10935=DIRECTION('',(-0.984805405683896,0.173661489501203,0.));
#10936=DIRECTION('',(-0.984839383143284,0.173468698646055,0.));
#10937=DIRECTION('',(0.173468698646055,0.984839383143284,0.));
#10938=DIRECTION('',(-0.173468698646055,-0.984839383143284,0.));
#10939=DIRECTION('',(-0.173468698646055,-0.984839383143284,0.));
#10940=DIRECTION('',(0.173562065165911,0.984822933087641,0.));
#10941=DIRECTION('',(0.984822933087641,-0.173562065165911,0.));
#10942=DIRECTION('',(-0.984822933087641,0.173562065165911,0.));
#10943=DIRECTION('',(-0.984822933087641,0.173562065165911,0.));
#10944=DIRECTION('',(-0.984798913836795,0.173698299663146,0.));
#10945=DIRECTION('',(0.173698299663146,0.984798913836795,0.));
#10946=DIRECTION('',(-0.173698299663146,-0.984798913836795,0.));
#10947=DIRECTION('',(-0.173698299663146,-0.984798913836795,0.));
#10948=DIRECTION('',(-0.173729454227478,-0.984793418303465,0.));
#10949=DIRECTION('',(-0.984793418303465,0.173729454227478,0.));
#10950=DIRECTION('',(0.984793418303465,-0.173729454227478,0.));
#10951=DIRECTION('',(0.984793418303465,-0.173729454227478,0.));
#10952=DIRECTION('',(-0.984970205002774,0.172724333134601,0.));
#10953=DIRECTION('',(0.172724333134601,0.984970205002774,0.));
#10954=DIRECTION('',(-0.172724333134601,-0.984970205002774,0.));
#10955=DIRECTION('',(-0.172724333134601,-0.984970205002774,0.));
#10956=DIRECTION('',(-0.173604779954896,-0.984815404213811,0.));
#10957=DIRECTION('',(-0.984815404213811,0.173604779954896,0.));
#10958=DIRECTION('',(0.984815404213811,-0.173604779954896,0.));
#10959=DIRECTION('',(0.984815404213811,-0.173604779954896,0.));
#10960=DIRECTION('',(-0.997573327847521,0.069623671026611,0.));
#10961=DIRECTION('',(0.069623671026611,0.997573327847521,0.));
#10962=DIRECTION('',(-0.069623671026611,-0.997573327847521,0.));
#10963=DIRECTION('',(-0.069623671026611,-0.997573327847521,0.));
#10964=DIRECTION('',(-0.0696174608907234,-0.997573761252334,0.));
#10965=DIRECTION('',(-0.997573761252334,0.0696174608907234,0.));
#10966=DIRECTION('',(0.997573761252334,-0.0696174608907234,0.));
#10967=DIRECTION('',(0.997573761252334,-0.0696174608907234,0.));
#10968=DIRECTION('',(-1.,0.,0.));
#10969=DIRECTION('',(0.,0.,1.));
#10970=DIRECTION('',(0.,-1.,0.));
#10971=DIRECTION('',(0.,-1.,0.));
#10972=DIRECTION('',(0.,-1.,0.));
#10973=DIRECTION('',(0.,0.,1.));
#10974=DIRECTION('',(1.,0.,0.));
#10975=DIRECTION('',(1.,0.,0.));
#10976=DIRECTION('',(1.,0.,0.));
#10977=DIRECTION('',(0.,0.,-1.));
#10978=DIRECTION('',(0.,1.,0.));
#10979=DIRECTION('',(0.,1.,0.));
#10980=DIRECTION('',(0.,-1.,0.));
#10981=DIRECTION('',(0.,0.,1.));
#10982=DIRECTION('',(1.,0.,0.));
#10983=DIRECTION('',(1.,0.,0.));
#10984=DIRECTION('',(1.,0.,0.));
#10985=DIRECTION('',(0.,0.,-1.));
#10986=DIRECTION('',(0.,1.,0.));
#10987=DIRECTION('',(0.,1.,0.));
#10988=DIRECTION('',(0.,-1.,0.));
#10989=DIRECTION('',(0.,0.,1.));
#10990=DIRECTION('',(1.,0.,0.));
#10991=DIRECTION('',(1.,0.,0.));
#10992=DIRECTION('',(1.,0.,0.));
#10993=DIRECTION('',(0.,0.,-1.));
#10994=DIRECTION('',(0.,1.,0.));
#10995=DIRECTION('',(0.,1.,0.));
#10996=DIRECTION('',(0.5,-0.866025403784439,0.));
#10997=DIRECTION('',(-0.866025403784439,-0.5,0.));
#10998=DIRECTION('',(0.86602540378444,0.5,0.));
#10999=DIRECTION('',(0.86602540378444,0.5,0.));
#11000=DIRECTION('',(-0.500195681282161,0.865912397663109,0.));
#11001=DIRECTION('',(0.865912397663109,0.500195681282161,0.));
#11002=DIRECTION('',(-0.86591239766311,-0.500195681282161,0.));
#11003=DIRECTION('',(-0.86591239766311,-0.500195681282161,0.));
#11004=DIRECTION('',(0.,0.,-1.));
#11005=DIRECTION('',(0.,0.,-1.));
#11006=DIRECTION('',(-1.,0.,0.));
#11007=DIRECTION('',(0.,0.,-1.));
#11008=DIRECTION('',(1.,0.,0.));
#11009=DIRECTION('',(0.,0.,-1.));
#11010=DIRECTION('',(1.,0.,0.));
#11011=DIRECTION('',(0.,0.,-1.));
#11012=DIRECTION('',(-0.866051302393375,-0.499955139610284,0.));
#11013=DIRECTION('',(-0.499955139610284,0.866051302393375,0.));
#11014=DIRECTION('',(0.499955139610284,-0.866051302393375,0.));
#11015=DIRECTION('',(0.499955139610284,-0.866051302393375,0.));
#11016=DIRECTION('',(0.,0.,-1.));
#11017=DIRECTION('',(0.,0.,-1.));
#11018=DIRECTION('',(-1.,0.,0.));
#11019=DIRECTION('',(0.,0.,-1.));
#11020=DIRECTION('',(1.,0.,0.));
#11021=DIRECTION('',(0.,0.,-1.));
#11022=DIRECTION('',(1.,0.,0.));
#11023=DIRECTION('',(0.,0.,-1.));
#11024=DIRECTION('',(0.500093104599788,-0.865971643145285,0.));
#11025=DIRECTION('',(-0.865971643145285,-0.500093104599788,0.));
#11026=DIRECTION('',(0.865971643145285,0.500093104599788,0.));
#11027=DIRECTION('',(0.865971643145285,0.500093104599788,0.));
#11028=DIRECTION('',(0.,0.,-1.));
#11029=DIRECTION('',(0.,0.,-1.));
#11030=DIRECTION('',(0.,0.,-1.));
#11031=DIRECTION('',(0.,-1.,0.));
#11032=DIRECTION('',(0.,0.,1.));
#11033=DIRECTION('',(1.,0.,0.));
#11034=DIRECTION('',(1.,0.,0.));
#11035=DIRECTION('',(0.,0.,-1.));
#11036=DIRECTION('',(0.,0.,-1.));
#11037=DIRECTION('',(-1.,0.,0.));
#11038=DIRECTION('',(0.,0.,-1.));
#11039=DIRECTION('',(1.,0.,0.));
#11040=DIRECTION('',(0.,0.,-1.));
#11041=DIRECTION('',(1.,0.,0.));
#11042=DIRECTION('',(0.,0.,1.));
#11043=DIRECTION('',(1.,0.,0.));
#11044=DIRECTION('',(0.,0.,-1.));
#11045=DIRECTION('',(1.,0.,0.));
#11046=DIRECTION('',(0.,-1.,0.));
#11047=DIRECTION('',(0.984825143473481,-0.173549522564706,0.));
#11048=DIRECTION('',(0.,0.,-1.));
#11049=DIRECTION('',(1.,0.,0.));
#11050=DIRECTION('',(-0.173578308272415,-0.984820070316038,0.));
#11051=DIRECTION('',(0.,0.,-1.));
#11052=DIRECTION('',(1.,0.,0.));
#11053=DIRECTION('',(-0.984847950749829,0.17342005046667,0.));
#11054=DIRECTION('',(0.,-1.,0.));
#11055=DIRECTION('',(0.,0.,-1.));
#11056=DIRECTION('',(1.,0.,0.));
#11057=DIRECTION('',(1.,0.,0.));
#11058=DIRECTION('',(0.,-1.,0.));
#11059=DIRECTION('',(0.,0.,-1.));
#11060=DIRECTION('',(1.,0.,0.));
#11061=DIRECTION('',(-1.,0.,0.));
#11062=DIRECTION('',(0.,0.,1.));
#11063=DIRECTION('',(1.,0.,0.));
#11064=DIRECTION('',(-0.865971643145286,-0.500093104599788,0.));
#11065=DIRECTION('',(0.,0.,-1.));
#11066=DIRECTION('',(1.,0.,0.));
#11067=DIRECTION('',(-0.499955139610284,0.866051302393375,0.));
#11068=DIRECTION('',(0.,0.,-1.));
#11069=DIRECTION('',(1.,0.,0.));
#11070=DIRECTION('',(0.865912397663109,0.500195681282162,0.));
#11071=DIRECTION('',(0.,1.,0.));
#11072=DIRECTION('',(0.,0.,-1.));
#11073=DIRECTION('',(1.,0.,0.));
#11074=DIRECTION('',(1.,0.,0.));
#11075=DIRECTION('',(0.,1.,0.));
#11076=DIRECTION('',(0.,0.,-1.));
#11077=DIRECTION('',(1.,0.,0.));
#11078=DIRECTION('',(1.,0.,0.));
#11079=DIRECTION('',(0.,0.,-1.));
#11080=DIRECTION('',(1.,0.,0.));
#11081=DIRECTION('',(0.,-1.,0.));
#11082=DIRECTION('',(1.,0.,0.));
#11083=DIRECTION('',(0.,0.,1.));
#11084=DIRECTION('',(1.,0.,0.));
#11085=DIRECTION('',(0.,1.,0.));
#11086=DIRECTION('',(0.,0.,-1.));
#11087=DIRECTION('',(0.,0.,1.));
#11088=DIRECTION('',(0.,0.,1.));
#11089=DIRECTION('',(1.,0.,0.));
#11090=DIRECTION('',(0.,0.,-1.));
#11091=DIRECTION('',(0.,0.,1.));
#11092=DIRECTION('',(0.,0.,1.));
#11093=DIRECTION('',(1.,0.,0.));
#11094=DIRECTION('',(0.,0.,1.));
#11095=DIRECTION('',(0.,1.,0.));
#11096=DIRECTION('',(0.,0.,-1.));
#11097=DIRECTION('',(0.,0.,1.));
#11098=DIRECTION('',(0.,0.,1.));
#11099=DIRECTION('',(1.,0.,0.));
#11100=DIRECTION('',(0.,0.,1.));
#11101=DIRECTION('',(-1.,0.,0.));
#11102=DIRECTION('',(0.,0.,1.));
#11103=DIRECTION('',(0.,0.,1.));
#11104=DIRECTION('',(0.,1.,0.));
#11105=DIRECTION('',(0.,0.,-1.));
#11106=DIRECTION('',(0.,0.,1.));
#11107=DIRECTION('',(0.,0.,1.));
#11108=DIRECTION('',(1.,0.,0.));
#11109=DIRECTION('',(0.,0.,1.));
#11110=DIRECTION('',(-1.,0.,0.));
#11111=DIRECTION('',(0.,0.,1.));
#11112=DIRECTION('',(0.,0.,1.));
#11113=DIRECTION('',(-0.500195681282162,0.865912397663109,0.));
#11114=DIRECTION('',(0.865912397663109,0.500195681282162,0.));
#11115=DIRECTION('',(0.,0.,1.));
#11116=DIRECTION('',(0.,0.,1.));
#11117=DIRECTION('',(1.,0.,0.));
#11118=DIRECTION('',(0.,0.,1.));
#11119=DIRECTION('',(-0.866051302393375,-0.499955139610284,0.));
#11120=DIRECTION('',(-0.499955139610284,0.866051302393375,0.));
#11121=DIRECTION('',(0.,0.,1.));
#11122=DIRECTION('',(0.,0.,1.));
#11123=DIRECTION('',(1.,0.,0.));
#11124=DIRECTION('',(0.,0.,1.));
#11125=DIRECTION('',(0.500093104599788,-0.865971643145286,0.));
#11126=DIRECTION('',(-0.865971643145286,-0.500093104599788,0.));
#11127=DIRECTION('',(0.,0.,1.));
#11128=DIRECTION('',(0.,0.,1.));
#11129=DIRECTION('',(1.,0.,0.));
#11130=DIRECTION('',(0.,0.,1.));
#11131=DIRECTION('',(0.,-1.,0.));
#11132=DIRECTION('',(0.,0.,1.));
#11133=DIRECTION('',(0.,0.,1.));
#11134=DIRECTION('',(0.,0.,1.));
#11135=DIRECTION('',(1.,0.,0.));
#11136=DIRECTION('',(0.,0.,1.));
#11137=DIRECTION('',(1.,0.,0.));
#11138=DIRECTION('',(0.,0.,-1.));
#11139=DIRECTION('',(0.,0.,1.));
#11140=DIRECTION('',(0.,1.,0.));
#11141=DIRECTION('',(0.,0.,-1.));
#11142=DIRECTION('',(0.,0.,1.));
#11143=DIRECTION('',(0.,0.,1.));
#11144=DIRECTION('',(1.,0.,0.));
#11145=DIRECTION('',(0.,0.,1.));
#11146=DIRECTION('',(1.,0.,0.));
#11147=DIRECTION('',(0.,0.,-1.));
#11148=DIRECTION('',(0.,0.,1.));
#11149=DIRECTION('',(-0.17342005046667,-0.984847950749829,0.));
#11150=DIRECTION('',(-0.984847950749829,0.17342005046667,0.));
#11151=DIRECTION('',(0.,0.,1.));
#11152=DIRECTION('',(0.,0.,1.));
#11153=DIRECTION('',(1.,0.,0.));
#11154=DIRECTION('',(0.,0.,1.));
#11155=DIRECTION('',(0.984820070316038,-0.173578308272415,0.));
#11156=DIRECTION('',(-0.173578308272415,-0.984820070316038,0.));
#11157=DIRECTION('',(0.,0.,1.));
#11158=DIRECTION('',(0.,0.,1.));
#11159=DIRECTION('',(1.,0.,0.));
#11160=DIRECTION('',(0.,0.,1.));
#11161=DIRECTION('',(0.173549522564706,0.984825143473481,0.));
#11162=DIRECTION('',(0.984825143473481,-0.173549522564706,0.));
#11163=DIRECTION('',(0.,0.,1.));
#11164=DIRECTION('',(1.,0.,0.));
#11165=DIRECTION('',(0.,0.,-1.));
#11166=DIRECTION('',(0.,0.,1.));
#11167=DIRECTION('',(0.,0.,1.));
#11168=DIRECTION('',(1.,0.,0.));
#11169=DIRECTION('',(0.,1.,0.));
#11170=DIRECTION('',(0.,0.,1.));
#11171=DIRECTION('',(1.,0.,0.));
#11172=DIRECTION('',(0.,0.,-1.));
#11173=DIRECTION('',(1.,0.,0.));
#11174=DIRECTION('',(0.,0.,-1.));
#11175=DIRECTION('',(0.,1.,0.));
#11176=DIRECTION('',(0.,0.,1.));
#11177=DIRECTION('',(1.,0.,0.));
#11178=DIRECTION('',(0.,0.,-1.));
#11179=DIRECTION('',(1.,0.,0.));
#11180=DIRECTION('',(0.,0.,-1.));
#11181=DIRECTION('',(0.,0.,-1.));
#11182=DIRECTION('',(-1.,0.,0.));
#11183=DIRECTION('',(0.,0.,-1.));
#11184=DIRECTION('',(0.,0.,-1.));
#11185=DIRECTION('',(-1.,0.,0.));
#11186=DIRECTION('',(0.,0.,-1.));
#11187=DIRECTION('',(0.,0.,-1.));
#11188=DIRECTION('',(-1.,0.,0.));
#11189=DIRECTION('',(0.,0.,-1.));
#11190=DIRECTION('',(0.,0.,-1.));
#11191=DIRECTION('',(-1.,0.,0.));
#11192=DIRECTION('',(1.,0.,0.));
#11193=DIRECTION('',(0.,0.,-1.));
#11194=DIRECTION('',(0.,0.,-1.));
#11195=DIRECTION('',(0.,-1.,0.));
#11196=DIRECTION('',(0.,0.,-1.));
#11197=DIRECTION('',(-1.,0.,0.));
#11198=DIRECTION('',(0.,0.,-1.));
#11199=DIRECTION('',(0.,0.,-1.));
#11200=DIRECTION('',(-1.,0.,0.));
#11201=DIRECTION('',(0.,1.,0.));
#11202=DIRECTION('',(0.,0.,1.));
#11203=DIRECTION('',(0.,0.,-1.));
#11204=DIRECTION('',(1.,0.,0.));
#11205=DIRECTION('',(0.,0.,-1.));
#11206=DIRECTION('',(-1.,0.,0.));
#11207=DIRECTION('',(0.,0.,-1.));
#11208=DIRECTION('',(0.,0.,-1.));
#11209=DIRECTION('',(-1.,0.,0.));
#11210=DIRECTION('',(-1.,0.,0.));
#11211=DIRECTION('',(0.,0.,1.));
#11212=DIRECTION('',(0.,0.,-1.));
#11213=DIRECTION('',(0.,1.,0.));
#11214=DIRECTION('',(0.,0.,-1.));
#11215=DIRECTION('',(-1.,0.,0.));
#11216=DIRECTION('',(0.,0.,-1.));
#11217=DIRECTION('',(0.,0.,-1.));
#11218=DIRECTION('',(-1.,0.,0.));
#11219=DIRECTION('',(0.,0.,-1.));
#11220=DIRECTION('',(-1.,0.,0.));
#11221=DIRECTION('',(0.,0.,-1.));
#11222=DIRECTION('',(0.,0.,-1.));
#11223=DIRECTION('',(-1.,0.,0.));
#11224=DIRECTION('',(-0.866051302393375,-0.499955139610284,0.));
#11225=DIRECTION('',(0.499955139610284,-0.866051302393375,0.));
#11226=DIRECTION('',(0.,0.,-1.));
#11227=DIRECTION('',(-0.499955139610284,0.866051302393375,0.));
#11228=DIRECTION('',(0.,0.,-1.));
#11229=DIRECTION('',(-1.,0.,0.));
#11230=DIRECTION('',(0.,0.,-1.));
#11231=DIRECTION('',(0.,0.,-1.));
#11232=DIRECTION('',(-1.,0.,0.));
#11233=DIRECTION('',(0.500093104599787,-0.865971643145286,0.));
#11234=DIRECTION('',(0.865971643145286,0.500093104599787,0.));
#11235=DIRECTION('',(0.,0.,-1.));
#11236=DIRECTION('',(-0.865971643145286,-0.500093104599787,0.));
#11237=DIRECTION('',(0.,0.,-1.));
#11238=DIRECTION('',(-1.,0.,0.));
#11239=DIRECTION('',(0.,0.,-1.));
#11240=DIRECTION('',(0.,0.,-1.));
#11241=DIRECTION('',(-1.,0.,0.));
#11242=DIRECTION('',(0.,-1.,0.));
#11243=DIRECTION('',(0.,0.,-1.));
#11244=DIRECTION('',(0.,0.,-1.));
#11245=DIRECTION('',(-1.,0.,0.));
#11246=DIRECTION('',(0.,0.,-1.));
#11247=DIRECTION('',(-1.,0.,0.));
#11248=DIRECTION('',(0.,0.,-1.));
#11249=DIRECTION('',(0.,0.,-1.));
#11250=DIRECTION('',(-1.,0.,0.));
#11251=DIRECTION('',(0.984820070316038,-0.173578308272415,0.));
#11252=DIRECTION('',(0.173578308272415,0.984820070316038,0.));
#11253=DIRECTION('',(-0.173578308272415,-0.984820070316038,0.));
#11254=DIRECTION('',(0.,0.,-1.));
#11255=DIRECTION('',(1.,0.,0.));
#11256=DIRECTION('',(1.,0.,0.));
#11257=DIRECTION('',(0.,0.,-1.));
#11258=DIRECTION('',(1.,0.,0.));
#11259=DIRECTION('',(0.,-1.,0.));
#11260=DIRECTION('',(0.,0.,-1.));
#11261=DIRECTION('',(1.,0.,0.));
#11262=DIRECTION('',(0.,0.,-1.));
#11263=DIRECTION('',(1.,0.,0.));
#11264=DIRECTION('',(-0.173578308272415,-0.984820070316038,0.));
#11265=DIRECTION('',(0.,0.,-1.));
#11266=DIRECTION('',(1.,0.,0.));
#11267=DIRECTION('',(0.,0.,1.));
#11268=DIRECTION('',(1.,0.,0.));
#11269=DIRECTION('',(0.865971643145286,0.500093104599788,0.));
#11270=DIRECTION('',(0.,0.,-1.));
#11271=DIRECTION('',(1.,0.,0.));
#11272=DIRECTION('',(-0.499955139610284,0.866051302393375,0.));
#11273=DIRECTION('',(0.,0.,-1.));
#11274=DIRECTION('',(1.,0.,0.));
#11275=DIRECTION('',(0.,0.,1.));
#11276=DIRECTION('',(1.,0.,0.));
#11277=DIRECTION('',(0.,-1.,0.));
#11278=DIRECTION('',(0.,0.,-1.));
#11279=DIRECTION('',(1.,0.,0.));
#11280=DIRECTION('',(1.,0.,0.));
#11281=DIRECTION('',(1.,0.,0.));
#11282=DIRECTION('',(1.,0.,0.));
#11283=DIRECTION('',(1.,0.,0.));
#11284=DIRECTION('',(1.,0.,0.));
#11285=DIRECTION('',(1.,0.,0.));
#11286=DIRECTION('',(1.,0.,0.));
#11287=DIRECTION('',(0.,0.,1.));
#11288=DIRECTION('',(1.,0.,0.));
#11289=DIRECTION('',(0.,0.,-1.));
#11290=DIRECTION('',(-1.,0.,0.));
#11291=DIRECTION('',(0.,0.,-1.));
#11292=DIRECTION('',(1.,0.,0.));
#11293=DIRECTION('',(0.,0.,-1.));
#11294=DIRECTION('',(0.,0.,1.));
#11295=DIRECTION('',(1.,0.,0.));
#11296=DIRECTION('',(0.984825143473478,-0.173549522564723,0.));
#11297=DIRECTION('',(0.173549522564723,0.984825143473478,0.));
#11298=DIRECTION('',(-0.173578308272417,-0.984820070316038,0.));
#11299=DIRECTION('',(0.984820070316038,-0.173578308272417,0.));
#11300=DIRECTION('',(0.,0.,-1.));
#11301=DIRECTION('',(1.,0.,0.));
#11302=DIRECTION('',(-0.173578308272415,-0.984820070316038,0.));
#11303=DIRECTION('',(-0.984820070316038,0.173578308272415,0.));
#11304=DIRECTION('',(-0.173578308272414,-0.984820070316038,0.));
#11305=DIRECTION('',(0.984820070316038,-0.173578308272414,0.));
#11306=DIRECTION('',(-0.173578308272415,-0.984820070316038,0.));
#11307=DIRECTION('',(0.,0.,1.));
#11308=DIRECTION('',(1.,0.,0.));
#11309=DIRECTION('',(0.,0.,-1.));
#11310=DIRECTION('',(1.,0.,0.));
#11311=DIRECTION('',(0.,0.,1.));
#11312=DIRECTION('',(1.,0.,0.));
#11313=DIRECTION('',(0.49995513961028,-0.866051302393378,2.77172744569889E-13));
#11314=DIRECTION('',(0.866051302393378,0.49995513961028,0.));
#11315=DIRECTION('',(0.,0.,-1.));
#11316=DIRECTION('',(1.,0.,0.));
#11317=DIRECTION('',(0.865971643145247,0.500093104599854,7.49005261695576E-14));
#11318=DIRECTION('',(-0.500093104599854,0.865971643145247,0.));
#11319=DIRECTION('',(-0.499955139610284,0.866051302393375,0.));
#11320=DIRECTION('',(0.866051302393375,0.499955139610284,0.));
#11321=DIRECTION('',(0.499955139610641,-0.866051302393169,4.10555413349132E-13));
#11322=DIRECTION('',(0.866051302393169,0.499955139610641,0.));
#11323=DIRECTION('',(-0.499955139610284,0.866051302393375,0.));
#11324=DIRECTION('',(0.,0.,1.));
#11325=DIRECTION('',(1.,0.,0.));
#11326=DIRECTION('',(-0.865912397663095,-0.500195681282186,1.05876603455885E-13));
#11327=DIRECTION('',(0.500195681282186,-0.865912397663095,0.));
#11328=DIRECTION('',(0.,0.,-1.));
#11329=DIRECTION('',(1.,0.,0.));
#11330=DIRECTION('',(0.,0.,1.));
#11331=DIRECTION('',(1.,0.,0.));
#11332=DIRECTION('',(-1.,0.,3.46944695195362E-14));
#11333=DIRECTION('',(-3.46944695195362E-14,0.,-1.));
#11334=DIRECTION('',(0.,0.,-1.));
#11335=DIRECTION('',(1.,0.,0.));
#11336=DIRECTION('',(-6.93889390390722E-14,-1.,-6.93889390390719E-14));
#11337=DIRECTION('',(1.,-6.93889390390722E-14,0.));
#11338=DIRECTION('',(1.,0.,0.));
#11339=DIRECTION('',(0.,0.,1.));
#11340=DIRECTION('',(1.,0.,0.));
#11341=DIRECTION('',(0.,0.,-1.));
#11342=DIRECTION('',(-1.,0.,0.));
#11343=DIRECTION('',(0.,0.,1.));
#11344=DIRECTION('',(1.,0.,0.));
#11345=DIRECTION('',(0.,0.,-1.));
#11346=DIRECTION('',(-1.,0.,0.));
#11347=DIRECTION('',(1.,0.,0.));
#11348=DIRECTION('',(0.,0.,-1.));
#11349=DIRECTION('',(-1.,0.,0.));
#11350=DIRECTION('',(1.,0.,0.));
#11351=DIRECTION('',(0.,0.,-1.));
#11352=DIRECTION('',(1.,0.,0.));
#11353=DIRECTION('',(0.,0.,-1.));
#11354=DIRECTION('',(-1.,0.,0.));
#11355=DIRECTION('',(0.,0.,1.));
#11356=DIRECTION('',(1.,0.,0.));
#11357=DIRECTION('',(0.,0.,-1.));
#11358=DIRECTION('',(-1.,0.,0.));
#11359=DIRECTION('',(0.,0.,1.));
#11360=DIRECTION('',(1.,0.,0.));
#11361=DIRECTION('',(0.,0.,-1.));
#11362=DIRECTION('',(-1.,0.,0.));
#11363=DIRECTION('',(1.,0.,0.));
#11364=DIRECTION('',(0.,0.,-1.));
#11365=DIRECTION('',(-1.,0.,0.));
#11366=DIRECTION('',(-1.,0.,0.));
#11367=DIRECTION('',(0.,0.,-1.));
#11368=DIRECTION('',(1.,0.,0.));
#11369=DIRECTION('',(0.,0.,-1.));
#11370=DIRECTION('',(1.,0.,0.));
#11371=DIRECTION('',(0.,0.,-1.));
#11372=DIRECTION('',(1.,0.,0.));
#11373=DIRECTION('',(0.,0.,1.));
#11374=DIRECTION('',(1.,0.,0.));
#11375=DIRECTION('',(0.,0.707106781186547,-0.707106781186548));
#11376=DIRECTION('',(0.,0.707106781186548,0.707106781186547));
#11377=DIRECTION('',(0.,-0.707106781186548,-0.707106781186547));
#11378=DIRECTION('',(0.,-0.707106781186548,-0.707106781186547));
#11379=DIRECTION('',(-1.,0.,0.));
#11380=DIRECTION('',(0.,0.707106781186547,-0.707106781186548));
#11381=DIRECTION('',(0.,0.707106781186548,0.707106781186547));
#11382=DIRECTION('',(0.,-0.707106781186548,-0.707106781186547));
#11383=DIRECTION('',(0.,-0.707106781186548,-0.707106781186547));
#11384=DIRECTION('',(-1.,0.,0.));
#11385=DIRECTION('',(0.,0.,1.));
#11386=DIRECTION('',(1.,0.,0.));
#11387=DIRECTION('',(6.2450045135165E-14,-1.,0.));
#11388=DIRECTION('',(1.,6.2450045135165E-14,0.));
#11389=DIRECTION('',(0.,0.,-1.));
#11390=DIRECTION('',(1.,0.,0.));
#11391=DIRECTION('',(0.,0.,1.));
#11392=DIRECTION('',(1.,0.,0.));
#11393=DIRECTION('',(-2.94902990916057E-14,-1.,0.));
#11394=DIRECTION('',(1.,-2.94902990916057E-14,0.));
#11395=DIRECTION('',(0.,0.,-1.));
#11396=DIRECTION('',(1.,0.,0.));
#11397=DIRECTION('',(-1.,2.4246263139668E-16,0.));
#11398=DIRECTION('',(2.4246263139668E-16,1.,0.));
#11399=DIRECTION('',(-1.,8.67361737988403E-16,0.));
#11400=DIRECTION('',(-8.67361737988403E-16,-1.,0.));
#11401=DIRECTION('',(0.,0.,1.));
#11402=DIRECTION('',(1.,0.,0.));
#11403=DIRECTION('',(0.865965793203252,0.500089726295547,-0.00367568435903906));
#11404=DIRECTION('',(-0.500093104599787,0.865971643145286,0.));
#11405=DIRECTION('',(0.,0.,-1.));
#11406=DIRECTION('',(1.,0.,0.));
#11407=DIRECTION('',(-0.865971643145286,-0.500093104599788,0.));
#11408=DIRECTION('',(-0.500093104599788,0.865971643145286,0.));
#11409=DIRECTION('',(0.865971643145286,0.500093104599788,0.));
#11410=DIRECTION('',(0.,0.,1.));
#11411=DIRECTION('',(1.,0.,0.));
#11412=DIRECTION('',(0.,-1.,0.));
#11413=DIRECTION('',(0.,0.,-1.));
#11414=DIRECTION('',(0.,0.,-1.));
#11415=DIRECTION('',(1.,0.,0.));
#11416=DIRECTION('',(0.,1.,0.));
#11417=DIRECTION('',(0.,0.,-1.));
#11418=DIRECTION('',(0.,-1.,0.));
#11419=DIRECTION('',(0.,-1.,0.));
#11420=DIRECTION('',(0.,0.,1.));
#11421=DIRECTION('',(0.,-1.,0.));
#11422=DIRECTION('',(-1.,0.,0.));
#11423=DIRECTION('',(0.,0.,1.));
#11424=DIRECTION('',(0.,0.,-1.));
#11425=DIRECTION('',(0.,0.,-1.));
#11426=DIRECTION('',(0.,0.,-1.));
#11427=DIRECTION('',(-1.,0.,0.));
#11428=DIRECTION('',(0.,0.,-1.));
#11429=DIRECTION('',(0.,0.,-1.));
#11430=DIRECTION('',(-1.,0.,0.));
#11431=DIRECTION('',(0.,0.,-1.));
#11432=DIRECTION('',(0.,-1.,0.));
#11433=DIRECTION('',(0.,0.,1.));
#11434=DIRECTION('',(0.,0.,1.));
#11435=DIRECTION('',(0.,0.,-1.));
#11436=DIRECTION('',(0.,0.,-1.));
#11437=DIRECTION('',(0.,0.,-1.));
#11438=DIRECTION('',(0.,0.,-1.));
#11439=DIRECTION('',(0.,0.,-1.));
#11440=DIRECTION('',(0.,0.,1.));
#11441=DIRECTION('',(1.,0.,0.));
#11442=DIRECTION('',(0.,0.,1.));
#11443=DIRECTION('',(0.,0.,1.));
#11444=DIRECTION('',(1.,0.,0.));
#11445=DIRECTION('',(1.,0.,0.));
#11446=DIRECTION('',(0.,1.,0.));
#11447=DIRECTION('',(0.,-1.,0.));
#11448=DIRECTION('',(1.,0.,0.));
#11449=DIRECTION('',(0.,1.,0.));
#11450=DIRECTION('',(0.,-1.,0.));
#11451=DIRECTION('',(1.,0.,0.));
#11452=DIRECTION('',(0.,1.,0.));
#11453=DIRECTION('',(0.,-1.,0.));
#11454=DIRECTION('',(1.,0.,0.));
#11455=DIRECTION('',(0.,1.,0.));
#11456=DIRECTION('',(0.,-1.,0.));
#11457=DIRECTION('',(-1.,0.,0.));
#11458=DIRECTION('',(0.,0.,1.));
#11459=DIRECTION('',(0.,0.,-1.));
#11460=DIRECTION('',(0.,0.,-1.));
#11461=DIRECTION('',(0.,0.,-1.));
#11462=DIRECTION('',(-1.,0.,0.));
#11463=DIRECTION('',(0.,0.,-1.));
#11464=DIRECTION('',(0.,0.,-1.));
#11465=DIRECTION('',(-1.,0.,0.));
#11466=DIRECTION('',(0.,0.,-1.));
#11467=DIRECTION('',(-1.,0.,0.));
#11468=DIRECTION('',(0.,0.,-1.));
#11469=DIRECTION('',(0.866051302393375,0.499955139610284,0.));
#11470=DIRECTION('',(0.499955139610284,-0.866051302393375,0.));
#11471=DIRECTION('',(0.,0.,-1.));
#11472=DIRECTION('',(0.500093104599788,-0.865971643145286,0.));
#11473=DIRECTION('',(-0.865971643145286,-0.500093104599788,0.));
#11474=DIRECTION('',(0.,0.,-1.));
#11475=DIRECTION('',(0.,0.,-1.));
#11476=DIRECTION('',(0.,0.,-1.));
#11477=DIRECTION('',(-1.,0.,0.));
#11478=DIRECTION('',(0.,0.,-1.));
#11479=DIRECTION('',(-1.,0.,0.));
#11480=DIRECTION('',(0.,0.,-1.));
#11481=DIRECTION('',(-1.,0.,0.));
#11482=DIRECTION('',(0.,0.,-1.));
#11483=DIRECTION('',(-0.984820070316038,0.173578308272415,0.));
#11484=DIRECTION('',(0.173578308272415,0.984820070316038,0.));
#11485=DIRECTION('',(0.,0.,-1.));
#11486=DIRECTION('',(0.,0.,-1.));
#11487=DIRECTION('',(-1.,0.,0.));
#11488=DIRECTION('',(0.,0.,1.));
#11489=DIRECTION('',(1.,0.,0.));
#11490=DIRECTION('',(0.,0.,1.));
#11491=DIRECTION('',(1.,0.,0.));
#11492=DIRECTION('',(0.,-0.707106781186548,0.707106781186547));
#11493=DIRECTION('',(0.,-0.707106781186547,-0.707106781186548));
#11494=DIRECTION('',(0.,-0.707106781186547,-0.707106781186548));
#11495=DIRECTION('',(0.510273605374737,0.608120402411343,0.608120402411343));
#11496=DIRECTION('',(0.,-0.707106781186547,-0.707106781186548));
#11497=DIRECTION('',(1.,0.,0.));
#11498=DIRECTION('',(0.,1.,0.));
#11499=DIRECTION('',(-2.4246263139668E-16,-1.,0.));
#11500=DIRECTION('',(-2.4246263139668E-16,-1.,0.));
#11501=DIRECTION('',(1.,0.,0.));
#11502=DIRECTION('',(0.,1.,0.));
#11503=DIRECTION('',(0.,-0.707106781186547,-0.707106781186548));
#11504=DIRECTION('',(0.,0.707106781186548,-0.707106781186547));
#11505=DIRECTION('',(-0.510273605374736,0.608120402411344,-0.608120402411343));
#11506=DIRECTION('',(-1.,0.,0.));
#11507=DIRECTION('',(0.,-0.707106781186548,0.707106781186547));
#11508=DIRECTION('',(0.,0.707106781186548,-0.707106781186547));
#11509=DIRECTION('',(0.,0.707106781186547,0.707106781186548));
#11510=DIRECTION('',(-0.510273605374736,0.608120402411343,0.608120402411344));
#11511=DIRECTION('',(0.,-0.707106781186547,-0.707106781186548));
#11512=DIRECTION('',(-1.,0.,0.));
#11513=DIRECTION('',(-1.,0.,0.));
#11514=DIRECTION('',(0.,0.,1.));
#11515=DIRECTION('',(-0.766044443118979,1.85737151445432E-16,0.642787609686539));
#11516=DIRECTION('',(-0.642787609686539,-2.21352917513309E-16,-0.766044443118979));
#11517=DIRECTION('',(-0.766044443118979,1.85737151445432E-16,-0.642787609686539));
#11518=DIRECTION('',(-0.642787609686539,-2.21352917513309E-16,0.766044443118979));
#11519=DIRECTION('',(1.,0.,0.));
#11520=DIRECTION('',(0.,0.,-1.));
#11521=DIRECTION('',(1.,0.,0.));
#11522=DIRECTION('',(0.,1.,0.));
#11523=DIRECTION('',(0.,1.,0.));
#11524=DIRECTION('',(0.,0.,1.));
#11525=DIRECTION('',(0.,0.,1.));
#11526=DIRECTION('',(-1.,0.,0.));
#11527=DIRECTION('',(0.,0.,1.));
#11528=DIRECTION('',(0.,0.,1.));
#11529=DIRECTION('',(1.,0.,0.));
#11530=DIRECTION('',(0.,0.,1.));
#11531=DIRECTION('',(0.,0.,-1.));
#11532=DIRECTION('',(-1.,0.,0.));
#11533=DIRECTION('',(0.,0.,1.));
#11534=DIRECTION('',(1.,0.,0.));
#11535=DIRECTION('',(0.,0.,1.));
#11536=DIRECTION('',(0.,0.,-1.));
#11537=DIRECTION('',(-1.,0.,0.));
#11538=DIRECTION('',(-2.06599514827742E-15,-1.,0.));
#11539=DIRECTION('',(1.,-2.06599514827742E-15,0.));
#11540=DIRECTION('',(0.,0.,1.));
#11541=DIRECTION('',(1.,-2.06599514827742E-15,0.));
#11542=DIRECTION('',(0.,0.,1.));
#11543=DIRECTION('',(0.,0.,1.));
#11544=DIRECTION('',(1.,0.,0.));
#11545=DIRECTION('',(0.,0.,1.));
#11546=DIRECTION('',(0.,0.,-1.));
#11547=DIRECTION('',(-1.,0.,0.));
#11548=DIRECTION('',(0.,1.,0.));
#11549=DIRECTION('',(0.,0.,1.));
#11550=DIRECTION('',(0.,0.,1.));
#11551=DIRECTION('',(-1.,0.,0.));
#11552=DIRECTION('',(1.,-2.1873013088253E-15,0.));
#11553=DIRECTION('',(2.1873013088253E-15,1.,0.));
#11554=DIRECTION('',(0.,0.,1.));
#11555=DIRECTION('',(2.1873013088253E-15,1.,0.));
#11556=DIRECTION('',(0.,0.,1.));
#11557=DIRECTION('',(1.,0.,0.));
#11558=DIRECTION('',(0.,0.,1.));
#11559=DIRECTION('',(0.,0.,-1.));
#11560=DIRECTION('',(-1.,0.,0.));
#11561=DIRECTION('',(0.,0.,1.));
#11562=DIRECTION('',(1.,0.,0.));
#11563=DIRECTION('',(0.,0.,1.));
#11564=DIRECTION('',(0.,0.,-1.));
#11565=DIRECTION('',(-1.,0.,0.));
#11566=DIRECTION('',(-1.,-2.29666576452999E-14,0.));
#11567=DIRECTION('',(2.29666576452999E-14,-1.,0.));
#11568=DIRECTION('',(2.29666576452999E-14,-1.,0.));
#11569=DIRECTION('',(0.,0.,1.));
#11570=DIRECTION('',(-1.,0.,0.));
#11571=DIRECTION('',(1.,-2.18329550432343E-15,0.));
#11572=DIRECTION('',(2.18329550432343E-15,1.,0.));
#11573=DIRECTION('',(0.,0.,1.));
#11574=DIRECTION('',(2.18329550432343E-15,1.,0.));
#11575=DIRECTION('',(0.,0.,1.));
#11576=DIRECTION('',(0.,0.,1.));
#11577=DIRECTION('',(1.,0.,0.));
#11578=DIRECTION('',(0.,0.,1.));
#11579=DIRECTION('',(0.,0.,-1.));
#11580=DIRECTION('',(-1.,0.,0.));
#11581=DIRECTION('',(0.,0.,1.));
#11582=DIRECTION('',(1.,0.,0.));
#11583=DIRECTION('',(0.,0.,1.));
#11584=DIRECTION('',(0.,0.,-1.));
#11585=DIRECTION('',(-1.,0.,0.));
#11586=DIRECTION('',(-1.,1.89218893870429E-15,0.));
#11587=DIRECTION('',(-1.89218893870429E-15,-1.,0.));
#11588=DIRECTION('',(0.,0.,1.));
#11589=DIRECTION('',(-1.89218893870429E-15,-1.,0.));
#11590=DIRECTION('',(0.,0.,1.));
#11591=DIRECTION('',(1.,0.,0.));
#11592=DIRECTION('',(0.,0.,1.));
#11593=DIRECTION('',(0.,0.,-1.));
#11594=DIRECTION('',(-1.,0.,0.));
#11595=DIRECTION('',(-1.46807749283773E-15,-1.,0.));
#11596=DIRECTION('',(1.,-1.46807749283773E-15,0.));
#11597=DIRECTION('',(0.,0.,1.));
#11598=DIRECTION('',(1.,-1.46807749283773E-15,0.));
#11599=DIRECTION('',(0.,0.,1.));
#11600=DIRECTION('',(1.,0.,0.));
#11601=DIRECTION('',(0.,0.,1.));
#11602=DIRECTION('',(0.,0.,-1.));
#11603=DIRECTION('',(-1.,0.,0.));
#11604=DIRECTION('',(1.,-1.89218893874294E-15,0.));
#11605=DIRECTION('',(1.89218893874294E-15,1.,0.));
#11606=DIRECTION('',(0.,0.,1.));
#11607=DIRECTION('',(1.89218893874294E-15,1.,0.));
#11608=DIRECTION('',(0.,0.,1.));
#11609=DIRECTION('',(1.,0.,0.));
#11610=DIRECTION('',(0.,0.,1.));
#11611=DIRECTION('',(0.,0.,-1.));
#11612=DIRECTION('',(-1.,0.,0.));
#11613=DIRECTION('',(0.,0.,1.));
#11614=DIRECTION('',(1.,0.,0.));
#11615=DIRECTION('',(0.,0.,1.));
#11616=DIRECTION('',(0.,0.,-1.));
#11617=DIRECTION('',(-1.,0.,0.));
#11618=DIRECTION('',(-1.,2.18329492565016E-15,0.));
#11619=DIRECTION('',(-2.18329492565016E-15,-1.,0.));
#11620=DIRECTION('',(0.,0.,1.));
#11621=DIRECTION('',(-2.18329492565016E-15,-1.,0.));
#11622=DIRECTION('',(5.2284178250934E-15,1.,0.));
#11623=DIRECTION('',(-1.,5.2284178250934E-15,0.));
#11624=DIRECTION('',(0.,0.,1.));
#11625=DIRECTION('',(-1.,5.2284178250934E-15,0.));
#11626=DIRECTION('',(1.,-2.18329451405235E-15,0.));
#11627=DIRECTION('',(2.18329451405235E-15,1.,0.));
#11628=DIRECTION('',(0.,0.,1.));
#11629=DIRECTION('',(2.18329451405235E-15,1.,0.));
#11630=DIRECTION('',(0.,0.,1.));
#11631=DIRECTION('',(1.,0.,0.));
#11632=DIRECTION('',(0.,0.,1.));
#11633=DIRECTION('',(0.,0.,-1.));
#11634=DIRECTION('',(-1.,0.,0.));
#11635=DIRECTION('',(0.,0.,1.));
#11636=DIRECTION('',(1.,0.,0.));
#11637=DIRECTION('',(0.,0.,1.));
#11638=DIRECTION('',(0.,0.,-1.));
#11639=DIRECTION('',(-1.,0.,0.));
#11640=DIRECTION('',(-1.,2.18329416295765E-15,0.));
#11641=DIRECTION('',(-2.18329416295765E-15,-1.,0.));
#11642=DIRECTION('',(0.,0.,1.));
#11643=DIRECTION('',(-2.18329416295765E-15,-1.,0.));
#11644=DIRECTION('',(0.,1.,0.));
#11645=DIRECTION('',(0.,0.,1.));
#11646=DIRECTION('',(-1.,0.,0.));
#11647=DIRECTION('',(0.,0.,1.));
#11648=DIRECTION('',(-1.,0.,0.));
#11649=DIRECTION('',(-1.,0.,0.));
#11650=DIRECTION('',(0.,0.,1.));
#11651=DIRECTION('',(0.,0.,1.));
#11652=DIRECTION('',(0.,-1.,0.));
#11653=DIRECTION('',(0.,0.,1.));
#11654=DIRECTION('',(0.,1.,0.));
#11655=DIRECTION('',(0.,0.,1.));
#11656=DIRECTION('',(0.,0.,1.));
#11657=DIRECTION('',(-1.,0.,0.));
#11658=DIRECTION('',(0.,0.,1.));
#11659=DIRECTION('',(1.,0.,0.));
#11660=DIRECTION('',(0.,0.,1.));
#11661=DIRECTION('',(0.,0.,-1.));
#11662=DIRECTION('',(-1.,0.,0.));
#11663=DIRECTION('',(0.,0.,1.));
#11664=DIRECTION('',(1.,0.,0.));
#11665=DIRECTION('',(0.,0.,1.));
#11666=DIRECTION('',(0.,0.,-1.));
#11667=DIRECTION('',(-1.,0.,0.));
#11668=DIRECTION('',(0.,-1.,0.));
#11669=DIRECTION('',(0.,0.,-1.));
#11670=DIRECTION('',(0.,0.,1.));
#11671=DIRECTION('',(1.,0.,0.));
#11672=DIRECTION('',(-1.,0.,0.));
#11673=DIRECTION('',(0.,0.,1.));
#11674=DIRECTION('',(0.,0.,1.));
#11675=DIRECTION('',(0.,-1.,0.));
#11676=DIRECTION('',(0.,1.,0.));
#11677=DIRECTION('',(0.,0.,1.));
#11678=DIRECTION('',(0.,0.,1.));
#11679=DIRECTION('',(-1.,0.,0.));
#11680=DIRECTION('',(0.,0.,1.));
#11681=DIRECTION('',(1.,0.,0.));
#11682=DIRECTION('',(0.,0.,1.));
#11683=DIRECTION('',(0.,0.,-1.));
#11684=DIRECTION('',(-1.,0.,0.));
#11685=DIRECTION('',(0.,0.,1.));
#11686=DIRECTION('',(1.,0.,0.));
#11687=DIRECTION('',(0.,0.,1.));
#11688=DIRECTION('',(0.,0.,-1.));
#11689=DIRECTION('',(-1.,0.,0.));
#11690=DIRECTION('',(0.,-1.,0.));
#11691=DIRECTION('',(0.,0.,-1.));
#11692=DIRECTION('',(0.,0.,1.));
#11693=DIRECTION('',(1.,0.,0.));
#11694=DIRECTION('',(0.,0.,1.));
#11695=DIRECTION('',(1.,0.,0.));
#11696=DIRECTION('',(0.,0.,1.));
#11697=DIRECTION('',(0.,0.,-1.));
#11698=DIRECTION('',(-1.,0.,0.));
#11699=DIRECTION('',(1.,-1.0720134622053E-15,0.));
#11700=DIRECTION('',(1.0720134622053E-15,1.,0.));
#11701=DIRECTION('',(0.,0.,1.));
#11702=DIRECTION('',(1.0720134622053E-15,1.,0.));
#11703=DIRECTION('',(0.,0.,1.));
#11704=DIRECTION('',(1.,0.,0.));
#11705=DIRECTION('',(0.,0.,1.));
#11706=DIRECTION('',(0.,0.,-1.));
#11707=DIRECTION('',(-1.,0.,0.));
#11708=DIRECTION('',(0.,1.,0.));
#11709=DIRECTION('',(0.,0.,1.));
#11710=DIRECTION('',(0.,0.,1.));
#11711=DIRECTION('',(-1.,0.,0.));
#11712=DIRECTION('',(0.,0.,1.));
#11713=DIRECTION('',(1.,0.,0.));
#11714=DIRECTION('',(0.,0.,1.));
#11715=DIRECTION('',(0.,0.,-1.));
#11716=DIRECTION('',(-1.,0.,0.));
#11717=DIRECTION('',(0.,0.,1.));
#11718=DIRECTION('',(1.,0.,0.));
#11719=DIRECTION('',(0.,0.,1.));
#11720=DIRECTION('',(0.,0.,-1.));
#11721=DIRECTION('',(-1.,0.,0.));
#11722=DIRECTION('',(0.,-1.,0.));
#11723=DIRECTION('',(0.,0.,-1.));
#11724=DIRECTION('',(1.,0.,0.));
#11725=DIRECTION('',(0.,0.,1.));
#11726=DIRECTION('',(-1.,0.,0.));
#11727=DIRECTION('',(0.,0.,1.));
#11728=DIRECTION('',(0.,0.,1.));
#11729=DIRECTION('',(0.,1.,0.));
#11730=DIRECTION('',(0.,0.,1.));
#11731=DIRECTION('',(0.,0.,1.));
#11732=DIRECTION('',(-1.,0.,0.));
#11733=DIRECTION('',(1.,-1.94784177369925E-15,0.));
#11734=DIRECTION('',(1.94784177369925E-15,1.,0.));
#11735=DIRECTION('',(0.,0.,1.));
#11736=DIRECTION('',(1.94784177369925E-15,1.,0.));
#11737=DIRECTION('',(0.,0.,1.));
#11738=DIRECTION('',(1.,0.,0.));
#11739=DIRECTION('',(0.,0.,1.));
#11740=DIRECTION('',(0.,0.,-1.));
#11741=DIRECTION('',(-1.,0.,0.));
#11742=DIRECTION('',(0.,0.,1.));
#11743=DIRECTION('',(1.,0.,0.));
#11744=DIRECTION('',(0.,0.,1.));
#11745=DIRECTION('',(0.,0.,-1.));
#11746=DIRECTION('',(-1.,0.,0.));
#11747=DIRECTION('',(-1.,9.73920656562962E-16,0.));
#11748=DIRECTION('',(-9.73920656562962E-16,-1.,0.));
#11749=DIRECTION('',(0.,0.,1.));
#11750=DIRECTION('',(-9.73920656562962E-16,-1.,0.));
#11751=DIRECTION('',(0.,1.,0.));
#11752=DIRECTION('',(0.,0.,1.));
#11753=DIRECTION('',(0.,0.,1.));
#11754=DIRECTION('',(-1.,0.,0.));
#11755=DIRECTION('',(0.,0.,1.));
#11756=DIRECTION('',(1.,0.,0.));
#11757=DIRECTION('',(0.,0.,1.));
#11758=DIRECTION('',(0.,0.,-1.));
#11759=DIRECTION('',(-1.,0.,0.));
#11760=DIRECTION('',(0.,0.,1.));
#11761=DIRECTION('',(1.,0.,0.));
#11762=DIRECTION('',(0.,0.,1.));
#11763=DIRECTION('',(0.,0.,-1.));
#11764=DIRECTION('',(-1.,0.,0.));
#11765=DIRECTION('',(-2.06599442986988E-15,-1.,0.));
#11766=DIRECTION('',(1.,-2.06599442986988E-15,0.));
#11767=DIRECTION('',(0.,0.,1.));
#11768=DIRECTION('',(1.,-2.06599442986988E-15,0.));
#11769=DIRECTION('',(0.,0.,1.));
#11770=DIRECTION('',(1.,0.,0.));
#11771=DIRECTION('',(0.,0.,-1.));
#11772=DIRECTION('',(-1.,0.,0.));
#11773=DIRECTION('',(0.,0.,1.));
#11774=DIRECTION('',(-1.,0.,0.));
#11775=DIRECTION('',(0.,0.,1.));
#11776=DIRECTION('',(1.,0.,0.));
#11777=DIRECTION('',(0.,0.,-1.));
#11778=DIRECTION('',(-1.,0.,0.));
#11779=DIRECTION('',(0.,0.,1.));
#11780=DIRECTION('',(0.,0.,-1.));
#11781=DIRECTION('',(-1.,0.,0.));
#11782=DIRECTION('',(0.,0.,1.));
#11783=DIRECTION('',(0.,0.,1.));
#11784=DIRECTION('',(1.,0.,0.));
#11785=DIRECTION('',(0.,0.,-1.));
#11786=DIRECTION('',(-1.,0.,0.));
#11787=DIRECTION('',(0.,0.,1.));
#11788=DIRECTION('',(0.,0.,-1.));
#11789=DIRECTION('',(-1.,0.,0.));
#11790=DIRECTION('',(0.,0.,1.));
#11791=DIRECTION('',(1.,0.,0.));
#11792=DIRECTION('',(0.,0.,-1.));
#11793=DIRECTION('',(-1.,0.,0.));
#11794=DIRECTION('',(0.,0.,1.));
#11795=DIRECTION('',(0.,0.,-1.));
#11796=DIRECTION('',(-1.,0.,0.));
#11797=DIRECTION('',(0.,0.,1.));
#11798=DIRECTION('',(0.,0.,1.));
#11799=DIRECTION('',(0.,0.,1.));
#11800=DIRECTION('',(0.,0.,1.));
#11801=DIRECTION('',(0.,0.,1.));
#11802=DIRECTION('',(1.,0.,0.));
#11803=DIRECTION('',(0.,0.,-1.));
#11804=DIRECTION('',(-1.,0.,0.));
#11805=DIRECTION('',(0.,0.,-1.));
#11806=DIRECTION('',(-1.,0.,0.));
#11807=DIRECTION('',(0.,0.,1.));
#11808=DIRECTION('',(-1.,0.,0.));
#11809=DIRECTION('',(1.58310605197161E-15,1.,0.));
#11810=DIRECTION('',(-1.,1.58310605197161E-15,0.));
#11811=DIRECTION('',(0.,0.,1.));
#11812=DIRECTION('',(-1.,1.58310605197161E-15,0.));
#11813=DIRECTION('',(0.,0.,1.));
#11814=DIRECTION('',(0.,0.,1.));
#11815=DIRECTION('',(1.,0.,0.));
#11816=DIRECTION('',(0.,0.,1.));
#11817=DIRECTION('',(0.,0.,-1.));
#11818=DIRECTION('',(-1.,0.,0.));
#11819=DIRECTION('',(0.,0.,1.));
#11820=DIRECTION('',(1.,0.,0.));
#11821=DIRECTION('',(0.,0.,1.));
#11822=DIRECTION('',(0.,0.,-1.));
#11823=DIRECTION('',(-1.,0.,0.));
#11824=DIRECTION('',(-1.58310605200032E-15,-1.,0.));
#11825=DIRECTION('',(1.,-1.58310605200032E-15,0.));
#11826=DIRECTION('',(0.,0.,1.));
#11827=DIRECTION('',(1.,-1.58310605200032E-15,0.));
#11828=DIRECTION('',(0.,0.,1.));
#11829=DIRECTION('',(1.,0.,0.));
#11830=DIRECTION('',(0.,0.,1.));
#11831=DIRECTION('',(0.,0.,-1.));
#11832=DIRECTION('',(-1.,0.,0.));
#11833=DIRECTION('',(0.,0.,1.));
#11834=DIRECTION('',(1.,0.,0.));
#11835=DIRECTION('',(0.,0.,-1.));
#11836=DIRECTION('',(-1.,0.,0.));
#11837=DIRECTION('',(0.,0.,1.));
#11838=DIRECTION('',(-1.,0.,0.));
#11839=DIRECTION('',(0.,0.,1.));
#11840=DIRECTION('',(1.,0.,0.));
#11841=DIRECTION('',(0.,0.,1.));
#11842=DIRECTION('',(1.,0.,0.));
#11843=DIRECTION('',(0.,-1.,0.));
#11844=DIRECTION('',(1.,0.,0.));
#11845=DIRECTION('',(0.,-1.,0.));
#11846=DIRECTION('',(1.,0.,0.));
#11847=DIRECTION('',(1.,0.,0.));
#11848=DIRECTION('',(0.,0.,-1.));
#11849=DIRECTION('',(1.,0.,0.));
#11850=DIRECTION('',(0.,0.,-1.));
#11851=DIRECTION('',(1.,0.,0.));
#11852=DIRECTION('',(1.,0.,0.));
#11853=DIRECTION('',(0.,0.,-1.));
#11854=DIRECTION('',(0.,-0.707106781186547,0.707106781186548));
#11855=DIRECTION('',(0.,-0.707106781186548,-0.707106781186547));
#11856=DIRECTION('',(0.,-0.707106781186548,-0.707106781186547));
#11857=DIRECTION('',(0.,-0.707106781186548,-0.707106781186547));
#11858=DIRECTION('',(0.,1.,0.));
#11859=DIRECTION('',(0.,0.,1.));
#11860=DIRECTION('',(0.,0.,1.));
#11861=DIRECTION('',(0.,0.,1.));
#11862=DIRECTION('',(-1.,0.,0.));
#11863=DIRECTION('',(0.,1.,0.));
#11864=DIRECTION('',(-1.,0.,0.));
#11865=DIRECTION('',(0.,0.,1.));
#11866=DIRECTION('',(-1.,0.,0.));
#11867=DIRECTION('',(0.,1.,0.));
#11868=DIRECTION('',(1.,0.,0.));
#11869=DIRECTION('',(0.,0.,-1.));
#11870=DIRECTION('',(0.,0.,1.));
#11871=DIRECTION('',(1.,0.,0.));
#11872=DIRECTION('',(0.,-1.,0.));
#11873=DIRECTION('',(1.,0.,0.));
#11874=DIRECTION('',(0.,-1.,0.));
#11875=DIRECTION('',(1.,0.,0.));
#11876=DIRECTION('',(1.,0.,0.));
#11877=DIRECTION('',(0.,0.,-1.));
#11878=DIRECTION('',(1.,0.,0.));
#11879=DIRECTION('',(0.,0.,-1.));
#11880=DIRECTION('',(1.,0.,0.));
#11881=DIRECTION('',(1.,0.,0.));
#11882=DIRECTION('',(0.,0.,-1.));
#11883=DIRECTION('',(0.,-0.707106781186547,0.707106781186548));
#11884=DIRECTION('',(0.,-0.707106781186548,-0.707106781186547));
#11885=DIRECTION('',(0.,-0.707106781186548,-0.707106781186547));
#11886=DIRECTION('',(0.,-0.707106781186548,-0.707106781186547));
#11887=DIRECTION('',(0.,1.,0.));
#11888=DIRECTION('',(0.,0.,1.));
#11889=DIRECTION('',(0.,0.,1.));
#11890=DIRECTION('',(0.,0.,1.));
#11891=DIRECTION('',(-1.,0.,0.));
#11892=DIRECTION('',(0.,1.,0.));
#11893=DIRECTION('',(1.,0.,0.));
#11894=DIRECTION('',(0.,0.,-1.));
#11895=DIRECTION('',(-1.,0.,0.));
#11896=DIRECTION('',(0.,1.,0.));
#11897=DIRECTION('',(-1.,0.,0.));
#11898=DIRECTION('',(0.,0.,1.));
#11899=DIRECTION('',(1.,0.,0.));
#11900=DIRECTION('',(0.,0.,1.));
#11901=DIRECTION('',(-1.,0.,0.));
#11902=DIRECTION('',(0.,0.,-1.));
#11903=DIRECTION('',(-1.,0.,0.));
#11904=DIRECTION('',(0.,0.,1.));
#11905=DIRECTION('',(-1.,0.,0.));
#11906=DIRECTION('',(0.,0.,1.));
#11907=DIRECTION('',(-1.,0.,0.));
#11908=DIRECTION('',(0.,0.,-1.));
#11909=DIRECTION('',(1.,0.,0.));
#11910=DIRECTION('',(0.,0.,-1.));
#11911=DIRECTION('',(-1.,0.,0.));
#11912=DIRECTION('',(0.,0.,1.));
#11913=DIRECTION('',(1.,0.,0.));
#11914=DIRECTION('',(0.,0.,1.));
#11915=DIRECTION('',(-0.766044443118979,1.85737151445432E-16,0.642787609686539));
#11916=DIRECTION('',(0.642787609686539,0.,0.766044443118979));
#11917=DIRECTION('',(-2.4246263139668E-16,-1.,0.));
#11918=DIRECTION('',(-0.766044443118979,1.85737151445432E-16,-0.642787609686539));
#11919=DIRECTION('',(-0.642787609686539,0.,0.766044443118979));
#11920=DIRECTION('',(0.766044443118978,-1.85737151445432E-16,-0.642787609686539));
#11921=DIRECTION('',(-0.642787609686539,0.,-0.766044443118978));
#11922=DIRECTION('',(-2.4246263139668E-16,-1.,0.));
#11923=DIRECTION('',(-0.766044443118978,1.85737151445432E-16,-0.642787609686539));
#11924=DIRECTION('',(-0.642787609686539,0.,0.766044443118978));
#11925=DIRECTION('',(0.,0.,1.));
#11926=DIRECTION('',(1.,0.,0.));
#11927=DIRECTION('',(0.,1.,0.));
#11928=DIRECTION('',(0.,0.,1.));
#11929=DIRECTION('',(0.,0.,1.));
#11930=DIRECTION('',(1.,0.,0.));
#11931=DIRECTION('',(0.,0.,1.));
#11932=DIRECTION('',(1.,0.,0.));
#11933=DIRECTION('',(0.,0.,1.));
#11934=DIRECTION('',(1.,0.,0.));
#11935=DIRECTION('',(0.,0.,1.));
#11936=DIRECTION('',(1.,0.,0.));
#11937=DIRECTION('',(0.,0.,-1.));
#11938=DIRECTION('',(1.,0.,0.));
#11939=DIRECTION('',(0.,0.,-1.));
#11940=DIRECTION('',(1.,0.,0.));
#11941=DIRECTION('',(0.,0.,-1.));
#11942=DIRECTION('',(1.,0.,0.));
#11943=DIRECTION('',(0.,0.,-1.));
#11944=DIRECTION('',(-1.,0.,0.));
#11945=DIRECTION('',(0.,0.,-1.));
#11946=DIRECTION('',(1.,0.,0.));
#11947=DIRECTION('',(0.,0.,-1.));
#11948=DIRECTION('',(-1.,0.,0.));
#11949=DIRECTION('',(1.,0.,0.));
#11950=DIRECTION('',(0.,0.,-1.));
#11951=DIRECTION('',(1.,0.,0.));
#11952=DIRECTION('',(0.,0.,-1.));
#11953=DIRECTION('',(-1.,0.,0.));
#11954=DIRECTION('',(0.,0.,1.));
#11955=DIRECTION('',(-1.,0.,0.));
#11956=DIRECTION('',(0.,0.,1.));
#11957=DIRECTION('',(2.4246263139668E-16,-1.,0.));
#11958=DIRECTION('',(1.,2.4246263139668E-16,0.));
#11959=DIRECTION('',(-1.,-2.4246263139668E-16,0.));
#11960=DIRECTION('',(0.,0.,1.));
#11961=DIRECTION('',(-1.,0.,0.));
#11962=DIRECTION('',(0.,0.,1.));
#11963=DIRECTION('',(-1.,-2.4246263139668E-16,0.));
#11964=DIRECTION('',(0.,0.,-1.));
#11965=DIRECTION('',(-1.,-2.4246263139668E-16,0.));
#11966=DIRECTION('',(0.,0.,-1.));
#11967=DIRECTION('',(0.,0.,1.));
#11968=DIRECTION('',(1.,0.,0.));
#11969=DIRECTION('',(1.,0.,0.));
#11970=DIRECTION('',(0.,0.,1.));
#11971=DIRECTION('',(1.,0.,0.));
#11972=DIRECTION('',(0.,1.,0.));
#11973=DIRECTION('',(0.984825143473481,0.173549522564706,0.));
#11974=DIRECTION('',(0.,0.,1.));
#11975=DIRECTION('',(1.,0.,0.));
#11976=DIRECTION('',(-0.173578308272415,0.984820070316038,0.));
#11977=DIRECTION('',(0.,0.,1.));
#11978=DIRECTION('',(1.,0.,0.));
#11979=DIRECTION('',(-0.984847950749829,-0.17342005046667,0.));
#11980=DIRECTION('',(0.,1.,0.));
#11981=DIRECTION('',(0.,0.,1.));
#11982=DIRECTION('',(1.,0.,0.));
#11983=DIRECTION('',(1.,0.,0.));
#11984=DIRECTION('',(0.,1.,0.));
#11985=DIRECTION('',(0.,0.,1.));
#11986=DIRECTION('',(1.,0.,0.));
#11987=DIRECTION('',(-1.,0.,0.));
#11988=DIRECTION('',(0.,0.,-1.));
#11989=DIRECTION('',(1.,0.,0.));
#11990=DIRECTION('',(-0.865971643145286,0.500093104599788,0.));
#11991=DIRECTION('',(0.,0.,1.));
#11992=DIRECTION('',(1.,0.,0.));
#11993=DIRECTION('',(-0.499955139610284,-0.866051302393375,0.));
#11994=DIRECTION('',(0.,0.,1.));
#11995=DIRECTION('',(1.,0.,0.));
#11996=DIRECTION('',(0.865912397663109,-0.500195681282162,0.));
#11997=DIRECTION('',(0.,-1.,0.));
#11998=DIRECTION('',(0.,0.,1.));
#11999=DIRECTION('',(1.,0.,0.));
#12000=DIRECTION('',(1.,0.,0.));
#12001=DIRECTION('',(0.,-1.,0.));
#12002=DIRECTION('',(0.,0.,1.));
#12003=DIRECTION('',(1.,0.,0.));
#12004=DIRECTION('',(1.,0.,0.));
#12005=DIRECTION('',(0.,0.,1.));
#12006=DIRECTION('',(1.,0.,0.));
#12007=DIRECTION('',(0.,1.,0.));
#12008=DIRECTION('',(0.,0.,-1.));
#12009=DIRECTION('',(-1.,0.,0.));
#12010=DIRECTION('',(0.,1.,0.));
#12011=DIRECTION('',(0.,0.,-1.));
#12012=DIRECTION('',(-1.,0.,0.));
#12013=DIRECTION('',(1.,0.,0.));
#12014=DIRECTION('',(0.,0.,-1.));
#12015=DIRECTION('',(-1.,0.,0.));
#12016=DIRECTION('',(0.,1.,0.));
#12017=DIRECTION('',(0.,0.,-1.));
#12018=DIRECTION('',(-1.,0.,0.));
#12019=DIRECTION('',(0.,0.,-1.));
#12020=DIRECTION('',(-1.,0.,0.));
#12021=DIRECTION('',(-0.499955139610284,-0.866051302393375,0.));
#12022=DIRECTION('',(0.,0.,-1.));
#12023=DIRECTION('',(-1.,0.,0.));
#12024=DIRECTION('',(0.865971643145285,-0.500093104599788,0.));
#12025=DIRECTION('',(0.,0.,-1.));
#12026=DIRECTION('',(-1.,0.,0.));
#12027=DIRECTION('',(-1.,-2.05207035698094E-16,0.));
#12028=DIRECTION('',(0.,0.,-1.));
#12029=DIRECTION('',(-1.,0.,0.));
#12030=DIRECTION('',(-0.173578308272415,0.984820070316038,0.));
#12031=DIRECTION('',(0.,0.,-1.));
#12032=DIRECTION('',(-1.,0.,0.));
#12033=DIRECTION('',(1.,0.,0.));
#12034=DIRECTION('',(0.,0.,-1.));
#12035=DIRECTION('',(0.,-1.,0.));
#12036=DIRECTION('',(0.,0.,-1.));
#12037=DIRECTION('',(0.,-1.,0.));
#12038=DIRECTION('',(0.,0.,-1.));
#12039=DIRECTION('',(0.,1.,0.));
#12040=DIRECTION('',(0.,0.,1.));
#12041=DIRECTION('',(1.,0.,0.));
#12042=DIRECTION('',(0.,0.,-1.));
#12043=DIRECTION('',(1.,0.,0.));
#12044=DIRECTION('',(-1.,0.,0.));
#12045=DIRECTION('',(0.,0.,1.));
#12046=DIRECTION('',(0.,1.,0.));
#12047=DIRECTION('',(0.,0.,-1.));
#12048=DIRECTION('',(0.,1.,0.));
#12049=DIRECTION('',(0.,-1.,0.));
#12050=DIRECTION('',(0.,0.,-1.));
#12051=DIRECTION('',(-1.,0.,0.));
#12052=DIRECTION('',(0.,0.,-1.));
#12053=DIRECTION('',(-1.,0.,0.));
#12054=DIRECTION('',(0.997556360042371,0.0698663619992798,0.));
#12055=DIRECTION('',(-0.0698663619992798,0.997556360042372,0.));
#12056=DIRECTION('',(0.0698663619992798,-0.997556360042372,0.));
#12057=DIRECTION('',(0.,0.,-1.));
#12058=DIRECTION('',(0.0698663619992798,-0.997556360042372,0.));
#12059=DIRECTION('',(0.069796235210669,-0.997561269070936,0.));
#12060=DIRECTION('',(0.997561269070936,0.069796235210669,0.));
#12061=DIRECTION('',(-0.997561269070936,-0.069796235210669,0.));
#12062=DIRECTION('',(0.,0.,-1.));
#12063=DIRECTION('',(-0.997561269070936,-0.069796235210669,0.));
#12064=DIRECTION('',(0.98482206121789,0.173567012241804,0.));
#12065=DIRECTION('',(-0.173567012241804,0.98482206121789,0.));
#12066=DIRECTION('',(0.173567012241804,-0.98482206121789,0.));
#12067=DIRECTION('',(0.,0.,-1.));
#12068=DIRECTION('',(0.173567012241804,-0.98482206121789,0.));
#12069=DIRECTION('',(0.173661489501203,-0.984805405683896,0.));
#12070=DIRECTION('',(0.984805405683896,0.173661489501203,0.));
#12071=DIRECTION('',(-0.984805405683896,-0.173661489501203,0.));
#12072=DIRECTION('',(0.,0.,-1.));
#12073=DIRECTION('',(-0.984805405683896,-0.173661489501203,0.));
#12074=DIRECTION('',(-0.984839383143284,-0.173468698646055,0.));
#12075=DIRECTION('',(0.173468698646055,-0.984839383143284,0.));
#12076=DIRECTION('',(-0.173468698646055,0.984839383143284,0.));
#12077=DIRECTION('',(0.,0.,-1.));
#12078=DIRECTION('',(-0.173468698646055,0.984839383143284,0.));
#12079=DIRECTION('',(0.173562065165911,-0.984822933087641,0.));
#12080=DIRECTION('',(0.984822933087641,0.173562065165911,0.));
#12081=DIRECTION('',(-0.984822933087641,-0.173562065165911,0.));
#12082=DIRECTION('',(0.,0.,-1.));
#12083=DIRECTION('',(-0.984822933087641,-0.173562065165911,0.));
#12084=DIRECTION('',(-0.984798913836795,-0.173698299663146,0.));
#12085=DIRECTION('',(0.173698299663146,-0.984798913836795,0.));
#12086=DIRECTION('',(-0.173698299663146,0.984798913836795,0.));
#12087=DIRECTION('',(0.,0.,-1.));
#12088=DIRECTION('',(-0.173698299663146,0.984798913836795,0.));
#12089=DIRECTION('',(-0.173729454227478,0.984793418303465,0.));
#12090=DIRECTION('',(-0.984793418303465,-0.173729454227478,0.));
#12091=DIRECTION('',(0.984793418303465,0.173729454227478,0.));
#12092=DIRECTION('',(0.,0.,-1.));
#12093=DIRECTION('',(0.984793418303465,0.173729454227478,0.));
#12094=DIRECTION('',(-0.984970205002774,-0.172724333134601,0.));
#12095=DIRECTION('',(0.172724333134601,-0.984970205002774,0.));
#12096=DIRECTION('',(-0.172724333134601,0.984970205002774,0.));
#12097=DIRECTION('',(0.,0.,-1.));
#12098=DIRECTION('',(-0.172724333134601,0.984970205002774,0.));
#12099=DIRECTION('',(-0.173604779954896,0.984815404213811,0.));
#12100=DIRECTION('',(-0.984815404213811,-0.173604779954896,0.));
#12101=DIRECTION('',(0.984815404213811,0.173604779954896,0.));
#12102=DIRECTION('',(0.,0.,-1.));
#12103=DIRECTION('',(0.984815404213811,0.173604779954896,0.));
#12104=DIRECTION('',(-0.997573327847521,-0.069623671026611,0.));
#12105=DIRECTION('',(0.069623671026611,-0.997573327847521,0.));
#12106=DIRECTION('',(-0.069623671026611,0.997573327847521,0.));
#12107=DIRECTION('',(0.,0.,-1.));
#12108=DIRECTION('',(-0.069623671026611,0.997573327847521,0.));
#12109=DIRECTION('',(-0.0696174608907234,0.997573761252334,0.));
#12110=DIRECTION('',(-0.997573761252334,-0.0696174608907234,0.));
#12111=DIRECTION('',(0.997573761252334,0.0696174608907234,0.));
#12112=DIRECTION('',(0.,0.,-1.));
#12113=DIRECTION('',(0.997573761252334,0.0696174608907234,0.));
#12114=DIRECTION('',(-1.,0.,0.));
#12115=DIRECTION('',(0.,0.,1.));
#12116=DIRECTION('',(0.,1.,0.));
#12117=DIRECTION('',(0.,0.,-1.));
#12118=DIRECTION('',(0.,1.,0.));
#12119=DIRECTION('',(0.,1.,0.));
#12120=DIRECTION('',(0.,0.,1.));
#12121=DIRECTION('',(1.,0.,0.));
#12122=DIRECTION('',(0.,0.,-1.));
#12123=DIRECTION('',(1.,0.,0.));
#12124=DIRECTION('',(1.,0.,0.));
#12125=DIRECTION('',(0.,0.,-1.));
#12126=DIRECTION('',(0.,-1.,0.));
#12127=DIRECTION('',(0.,0.,-1.));
#12128=DIRECTION('',(0.,-1.,0.));
#12129=DIRECTION('',(0.,1.,0.));
#12130=DIRECTION('',(0.,0.,1.));
#12131=DIRECTION('',(1.,0.,0.));
#12132=DIRECTION('',(0.,0.,-1.));
#12133=DIRECTION('',(1.,0.,0.));
#12134=DIRECTION('',(1.,0.,0.));
#12135=DIRECTION('',(0.,0.,-1.));
#12136=DIRECTION('',(0.,-1.,0.));
#12137=DIRECTION('',(0.,0.,-1.));
#12138=DIRECTION('',(0.,-1.,0.));
#12139=DIRECTION('',(0.,1.,0.));
#12140=DIRECTION('',(0.,0.,1.));
#12141=DIRECTION('',(1.,0.,0.));
#12142=DIRECTION('',(0.,0.,-1.));
#12143=DIRECTION('',(1.,0.,0.));
#12144=DIRECTION('',(1.,0.,0.));
#12145=DIRECTION('',(0.,0.,-1.));
#12146=DIRECTION('',(0.,-1.,0.));
#12147=DIRECTION('',(0.,0.,-1.));
#12148=DIRECTION('',(0.,-1.,0.));
#12149=DIRECTION('',(0.5,0.866025403784439,0.));
#12150=DIRECTION('',(-0.866025403784439,0.5,0.));
#12151=DIRECTION('',(0.86602540378444,-0.5,0.));
#12152=DIRECTION('',(0.,0.,-1.));
#12153=DIRECTION('',(0.86602540378444,-0.5,0.));
#12154=DIRECTION('',(-0.500195681282161,-0.865912397663109,0.));
#12155=DIRECTION('',(0.865912397663109,-0.500195681282161,0.));
#12156=DIRECTION('',(-0.86591239766311,0.500195681282161,0.));
#12157=DIRECTION('',(0.,0.,-1.));
#12158=DIRECTION('',(-0.86591239766311,0.500195681282161,0.));
#12159=DIRECTION('',(0.,0.,-1.));
#12160=DIRECTION('',(-1.,0.,0.));
#12161=DIRECTION('',(0.,0.,1.));
#12162=DIRECTION('',(1.,0.,0.));
#12163=DIRECTION('',(0.,0.,-1.));
#12164=DIRECTION('',(0.,0.,1.));
#12165=DIRECTION('',(1.,0.,0.));
#12166=DIRECTION('',(-0.866051302393375,0.499955139610284,0.));
#12167=DIRECTION('',(-0.499955139610284,-0.866051302393375,0.));
#12168=DIRECTION('',(0.499955139610284,0.866051302393375,0.));
#12169=DIRECTION('',(0.,0.,-1.));
#12170=DIRECTION('',(0.499955139610284,0.866051302393375,0.));
#12171=DIRECTION('',(0.,0.,-1.));
#12172=DIRECTION('',(-1.,0.,0.));
#12173=DIRECTION('',(0.,0.,1.));
#12174=DIRECTION('',(1.,0.,0.));
#12175=DIRECTION('',(0.,0.,-1.));
#12176=DIRECTION('',(0.,0.,1.));
#12177=DIRECTION('',(1.,0.,0.));
#12178=DIRECTION('',(0.500093104599788,0.865971643145285,0.));
#12179=DIRECTION('',(-0.865971643145285,0.500093104599788,0.));
#12180=DIRECTION('',(0.865971643145285,-0.500093104599788,0.));
#12181=DIRECTION('',(0.,0.,-1.));
#12182=DIRECTION('',(0.865971643145285,-0.500093104599788,0.));
#12183=DIRECTION('',(0.,0.,-1.));
#12184=DIRECTION('',(0.,0.,-1.));
#12185=DIRECTION('',(0.,1.,0.));
#12186=DIRECTION('',(0.,0.,1.));
#12187=DIRECTION('',(1.,0.,0.));
#12188=DIRECTION('',(0.,0.,-1.));
#12189=DIRECTION('',(1.,0.,0.));
#12190=DIRECTION('',(0.,0.,-1.));
#12191=DIRECTION('',(-1.,0.,0.));
#12192=DIRECTION('',(0.,0.,1.));
#12193=DIRECTION('',(1.,0.,0.));
#12194=DIRECTION('',(0.,0.,1.));
#12195=DIRECTION('',(1.,0.,0.));
#12196=DIRECTION('',(0.,0.,1.));
#12197=DIRECTION('',(1.,0.,0.));
#12198=DIRECTION('',(0.,0.,1.));
#12199=DIRECTION('',(1.,0.,0.));
#12200=DIRECTION('',(1.,0.,0.));
#12201=DIRECTION('',(0.,1.,0.));
#12202=DIRECTION('',(0.,0.,1.));
#12203=DIRECTION('',(1.,0.,0.));
#12204=DIRECTION('',(1.,0.,0.));
#12205=DIRECTION('',(0.,0.,1.));
#12206=DIRECTION('',(1.,0.,0.));
#12207=DIRECTION('',(0.,-1.,0.));
#12208=DIRECTION('',(1.,0.,0.));
#12209=DIRECTION('',(0.,0.,1.));
#12210=DIRECTION('',(1.,0.,0.));
#12211=DIRECTION('',(0.,-1.,0.));
#12212=DIRECTION('',(0.865912397663109,-0.500195681282162,0.));
#12213=DIRECTION('',(0.,0.,1.));
#12214=DIRECTION('',(1.,0.,0.));
#12215=DIRECTION('',(-0.499955139610284,-0.866051302393375,0.));
#12216=DIRECTION('',(0.,0.,1.));
#12217=DIRECTION('',(1.,0.,0.));
#12218=DIRECTION('',(-0.865971643145286,0.500093104599788,0.));
#12219=DIRECTION('',(0.,0.,-1.));
#12220=DIRECTION('',(1.,0.,0.));
#12221=DIRECTION('',(-1.,0.,0.));
#12222=DIRECTION('',(0.,0.,1.));
#12223=DIRECTION('',(1.,0.,0.));
#12224=DIRECTION('',(0.,1.,0.));
#12225=DIRECTION('',(1.,0.,0.));
#12226=DIRECTION('',(0.,0.,1.));
#12227=DIRECTION('',(1.,0.,0.));
#12228=DIRECTION('',(0.,1.,0.));
#12229=DIRECTION('',(-0.984847950749829,-0.17342005046667,0.));
#12230=DIRECTION('',(0.,0.,1.));
#12231=DIRECTION('',(1.,0.,0.));
#12232=DIRECTION('',(-0.173578308272415,0.984820070316038,0.));
#12233=DIRECTION('',(0.,0.,1.));
#12234=DIRECTION('',(1.,0.,0.));
#12235=DIRECTION('',(0.984825143473481,0.173549522564706,0.));
#12236=DIRECTION('',(0.,1.,0.));
#12237=DIRECTION('',(0.,0.,1.));
#12238=DIRECTION('',(1.,0.,0.));
#12239=DIRECTION('',(0.,-1.,0.));
#12240=DIRECTION('',(0.,0.,-1.));
#12241=DIRECTION('',(0.,0.,1.));
#12242=DIRECTION('',(0.,0.,1.));
#12243=DIRECTION('',(1.,0.,0.));
#12244=DIRECTION('',(0.,0.,-1.));
#12245=DIRECTION('',(0.,0.,1.));
#12246=DIRECTION('',(0.,0.,1.));
#12247=DIRECTION('',(1.,0.,0.));
#12248=DIRECTION('',(0.,0.,1.));
#12249=DIRECTION('',(0.,-1.,0.));
#12250=DIRECTION('',(0.,0.,-1.));
#12251=DIRECTION('',(0.,0.,1.));
#12252=DIRECTION('',(0.,0.,1.));
#12253=DIRECTION('',(1.,0.,0.));
#12254=DIRECTION('',(0.,0.,1.));
#12255=DIRECTION('',(-1.,0.,0.));
#12256=DIRECTION('',(0.,0.,1.));
#12257=DIRECTION('',(0.,0.,1.));
#12258=DIRECTION('',(0.,-1.,0.));
#12259=DIRECTION('',(0.,0.,-1.));
#12260=DIRECTION('',(0.,0.,1.));
#12261=DIRECTION('',(0.,0.,1.));
#12262=DIRECTION('',(1.,0.,0.));
#12263=DIRECTION('',(0.,0.,1.));
#12264=DIRECTION('',(-1.,0.,0.));
#12265=DIRECTION('',(0.,0.,1.));
#12266=DIRECTION('',(0.,0.,1.));
#12267=DIRECTION('',(-0.500195681282162,-0.865912397663109,0.));
#12268=DIRECTION('',(0.865912397663109,-0.500195681282162,0.));
#12269=DIRECTION('',(0.,0.,1.));
#12270=DIRECTION('',(0.,0.,1.));
#12271=DIRECTION('',(1.,0.,0.));
#12272=DIRECTION('',(0.,0.,1.));
#12273=DIRECTION('',(-0.866051302393375,0.499955139610284,0.));
#12274=DIRECTION('',(-0.499955139610284,-0.866051302393375,0.));
#12275=DIRECTION('',(0.,0.,1.));
#12276=DIRECTION('',(0.,0.,1.));
#12277=DIRECTION('',(1.,0.,0.));
#12278=DIRECTION('',(0.,0.,1.));
#12279=DIRECTION('',(0.500093104599788,0.865971643145286,0.));
#12280=DIRECTION('',(-0.865971643145286,0.500093104599788,0.));
#12281=DIRECTION('',(0.,0.,1.));
#12282=DIRECTION('',(0.,0.,1.));
#12283=DIRECTION('',(1.,0.,0.));
#12284=DIRECTION('',(0.,0.,1.));
#12285=DIRECTION('',(0.,1.,0.));
#12286=DIRECTION('',(0.,0.,1.));
#12287=DIRECTION('',(0.,0.,1.));
#12288=DIRECTION('',(0.,0.,1.));
#12289=DIRECTION('',(1.,0.,0.));
#12290=DIRECTION('',(0.,0.,1.));
#12291=DIRECTION('',(1.,0.,0.));
#12292=DIRECTION('',(0.,0.,-1.));
#12293=DIRECTION('',(0.,0.,1.));
#12294=DIRECTION('',(0.,-1.,0.));
#12295=DIRECTION('',(0.,0.,-1.));
#12296=DIRECTION('',(0.,0.,1.));
#12297=DIRECTION('',(0.,0.,1.));
#12298=DIRECTION('',(1.,0.,0.));
#12299=DIRECTION('',(0.,0.,1.));
#12300=DIRECTION('',(1.,0.,0.));
#12301=DIRECTION('',(0.,0.,-1.));
#12302=DIRECTION('',(0.,0.,1.));
#12303=DIRECTION('',(-0.17342005046667,0.984847950749829,0.));
#12304=DIRECTION('',(-0.984847950749829,-0.17342005046667,0.));
#12305=DIRECTION('',(0.,0.,1.));
#12306=DIRECTION('',(0.,0.,1.));
#12307=DIRECTION('',(1.,0.,0.));
#12308=DIRECTION('',(0.,0.,1.));
#12309=DIRECTION('',(0.984820070316038,0.173578308272415,0.));
#12310=DIRECTION('',(-0.173578308272415,0.984820070316038,0.));
#12311=DIRECTION('',(0.,0.,1.));
#12312=DIRECTION('',(0.,0.,1.));
#12313=DIRECTION('',(1.,0.,0.));
#12314=DIRECTION('',(0.,0.,1.));
#12315=DIRECTION('',(0.173549522564706,-0.984825143473481,0.));
#12316=DIRECTION('',(0.984825143473481,0.173549522564706,0.));
#12317=DIRECTION('',(0.,0.,1.));
#12318=DIRECTION('',(1.,0.,0.));
#12319=DIRECTION('',(0.,0.,-1.));
#12320=DIRECTION('',(0.,0.,1.));
#12321=DIRECTION('',(0.,0.,1.));
#12322=DIRECTION('',(1.,0.,0.));
#12323=DIRECTION('',(0.,0.,1.));
#12324=DIRECTION('',(1.,0.,0.));
#12325=DIRECTION('',(0.,0.,1.));
#12326=DIRECTION('',(0.,0.,-1.));
#12327=DIRECTION('',(-1.,0.,0.));
#12328=DIRECTION('',(0.,0.,1.));
#12329=DIRECTION('',(0.,0.,1.));
#12330=DIRECTION('',(1.,0.,0.));
#12331=DIRECTION('',(0.,0.,1.));
#12332=DIRECTION('',(0.,0.,-1.));
#12333=DIRECTION('',(-1.,0.,0.));
#12334=DIRECTION('',(0.984820070316038,0.173578308272415,0.));
#12335=DIRECTION('',(-0.173578308272415,0.984820070316038,0.));
#12336=DIRECTION('',(0.,0.,1.));
#12337=DIRECTION('',(-0.173578308272415,0.984820070316038,0.));
#12338=DIRECTION('',(0.,0.,1.));
#12339=DIRECTION('',(1.,0.,0.));
#12340=DIRECTION('',(0.,0.,1.));
#12341=DIRECTION('',(0.,0.,-1.));
#12342=DIRECTION('',(-1.,0.,0.));
#12343=DIRECTION('',(-2.05207035698094E-16,1.,0.));
#12344=DIRECTION('',(-1.,-2.05207035698094E-16,0.));
#12345=DIRECTION('',(0.,0.,1.));
#12346=DIRECTION('',(-1.,-2.05207035698094E-16,0.));
#12347=DIRECTION('',(0.,0.,1.));
#12348=DIRECTION('',(1.,0.,0.));
#12349=DIRECTION('',(0.,0.,1.));
#12350=DIRECTION('',(0.,0.,-1.));
#12351=DIRECTION('',(-1.,0.,0.));
#12352=DIRECTION('',(-0.500093104599788,-0.865971643145286,0.));
#12353=DIRECTION('',(0.865971643145285,-0.500093104599788,0.));
#12354=DIRECTION('',(0.,0.,1.));
#12355=DIRECTION('',(0.865971643145285,-0.500093104599788,0.));
#12356=DIRECTION('',(0.,0.,1.));
#12357=DIRECTION('',(1.,0.,0.));
#12358=DIRECTION('',(0.,0.,1.));
#12359=DIRECTION('',(0.,0.,-1.));
#12360=DIRECTION('',(-1.,0.,0.));
#12361=DIRECTION('',(-0.866051302393375,0.499955139610284,0.));
#12362=DIRECTION('',(-0.499955139610284,-0.866051302393375,0.));
#12363=DIRECTION('',(0.,0.,1.));
#12364=DIRECTION('',(-0.499955139610284,-0.866051302393375,0.));
#12365=DIRECTION('',(0.,0.,1.));
#12366=DIRECTION('',(1.,0.,0.));
#12367=DIRECTION('',(0.,0.,1.));
#12368=DIRECTION('',(0.,0.,-1.));
#12369=DIRECTION('',(-1.,0.,0.));
#12370=DIRECTION('',(0.,0.,1.));
#12371=DIRECTION('',(1.,0.,0.));
#12372=DIRECTION('',(0.,0.,1.));
#12373=DIRECTION('',(0.,0.,-1.));
#12374=DIRECTION('',(-1.,0.,0.));
#12375=DIRECTION('',(1.,0.,0.));
#12376=DIRECTION('',(0.,0.,-1.));
#12377=DIRECTION('',(0.,0.,1.));
#12378=DIRECTION('',(0.,1.,0.));
#12379=DIRECTION('',(0.,0.,1.));
#12380=DIRECTION('',(1.,0.,0.));
#12381=DIRECTION('',(0.,0.,1.));
#12382=DIRECTION('',(0.,0.,-1.));
#12383=DIRECTION('',(-1.,0.,0.));
#12384=DIRECTION('',(0.,-1.,0.));
#12385=DIRECTION('',(0.,0.,-1.));
#12386=DIRECTION('',(0.,0.,1.));
#12387=DIRECTION('',(1.,0.,0.));
#12388=DIRECTION('',(0.,0.,1.));
#12389=DIRECTION('',(1.,0.,0.));
#12390=DIRECTION('',(0.,0.,1.));
#12391=DIRECTION('',(0.,0.,-1.));
#12392=DIRECTION('',(-1.,0.,0.));
#12393=DIRECTION('',(1.,0.,0.));
#12394=DIRECTION('',(0.,0.,-1.));
#12395=DIRECTION('',(0.,1.,0.));
#12396=DIRECTION('',(0.,0.,-1.));
#12397=DIRECTION('',(1.,0.,0.));
#12398=DIRECTION('',(0.,0.,1.));
#12399=DIRECTION('',(1.,0.,0.));
#12400=DIRECTION('',(0.,1.,0.));
#12401=DIRECTION('',(0.,0.,1.));
#12402=DIRECTION('',(1.,0.,0.));
#12403=DIRECTION('',(0.,0.,1.));
#12404=DIRECTION('',(1.,0.,0.));
#12405=DIRECTION('',(0.,1.,0.));
#12406=DIRECTION('',(0.,0.,-1.));
#12407=DIRECTION('',(1.,0.,0.));
#12408=DIRECTION('',(0.,0.,1.));
#12409=DIRECTION('',(1.,0.,0.));
#12410=DIRECTION('',(-0.499955139610284,-0.866051302393375,0.));
#12411=DIRECTION('',(0.,0.,1.));
#12412=DIRECTION('',(1.,0.,0.));
#12413=DIRECTION('',(0.865971643145286,-0.500093104599788,0.));
#12414=DIRECTION('',(0.,0.,-1.));
#12415=DIRECTION('',(1.,0.,0.));
#12416=DIRECTION('',(0.,1.,0.));
#12417=DIRECTION('',(-1.,0.,0.));
#12418=DIRECTION('',(0.,1.,0.));
#12419=DIRECTION('',(0.,0.,1.));
#12420=DIRECTION('',(1.,0.,0.));
#12421=DIRECTION('',(-0.173578308272415,0.984820070316038,0.));
#12422=DIRECTION('',(0.,0.,1.));
#12423=DIRECTION('',(1.,0.,0.));
#12424=DIRECTION('',(1.,0.,0.));
#12425=DIRECTION('',(0.,0.,1.));
#12426=DIRECTION('',(1.,0.,0.));
#12427=DIRECTION('',(0.,0.,-1.));
#12428=DIRECTION('',(-1.,0.,0.));
#12429=DIRECTION('',(0.,0.,-1.));
#12430=DIRECTION('',(1.,0.,0.));
#12431=DIRECTION('',(0.,0.,-1.));
#12432=DIRECTION('',(0.,0.,1.));
#12433=DIRECTION('',(1.,0.,0.));
#12434=DIRECTION('',(0.516467146606528,0.856307004803833,0.));
#12435=DIRECTION('',(0.,0.,-1.));
#12436=DIRECTION('',(-1.,0.,0.));
#12437=DIRECTION('',(0.516467068433011,-0.856307051952868,0.));
#12438=DIRECTION('',(0.,0.,-1.));
#12439=DIRECTION('',(-1.,0.,0.));
#12440=DIRECTION('',(0.,0.,-1.));
#12441=DIRECTION('',(-1.,0.,0.));
#12442=DIRECTION('',(-0.515926450803853,0.856632883656085,0.));
#12443=DIRECTION('',(-0.51592656434421,-0.856632815273837,0.));
#12444=DIRECTION('',(0.,0.,-1.));
#12445=DIRECTION('',(-1.,0.,0.));
#12446=DIRECTION('',(1.,0.,0.));
#12447=DIRECTION('',(0.,0.,-1.));
#12448=DIRECTION('',(-1.,0.,0.));
#12449=DIRECTION('',(0.,0.,-1.));
#12450=DIRECTION('',(-1.,0.,0.));
#12451=DIRECTION('',(-1.,0.,0.));
#12452=DIRECTION('',(0.,0.,-1.));
#12453=DIRECTION('',(-1.,0.,0.));
#12454=DIRECTION('',(0.,0.,-1.));
#12455=DIRECTION('',(-1.,0.,0.));
#12456=DIRECTION('',(0.,0.,-1.));
#12457=DIRECTION('',(-1.,0.,0.));
#12458=DIRECTION('',(0.,0.,-1.));
#12459=DIRECTION('',(-1.,0.,0.));
#12460=DIRECTION('',(0.,0.,-1.));
#12461=DIRECTION('',(-1.,0.,0.));
#12462=DIRECTION('',(0.,0.,-1.));
#12463=DIRECTION('',(-1.,0.,0.));
#12464=DIRECTION('',(0.,0.,-1.));
#12465=DIRECTION('',(-1.,0.,0.));
#12466=DIRECTION('',(0.,0.,-1.));
#12467=DIRECTION('',(-1.,0.,0.));
#12468=DIRECTION('',(0.,0.,-1.));
#12469=DIRECTION('',(-1.,0.,0.));
#12470=DIRECTION('',(0.,0.,-1.));
#12471=DIRECTION('',(-1.,0.,0.));
#12472=DIRECTION('',(0.,0.,-1.));
#12473=DIRECTION('',(-1.,0.,0.));
#12474=DIRECTION('',(0.,0.,-1.));
#12475=DIRECTION('',(-1.,0.,0.));
#12476=DIRECTION('',(0.,1.,0.));
#12477=DIRECTION('',(0.,0.,-1.));
#12478=DIRECTION('',(-1.,0.,0.));
#12479=DIRECTION('',(0.,0.,-1.));
#12480=DIRECTION('',(-1.,0.,0.));
#12481=DIRECTION('',(0.,-1.,0.));
#12482=DIRECTION('',(1.,0.,0.));
#12483=DIRECTION('',(0.,0.,-1.));
#12484=DIRECTION('',(-1.,0.,0.));
#12485=DIRECTION('',(0.,0.,-1.));
#12486=DIRECTION('',(-1.,0.,0.));
#12487=DIRECTION('',(-1.,0.,0.));
#12488=DIRECTION('',(0.,0.,-1.));
#12489=DIRECTION('',(-1.,0.,0.));
#12490=DIRECTION('',(0.,0.,-1.));
#12491=DIRECTION('',(-1.,0.,0.));
#12492=DIRECTION('',(0.,0.,-1.));
#12493=DIRECTION('',(-1.,0.,0.));
#12494=DIRECTION('',(0.,0.,-1.));
#12495=DIRECTION('',(-1.,0.,0.));
#12496=DIRECTION('',(0.,0.,-1.));
#12497=DIRECTION('',(-1.,0.,0.));
#12498=DIRECTION('',(0.,0.,-1.));
#12499=DIRECTION('',(-1.,0.,0.));
#12500=DIRECTION('',(0.,0.,-1.));
#12501=DIRECTION('',(-1.,0.,0.));
#12502=DIRECTION('',(1.,0.,0.));
#12503=DIRECTION('',(0.,0.,-1.));
#12504=DIRECTION('',(-1.,0.,0.));
#12505=DIRECTION('',(0.,0.,-1.));
#12506=DIRECTION('',(-1.,0.,0.));
#12507=DIRECTION('',(-1.,0.,0.));
#12508=DIRECTION('',(0.,0.,-1.));
#12509=DIRECTION('',(-1.,0.,0.));
#12510=DIRECTION('',(0.,0.,-1.));
#12511=DIRECTION('',(-1.,0.,0.));
#12512=DIRECTION('',(0.,0.,-1.));
#12513=DIRECTION('',(-1.,0.,0.));
#12514=DIRECTION('',(0.,0.,-1.));
#12515=DIRECTION('',(-1.,0.,0.));
#12516=DIRECTION('',(0.,0.,-1.));
#12517=DIRECTION('',(-1.,0.,0.));
#12518=DIRECTION('',(0.,0.,-1.));
#12519=DIRECTION('',(-1.,0.,0.));
#12520=DIRECTION('',(0.,0.,-1.));
#12521=DIRECTION('',(-1.,0.,0.));
#12522=DIRECTION('',(0.,0.,-1.));
#12523=DIRECTION('',(-1.,0.,0.));
#12524=DIRECTION('',(0.,0.,-1.));
#12525=DIRECTION('',(-1.,0.,0.));
#12526=DIRECTION('',(1.,0.,0.));
#12527=DIRECTION('',(0.,1.,0.));
#12528=DIRECTION('',(0.,0.,-1.));
#12529=DIRECTION('',(-1.,0.,0.));
#12530=DIRECTION('',(0.,0.,-1.));
#12531=DIRECTION('',(-1.,0.,0.));
#12532=DIRECTION('',(0.,-1.,0.));
#12533=DIRECTION('',(1.,0.,0.));
#12534=DIRECTION('',(0.,0.,-1.));
#12535=DIRECTION('',(-1.,0.,0.));
#12536=DIRECTION('',(0.,0.,-1.));
#12537=DIRECTION('',(-1.,0.,0.));
#12538=DIRECTION('',(-1.,1.76780015934545E-15,0.));
#12539=DIRECTION('',(0.,0.,-1.));
#12540=DIRECTION('',(-1.,0.,0.));
#12541=DIRECTION('',(0.,0.,-1.));
#12542=DIRECTION('',(-1.,0.,0.));
#12543=DIRECTION('',(0.,-1.,0.));
#12544=DIRECTION('',(0.,0.,-1.));
#12545=DIRECTION('',(-1.,0.,0.));
#12546=DIRECTION('',(-1.,0.,0.));
#12547=DIRECTION('',(0.,-1.,0.));
#12548=DIRECTION('',(0.,0.,-1.));
#12549=DIRECTION('',(-1.,0.,0.));
#12550=DIRECTION('',(0.,0.,-1.));
#12551=DIRECTION('',(-1.,0.,0.));
#12552=DIRECTION('',(0.,1.,0.));
#12553=DIRECTION('',(-1.,0.,0.));
#12554=DIRECTION('',(0.,0.,-1.));
#12555=DIRECTION('',(-1.,0.,0.));
#12556=DIRECTION('',(0.,1.,0.));
#12557=DIRECTION('',(0.,0.,-1.));
#12558=DIRECTION('',(-1.,0.,0.));
#12559=DIRECTION('',(0.,0.,-1.));
#12560=DIRECTION('',(-1.,0.,0.));
#12561=DIRECTION('',(0.,-1.,0.));
#12562=DIRECTION('',(1.,0.,0.));
#12563=DIRECTION('',(0.,1.,0.));
#12564=DIRECTION('',(0.,0.,-1.));
#12565=DIRECTION('',(-1.,0.,0.));
#12566=DIRECTION('',(0.,0.,-1.));
#12567=DIRECTION('',(-1.,0.,0.));
#12568=DIRECTION('',(0.,-1.,0.));
#12569=DIRECTION('',(1.,0.,0.));
#12570=DIRECTION('',(0.,1.,0.));
#12571=DIRECTION('',(-1.,-2.4246263139668E-16,0.));
#12572=DIRECTION('',(0.,0.,1.));
#12573=DIRECTION('',(1.,0.,0.));
#12574=DIRECTION('',(0.865971643145286,-0.500093104599788,0.));
#12575=DIRECTION('',(0.,0.,1.));
#12576=DIRECTION('',(1.,0.,0.));
#12577=DIRECTION('',(-0.499955139610284,-0.866051302393375,0.));
#12578=DIRECTION('',(0.,0.,1.));
#12579=DIRECTION('',(1.,0.,0.));
#12580=DIRECTION('',(0.,0.,1.));
#12581=DIRECTION('',(1.,0.,0.));
#12582=DIRECTION('',(0.,1.,0.));
#12583=DIRECTION('',(0.,0.,1.));
#12584=DIRECTION('',(1.,0.,0.));
#12585=DIRECTION('',(1.,0.,0.));
#12586=DIRECTION('',(0.,0.,1.));
#12587=DIRECTION('',(1.,0.,0.));
#12588=DIRECTION('',(0.,1.,0.));
#12589=DIRECTION('',(0.,0.,1.));
#12590=DIRECTION('',(1.,0.,0.));
#12591=DIRECTION('',(0.,0.,1.));
#12592=DIRECTION('',(1.,0.,0.));
#12593=DIRECTION('',(-0.173578308272415,0.984820070316038,0.));
#12594=DIRECTION('',(0.,0.,1.));
#12595=DIRECTION('',(1.,0.,0.));
#12596=DIRECTION('',(1.,0.,0.));
#12597=DIRECTION('',(0.,0.,-1.));
#12598=DIRECTION('',(1.,0.,0.));
#12599=DIRECTION('',(0.,0.,-1.));
#12600=DIRECTION('',(1.,0.,0.));
#12601=DIRECTION('',(0.,0.,1.));
#12602=DIRECTION('',(1.,0.,0.));
#12603=DIRECTION('',(0.,0.,-1.));
#12604=DIRECTION('',(-1.,0.,0.));
#12605=DIRECTION('',(0.,0.,-1.));
#12606=DIRECTION('',(1.,0.,0.));
#12607=DIRECTION('',(0.,0.,-1.));
#12608=DIRECTION('',(-1.,0.,0.));
#12609=DIRECTION('',(0.,0.,1.));
#12610=DIRECTION('',(1.,0.,0.));
#12611=DIRECTION('',(0.,0.,-1.));
#12612=DIRECTION('',(0.,1.,0.));
#12613=DIRECTION('',(0.,0.,1.));
#12614=DIRECTION('',(-6.2450045135165E-14,-1.,0.));
#12615=DIRECTION('',(1.,-6.2450045135165E-14,0.));
#12616=DIRECTION('',(0.,1.,0.));
#12617=DIRECTION('',(2.94902990916057E-14,-1.,0.));
#12618=DIRECTION('',(1.,2.94902990916057E-14,0.));
#12619=DIRECTION('',(0.,0.,1.));
#12620=DIRECTION('',(1.,0.,0.));
#12621=DIRECTION('',(-1.,0.,0.));
#12622=DIRECTION('',(0.,0.,1.));
#12623=DIRECTION('',(0.,0.,1.));
#12624=DIRECTION('',(1.,0.,0.));
#12625=DIRECTION('',(0.,0.,1.));
#12626=DIRECTION('',(1.,0.,0.));
#12627=DIRECTION('',(1.,0.,-3.46944695195362E-14));
#12628=DIRECTION('',(-3.46944695195362E-14,0.,-1.));
#12629=DIRECTION('',(6.93889390390722E-14,-1.,6.93889390390719E-14));
#12630=DIRECTION('',(1.,6.93889390390722E-14,0.));
#12631=DIRECTION('',(0.,0.,1.));
#12632=DIRECTION('',(1.,0.,0.));
#12633=DIRECTION('',(0.,-1.,0.));
#12634=DIRECTION('',(0.,0.,-1.));
#12635=DIRECTION('',(0.,-1.,0.));
#12636=DIRECTION('',(0.,0.,-1.));
#12637=DIRECTION('',(0.,1.,0.));
#12638=DIRECTION('',(0.,0.,1.));
#12639=DIRECTION('',(1.,0.,0.));
#12640=DIRECTION('',(0.865912397663095,-0.500195681282186,-1.05876603455885E-13));
#12641=DIRECTION('',(0.500195681282186,0.865912397663095,0.));
#12642=DIRECTION('',(0.,0.,1.));
#12643=DIRECTION('',(1.,0.,0.));
#12644=DIRECTION('',(0.,0.,1.));
#12645=DIRECTION('',(1.,0.,0.));
#12646=DIRECTION('',(-0.499955139610641,-0.866051302393169,-4.10555413349132E-13));
#12647=DIRECTION('',(0.866051302393169,-0.499955139610641,0.));
#12648=DIRECTION('',(0.,0.,1.));
#12649=DIRECTION('',(1.,0.,0.));
#12650=DIRECTION('',(-0.499955139610284,-0.866051302393375,0.));
#12651=DIRECTION('',(0.866051302393375,-0.499955139610284,0.));
#12652=DIRECTION('',(-0.49995513961028,-0.866051302393378,-2.77172744569889E-13));
#12653=DIRECTION('',(0.866051302393378,-0.49995513961028,0.));
#12654=DIRECTION('',(-0.499955139610284,-0.866051302393375,0.));
#12655=DIRECTION('',(0.,0.,1.));
#12656=DIRECTION('',(1.,0.,0.));
#12657=DIRECTION('',(-0.865971643145247,0.500093104599854,-7.49005261695576E-14));
#12658=DIRECTION('',(-0.500093104599854,-0.865971643145247,0.));
#12659=DIRECTION('',(0.,0.,1.));
#12660=DIRECTION('',(1.,0.,0.));
#12661=DIRECTION('',(-0.865971643145286,0.500093104599788,0.));
#12662=DIRECTION('',(-0.500093104599788,-0.865971643145286,0.));
#12663=DIRECTION('',(-0.865965793203252,0.500089726295547,0.00367568435903906));
#12664=DIRECTION('',(-0.500093104599787,-0.865971643145286,0.));
#12665=DIRECTION('',(0.865971643145286,-0.500093104599788,0.));
#12666=DIRECTION('',(0.,0.,1.));
#12667=DIRECTION('',(1.,0.,0.));
#12668=DIRECTION('',(1.,8.67361737988403E-16,0.));
#12669=DIRECTION('',(-8.67361737988403E-16,1.,0.));
#12670=DIRECTION('',(0.,0.,1.));
#12671=DIRECTION('',(1.,0.,0.));
#12672=DIRECTION('',(-1.,-2.4246263139668E-16,0.));
#12673=DIRECTION('',(2.4246263139668E-16,-1.,0.));
#12674=DIRECTION('',(0.,0.,1.));
#12675=DIRECTION('',(1.,0.,0.));
#12676=DIRECTION('',(0.173578308272414,-0.984820070316038,0.));
#12677=DIRECTION('',(0.984820070316038,0.173578308272414,0.));
#12678=DIRECTION('',(0.,0.,1.));
#12679=DIRECTION('',(1.,0.,0.));
#12680=DIRECTION('',(-0.173578308272415,0.984820070316038,0.));
#12681=DIRECTION('',(-0.984820070316038,-0.173578308272415,0.));
#12682=DIRECTION('',(0.173578308272417,-0.984820070316038,0.));
#12683=DIRECTION('',(0.984820070316038,0.173578308272417,0.));
#12684=DIRECTION('',(-0.173578308272415,0.984820070316038,0.));
#12685=DIRECTION('',(0.,0.,1.));
#12686=DIRECTION('',(1.,0.,0.));
#12687=DIRECTION('',(-0.984825143473478,-0.173549522564723,0.));
#12688=DIRECTION('',(0.173549522564723,-0.984825143473478,0.));
#12689=DIRECTION('',(0.,0.,1.));
#12690=DIRECTION('',(1.,0.,0.));
#12691=DIRECTION('',(0.,0.,1.));
#12692=DIRECTION('',(1.,0.,0.));
#12693=DIRECTION('',(0.,0.,1.));
#12694=DIRECTION('',(1.,0.,0.));
#12695=DIRECTION('',(1.,0.,0.));
#12696=DIRECTION('',(0.,0.,-1.));
#12697=DIRECTION('',(1.,0.,0.));
#12698=DIRECTION('',(0.,0.,-1.));
#12699=DIRECTION('',(1.,0.,0.));
#12700=DIRECTION('',(1.,0.,0.));
#12701=DIRECTION('',(0.,0.,-1.));
#12702=DIRECTION('',(1.,0.,0.));
#12703=DIRECTION('',(-1.,0.,0.));
#12704=DIRECTION('',(0.,0.,1.));
#12705=DIRECTION('',(1.,0.,0.));
#12706=DIRECTION('',(0.,0.,-1.));
#12707=DIRECTION('',(-1.,0.,0.));
#12708=DIRECTION('',(1.,0.,0.));
#12709=DIRECTION('',(0.,0.,-1.));
#12710=DIRECTION('',(-1.,0.,0.));
#12711=DIRECTION('',(-1.,0.,0.));
#12712=DIRECTION('',(0.,0.,1.));
#12713=DIRECTION('',(1.,0.,0.));
#12714=DIRECTION('',(0.,0.,-1.));
#12715=DIRECTION('',(-1.,0.,0.));
#12716=DIRECTION('',(1.,0.,0.));
#12717=DIRECTION('',(0.,0.,-1.));
#12718=DIRECTION('',(-1.,0.,0.));
#12719=DIRECTION('',(1.,0.,0.));
#12720=DIRECTION('',(0.,1.,0.));
#12721=DIRECTION('',(0.,-0.707106781186548,0.707106781186547));
#12722=DIRECTION('',(0.,1.,0.));
#12723=DIRECTION('',(1.,0.,0.));
#12724=DIRECTION('',(0.,0.,-1.));
#12725=DIRECTION('',(1.,0.,0.));
#12726=DIRECTION('',(0.,1.,0.));
#12727=DIRECTION('',(0.,-0.707106781186548,0.707106781186547));
#12728=DIRECTION('',(0.,1.,0.));
#12729=DIRECTION('',(0.,0.707106781186547,0.707106781186548));
#12730=DIRECTION('',(0.,-0.707106781186548,0.707106781186547));
#12731=DIRECTION('',(0.,-0.707106781186548,0.707106781186547));
#12732=DIRECTION('',(0.,0.,1.));
#12733=DIRECTION('',(1.,0.,0.));
#12734=DIRECTION('',(0.,1.,0.));
#12735=DIRECTION('',(1.,0.,0.));
#12736=DIRECTION('',(0.,1.,0.));
#12737=DIRECTION('',(1.,0.,0.));
#12738=DIRECTION('',(0.,1.,0.));
#12739=DIRECTION('',(0.,-0.707106781186548,0.707106781186547));
#12740=DIRECTION('',(0.,1.,0.));
#12741=DIRECTION('',(0.,-0.707106781186547,-0.707106781186548));
#12742=DIRECTION('',(0.,0.707106781186548,-0.707106781186547));
#12743=DIRECTION('',(0.,-0.707106781186548,0.707106781186547));
#12744=DIRECTION('',(0.,0.,1.));
#12745=DIRECTION('',(1.,0.,0.));
#12746=DIRECTION('',(0.,1.,0.));
#12747=DIRECTION('',(1.,0.,0.));
#12748=DIRECTION('',(0.,1.,0.));
#12749=DIRECTION('',(0.,0.,1.));
#12750=DIRECTION('',(1.,0.,0.));
#12751=DIRECTION('',(0.,1.,0.));
#12752=DIRECTION('',(1.,0.,0.));
#12753=DIRECTION('',(0.,1.,0.));
#12754=DIRECTION('',(0.,-0.707106781186548,0.707106781186547));
#12755=DIRECTION('',(0.,-0.707106781186547,-0.707106781186548));
#12756=DIRECTION('',(0.,0.707106781186548,-0.707106781186547));
#12757=DIRECTION('',(0.,0.,-1.));
#12758=DIRECTION('',(-1.,0.,0.));
#12759=DIRECTION('',(0.,0.,-1.));
#12760=DIRECTION('',(0.,0.,-1.));
#12761=DIRECTION('',(0.,0.,-1.));
#12762=DIRECTION('',(-1.,0.,0.));
#12763=DIRECTION('',(0.,0.,-1.));
#12764=DIRECTION('',(-0.984820070316038,-0.173578308272415,0.));
#12765=DIRECTION('',(0.173578308272415,-0.984820070316038,0.));
#12766=DIRECTION('',(0.,0.,-1.));
#12767=DIRECTION('',(0.,0.,-1.));
#12768=DIRECTION('',(-1.,0.,0.));
#12769=DIRECTION('',(0.,0.,-1.));
#12770=DIRECTION('',(-1.,0.,0.));
#12771=DIRECTION('',(0.,0.,-1.));
#12772=DIRECTION('',(0.500093104599788,0.865971643145286,0.));
#12773=DIRECTION('',(-0.865971643145286,0.500093104599788,0.));
#12774=DIRECTION('',(0.,0.,-1.));
#12775=DIRECTION('',(0.,0.,-1.));
#12776=DIRECTION('',(-1.,0.,0.));
#12777=DIRECTION('',(0.,0.,-1.));
#12778=DIRECTION('',(0.866051302393375,-0.499955139610284,0.));
#12779=DIRECTION('',(0.499955139610284,0.866051302393375,0.));
#12780=DIRECTION('',(0.,0.,-1.));
#12781=DIRECTION('',(0.,0.,-1.));
#12782=DIRECTION('',(-1.,0.,0.));
#12783=DIRECTION('',(0.,0.,-1.));
#12784=DIRECTION('',(0.,0.,-1.));
#12785=DIRECTION('',(-1.,0.,0.));
#12786=DIRECTION('',(0.,0.,-1.));
#12787=DIRECTION('',(-1.,0.,0.));
#12788=DIRECTION('',(0.,0.,1.));
#12789=DIRECTION('',(0.,0.,-1.));
#12790=DIRECTION('',(0.,0.,-1.));
#12791=DIRECTION('',(-1.,0.,0.));
#12792=DIRECTION('',(0.,0.,-1.));
#12793=DIRECTION('',(-1.,0.,0.));
#12794=DIRECTION('',(0.,0.,-1.));
#12795=DIRECTION('',(-1.,0.,0.));
#12796=DIRECTION('',(0.,0.,1.));
#12797=DIRECTION('',(0.,1.,0.));
#12798=DIRECTION('',(0.,0.,1.));
#12799=DIRECTION('',(0.,0.,-1.));
#12800=DIRECTION('',(0.,0.,-1.));
#12801=DIRECTION('',(-1.,0.,0.));
#12802=DIRECTION('',(0.,-0.707106781186547,0.707106781186548));
#12803=DIRECTION('',(0.,-0.707106781186548,-0.707106781186547));
#12804=DIRECTION('',(0.,0.707106781186548,0.707106781186547));
#12805=DIRECTION('',(-1.,0.,0.));
#12806=DIRECTION('',(0.,0.707106781186548,0.707106781186547));
#12807=DIRECTION('',(-1.,0.,0.));
#12808=DIRECTION('',(0.,0.,1.));
#12809=DIRECTION('',(1.,0.,0.));
#12810=DIRECTION('',(0.,0.,-1.));
#12811=DIRECTION('',(-1.,0.,0.));
#12812=DIRECTION('',(1.,0.,0.));
#12813=DIRECTION('',(0.,0.,-1.));
#12814=DIRECTION('',(0.,-1.,0.));
#12815=DIRECTION('',(0.,0.,-1.));
#12816=DIRECTION('',(0.,0.,1.));
#12817=DIRECTION('',(-1.,0.,0.));
#12818=DIRECTION('',(0.,0.,1.));
#12819=DIRECTION('',(-1.,0.,0.));
#12820=DIRECTION('',(0.,0.,1.));
#12821=DIRECTION('',(1.,0.,0.));
#12822=DIRECTION('',(0.,0.,-1.));
#12823=DIRECTION('',(1.,0.,0.));
#12824=DIRECTION('',(0.,0.,-1.));
#12825=DIRECTION('',(1.,0.,0.));
#12826=DIRECTION('',(0.,1.,0.));
#12827=DIRECTION('',(1.,0.,0.));
#12828=DIRECTION('',(0.,0.,-1.));
#12829=DIRECTION('',(1.,0.,0.));
#12830=DIRECTION('',(0.,1.,0.));
#12831=DIRECTION('',(1.,0.,0.));
#12832=DIRECTION('',(0.,0.,-1.));
#12833=DIRECTION('',(1.,0.,0.));
#12834=DIRECTION('',(0.,0.,1.));
#12835=DIRECTION('',(-1.,0.,0.));
#12836=DIRECTION('',(0.,0.,-1.));
#12837=DIRECTION('',(-1.,0.,0.));
#12838=DIRECTION('',(0.,0.,1.));
#12839=DIRECTION('',(0.,0.,1.));
#12840=DIRECTION('',(0.,-1.,0.));
#12841=DIRECTION('',(0.,0.,1.));
#12842=DIRECTION('',(0.,0.,1.));
#12843=DIRECTION('',(1.,0.,0.));
#12844=DIRECTION('',(0.,0.,1.));
#12845=DIRECTION('',(0.,0.,-1.));
#12846=DIRECTION('',(-1.,0.,0.));
#12847=DIRECTION('',(0.,0.,1.));
#12848=DIRECTION('',(1.,0.,0.));
#12849=DIRECTION('',(0.,0.,1.));
#12850=DIRECTION('',(0.,0.,-1.));
#12851=DIRECTION('',(-1.,0.,0.));
#12852=DIRECTION('',(1.,0.,0.));
#12853=DIRECTION('',(0.,0.,-1.));
#12854=DIRECTION('',(0.,0.,1.));
#12855=DIRECTION('',(0.,1.,0.));
#12856=DIRECTION('',(0.,-1.,0.));
#12857=DIRECTION('',(0.,0.,-1.));
#12858=DIRECTION('',(0.,0.,1.));
#12859=DIRECTION('',(1.,0.,0.));
#12860=DIRECTION('',(-1.,0.,0.));
#12861=DIRECTION('',(0.,0.,1.));
#12862=DIRECTION('',(0.,0.,1.));
#12863=DIRECTION('',(0.,-1.,0.));
#12864=DIRECTION('',(0.,0.,1.));
#12865=DIRECTION('',(1.,0.,0.));
#12866=DIRECTION('',(0.,0.,1.));
#12867=DIRECTION('',(0.,0.,-1.));
#12868=DIRECTION('',(-1.,0.,0.));
#12869=DIRECTION('',(0.,0.,1.));
#12870=DIRECTION('',(1.,0.,0.));
#12871=DIRECTION('',(0.,0.,1.));
#12872=DIRECTION('',(0.,0.,-1.));
#12873=DIRECTION('',(-1.,0.,0.));
#12874=DIRECTION('',(1.,0.,0.));
#12875=DIRECTION('',(0.,0.,-1.));
#12876=DIRECTION('',(0.,0.,1.));
#12877=DIRECTION('',(0.,1.,0.));
#12878=DIRECTION('',(0.,-1.,0.));
#12879=DIRECTION('',(0.,0.,-1.));
#12880=DIRECTION('',(0.,0.,1.));
#12881=DIRECTION('',(1.,0.,0.));
#12882=DIRECTION('',(-1.,0.,0.));
#12883=DIRECTION('',(0.,0.,1.));
#12884=DIRECTION('',(0.,0.,1.));
#12885=DIRECTION('',(0.,-1.,0.));
#12886=DIRECTION('',(0.,0.,1.));
#12887=DIRECTION('',(1.,0.,0.));
#12888=DIRECTION('',(0.,0.,1.));
#12889=DIRECTION('',(0.,0.,-1.));
#12890=DIRECTION('',(-1.,0.,0.));
#12891=DIRECTION('',(0.,0.,1.));
#12892=DIRECTION('',(1.,0.,0.));
#12893=DIRECTION('',(0.,0.,1.));
#12894=DIRECTION('',(0.,0.,-1.));
#12895=DIRECTION('',(-1.,0.,0.));
#12896=DIRECTION('',(1.,0.,0.));
#12897=DIRECTION('',(0.,0.,-1.));
#12898=DIRECTION('',(0.,0.,1.));
#12899=DIRECTION('',(0.,1.,0.));
#12900=DIRECTION('',(0.,0.,1.));
#12901=DIRECTION('',(1.,0.,0.));
#12902=DIRECTION('',(0.,0.,1.));
#12903=DIRECTION('',(0.,0.,-1.));
#12904=DIRECTION('',(-1.,0.,0.));
#12905=DIRECTION('',(0.,1.,0.));
#12906=DIRECTION('',(0.,0.,1.));
#12907=DIRECTION('',(0.,0.,1.));
#12908=DIRECTION('',(-1.,0.,0.));
#12909=DIRECTION('',(1.,0.,0.));
#12910=DIRECTION('',(0.,0.,-1.));
#12911=DIRECTION('',(0.,0.,1.));
#12912=DIRECTION('',(0.,1.,0.));
#12913=DIRECTION('',(0.,0.,1.));
#12914=DIRECTION('',(1.,0.,0.));
#12915=DIRECTION('',(0.,0.,1.));
#12916=DIRECTION('',(0.,0.,-1.));
#12917=DIRECTION('',(-1.,0.,0.));
#12918=DIRECTION('',(0.,0.,1.));
#12919=DIRECTION('',(1.,0.,0.));
#12920=DIRECTION('',(0.,0.,1.));
#12921=DIRECTION('',(0.,0.,-1.));
#12922=DIRECTION('',(-1.,0.,0.));
#12923=DIRECTION('',(-1.,0.,0.));
#12924=DIRECTION('',(0.,0.,1.));
#12925=DIRECTION('',(0.,0.,1.));
#12926=DIRECTION('',(0.,-1.,0.));
#12927=DIRECTION('',(0.,1.,0.));
#12928=DIRECTION('',(0.,0.,1.));
#12929=DIRECTION('',(0.,0.,1.));
#12930=DIRECTION('',(-1.,0.,0.));
#12931=DIRECTION('',(0.,0.,1.));
#12932=DIRECTION('',(1.,0.,0.));
#12933=DIRECTION('',(0.,0.,-1.));
#12934=DIRECTION('',(-1.,0.,0.));
#12935=DIRECTION('',(0.,0.,1.));
#12936=DIRECTION('',(-1.,0.,0.));
#12937=DIRECTION('',(0.,-1.,0.));
#12938=DIRECTION('',(0.,0.,-1.));
#12939=DIRECTION('',(0.,0.,1.));
#12940=DIRECTION('',(1.,0.,0.));
#12941=DIRECTION('',(0.,0.,1.));
#12942=DIRECTION('',(0.,0.,1.));
#12943=DIRECTION('',(1.,0.,0.));
#12944=DIRECTION('',(0.,0.,1.));
#12945=DIRECTION('',(0.,0.,-1.));
#12946=DIRECTION('',(-1.,0.,0.));
#12947=DIRECTION('',(0.,0.,1.));
#12948=DIRECTION('',(1.,0.,0.));
#12949=DIRECTION('',(0.,0.,1.));
#12950=DIRECTION('',(0.,0.,-1.));
#12951=DIRECTION('',(-1.,0.,0.));
#12952=DIRECTION('',(1.76780015934545E-15,1.,0.));
#12953=DIRECTION('',(-1.,1.76780015934545E-15,0.));
#12954=DIRECTION('',(0.,0.,1.));
#12955=DIRECTION('',(-1.,1.76780015934545E-15,0.));
#12956=DIRECTION('',(0.,0.,1.));
#12957=DIRECTION('',(1.,0.,0.));
#12958=DIRECTION('',(0.,0.,1.));
#12959=DIRECTION('',(0.,0.,-1.));
#12960=DIRECTION('',(-1.,0.,0.));
#12961=DIRECTION('',(0.,0.,1.));
#12962=DIRECTION('',(1.,0.,0.));
#12963=DIRECTION('',(0.,0.,1.));
#12964=DIRECTION('',(0.,0.,-1.));
#12965=DIRECTION('',(-1.,0.,0.));
#12966=DIRECTION('',(0.,-1.,0.));
#12967=DIRECTION('',(0.,0.,-1.));
#12968=DIRECTION('',(0.,0.,1.));
#12969=DIRECTION('',(1.,0.,0.));
#12970=DIRECTION('',(-1.,0.,0.));
#12971=DIRECTION('',(0.,0.,1.));
#12972=DIRECTION('',(0.,0.,1.));
#12973=DIRECTION('',(0.,-1.,0.));
#12974=DIRECTION('',(0.,0.,1.));
#12975=DIRECTION('',(1.,0.,0.));
#12976=DIRECTION('',(0.,0.,1.));
#12977=DIRECTION('',(0.,0.,-1.));
#12978=DIRECTION('',(-1.,0.,0.));
#12979=DIRECTION('',(0.,0.,1.));
#12980=DIRECTION('',(1.,0.,0.));
#12981=DIRECTION('',(0.,0.,1.));
#12982=DIRECTION('',(0.,0.,-1.));
#12983=DIRECTION('',(-1.,0.,0.));
#12984=DIRECTION('',(1.,0.,0.));
#12985=DIRECTION('',(0.,0.,-1.));
#12986=DIRECTION('',(0.,1.,0.));
#12987=DIRECTION('',(0.,0.,1.));
#12988=DIRECTION('',(-1.,0.,0.));
#12989=DIRECTION('',(0.,0.,1.));
#12990=DIRECTION('',(1.,0.,0.));
#12991=DIRECTION('',(0.,0.,1.));
#12992=DIRECTION('',(0.,0.,-1.));
#12993=DIRECTION('',(-1.,0.,0.));
#12994=DIRECTION('',(0.,0.,1.));
#12995=DIRECTION('',(0.,0.,1.));
#12996=DIRECTION('',(1.,0.,0.));
#12997=DIRECTION('',(0.,0.,1.));
#12998=DIRECTION('',(0.,0.,-1.));
#12999=DIRECTION('',(-1.,0.,0.));
#13000=DIRECTION('',(0.,0.,1.));
#13001=DIRECTION('',(1.,0.,0.));
#13002=DIRECTION('',(0.,0.,1.));
#13003=DIRECTION('',(0.,0.,-1.));
#13004=DIRECTION('',(-1.,0.,0.));
#13005=DIRECTION('',(0.,0.,1.));
#13006=DIRECTION('',(1.,0.,0.));
#13007=DIRECTION('',(0.,0.,-1.));
#13008=DIRECTION('',(-1.,0.,0.));
#13009=DIRECTION('',(0.,0.,1.));
#13010=DIRECTION('',(0.,0.,-1.));
#13011=DIRECTION('',(-1.,0.,0.));
#13012=DIRECTION('',(0.,0.,1.));
#13013=DIRECTION('',(0.,0.,1.));
#13014=DIRECTION('',(1.,0.,0.));
#13015=DIRECTION('',(0.,0.,-1.));
#13016=DIRECTION('',(-1.,0.,0.));
#13017=DIRECTION('',(0.,0.,1.));
#13018=DIRECTION('',(0.,0.,-1.));
#13019=DIRECTION('',(-1.,0.,0.));
#13020=DIRECTION('',(0.,0.,1.));
#13021=DIRECTION('',(1.,0.,0.));
#13022=DIRECTION('',(0.,0.,-1.));
#13023=DIRECTION('',(-1.,0.,0.));
#13024=DIRECTION('',(0.,0.,1.));
#13025=DIRECTION('',(0.,0.,-1.));
#13026=DIRECTION('',(-1.,0.,0.));
#13027=DIRECTION('',(0.,0.,1.));
#13028=DIRECTION('',(1.,0.,0.));
#13029=DIRECTION('',(0.,0.,-1.));
#13030=DIRECTION('',(-1.,0.,0.));
#13031=DIRECTION('',(0.,0.,-1.));
#13032=DIRECTION('',(-1.,0.,0.));
#13033=DIRECTION('',(0.,0.,1.));
#13034=DIRECTION('',(1.,0.,0.));
#13035=DIRECTION('',(0.,0.,-1.));
#13036=DIRECTION('',(-1.,0.,0.));
#13037=DIRECTION('',(0.,0.,1.));
#13038=DIRECTION('',(-1.,0.,0.));
#13039=DIRECTION('',(0.,0.,1.));
#13040=DIRECTION('',(1.,0.,0.));
#13041=DIRECTION('',(0.,0.,1.));
#13042=DIRECTION('',(1.,0.,0.));
#13043=DIRECTION('',(0.,0.,-1.));
#13044=DIRECTION('',(-1.,0.,0.));
#13045=DIRECTION('',(0.,0.,1.));
#13046=DIRECTION('',(0.,0.,-1.));
#13047=DIRECTION('',(-1.,0.,0.));
#13048=DIRECTION('',(0.,0.,1.));
#13049=DIRECTION('',(0.,0.,1.));
#13050=DIRECTION('',(1.,0.,0.));
#13051=DIRECTION('',(0.,0.,-1.));
#13052=DIRECTION('',(-1.,0.,0.));
#13053=DIRECTION('',(0.,0.,1.));
#13054=DIRECTION('',(0.,0.,-1.));
#13055=DIRECTION('',(-1.,0.,0.));
#13056=DIRECTION('',(0.,0.,1.));
#13057=DIRECTION('',(1.,0.,0.));
#13058=DIRECTION('',(0.,0.,-1.));
#13059=DIRECTION('',(-1.,0.,0.));
#13060=DIRECTION('',(0.,0.,1.));
#13061=DIRECTION('',(0.,0.,-1.));
#13062=DIRECTION('',(-1.,0.,0.));
#13063=DIRECTION('',(0.,0.,1.));
#13064=DIRECTION('',(1.,0.,0.));
#13065=DIRECTION('',(0.,0.,-1.));
#13066=DIRECTION('',(-1.,0.,0.));
#13067=DIRECTION('',(0.,0.,-1.));
#13068=DIRECTION('',(-1.,0.,0.));
#13069=DIRECTION('',(0.,0.,1.));
#13070=DIRECTION('',(1.,0.,0.));
#13071=DIRECTION('',(0.,0.,-1.));
#13072=DIRECTION('',(-1.,0.,0.));
#13073=DIRECTION('',(0.,0.,1.));
#13074=DIRECTION('',(-1.,0.,0.));
#13075=DIRECTION('',(0.,0.,1.));
#13076=DIRECTION('',(1.,0.,0.));
#13077=DIRECTION('',(0.,0.,1.));
#13078=DIRECTION('',(1.,0.,0.));
#13079=DIRECTION('',(0.,0.,1.));
#13080=DIRECTION('',(0.,0.,-1.));
#13081=DIRECTION('',(-1.,0.,0.));
#13082=DIRECTION('',(0.,0.,1.));
#13083=DIRECTION('',(0.,-1.,0.));
#13084=DIRECTION('',(0.,0.,-1.));
#13085=DIRECTION('',(0.,0.,1.));
#13086=DIRECTION('',(1.,0.,0.));
#13087=DIRECTION('',(0.,0.,1.));
#13088=DIRECTION('',(1.,0.,0.));
#13089=DIRECTION('',(0.,0.,1.));
#13090=DIRECTION('',(0.,0.,-1.));
#13091=DIRECTION('',(-1.,0.,0.));
#13092=DIRECTION('',(0.,0.,1.));
#13093=DIRECTION('',(1.,0.,0.));
#13094=DIRECTION('',(0.,0.,1.));
#13095=DIRECTION('',(0.,0.,-1.));
#13096=DIRECTION('',(-1.,0.,0.));
#13097=DIRECTION('',(0.,1.,0.));
#13098=DIRECTION('',(0.,0.,1.));
#13099=DIRECTION('',(0.,0.,1.));
#13100=DIRECTION('',(-1.,0.,0.));
#13101=DIRECTION('',(0.,0.,1.));
#13102=DIRECTION('',(1.,0.,0.));
#13103=DIRECTION('',(0.,0.,-1.));
#13104=DIRECTION('',(-1.,0.,0.));
#13105=DIRECTION('',(0.,0.,1.));
#13106=DIRECTION('',(-1.,0.,0.));
#13107=DIRECTION('',(0.,0.,1.));
#13108=DIRECTION('',(1.,0.,0.));
#13109=DIRECTION('',(0.,0.,1.));
#13110=DIRECTION('',(0.,0.,-1.));
#13111=DIRECTION('',(-1.,0.,0.));
#13112=DIRECTION('',(0.,0.,1.));
#13113=DIRECTION('',(0.,0.,1.));
#13114=DIRECTION('',(1.,0.,0.));
#13115=DIRECTION('',(0.,0.,1.));
#13116=DIRECTION('',(0.,0.,-1.));
#13117=DIRECTION('',(-1.,0.,0.));
#13118=DIRECTION('',(0.,0.,1.));
#13119=DIRECTION('',(1.,0.,0.));
#13120=DIRECTION('',(0.,0.,1.));
#13121=DIRECTION('',(0.,0.,-1.));
#13122=DIRECTION('',(-1.,0.,0.));
#13123=DIRECTION('',(0.,0.,1.));
#13124=DIRECTION('',(1.,0.,0.));
#13125=DIRECTION('',(0.,0.,-1.));
#13126=DIRECTION('',(-1.,0.,0.));
#13127=DIRECTION('',(0.,0.,1.));
#13128=DIRECTION('',(0.,0.,-1.));
#13129=DIRECTION('',(-1.,0.,0.));
#13130=DIRECTION('',(0.,0.,1.));
#13131=DIRECTION('',(0.,0.,1.));
#13132=DIRECTION('',(1.,0.,0.));
#13133=DIRECTION('',(0.,0.,-1.));
#13134=DIRECTION('',(-1.,0.,0.));
#13135=DIRECTION('',(0.,0.,1.));
#13136=DIRECTION('',(0.,0.,-1.));
#13137=DIRECTION('',(-1.,0.,0.));
#13138=DIRECTION('',(0.,0.,1.));
#13139=DIRECTION('',(1.,0.,0.));
#13140=DIRECTION('',(0.,0.,-1.));
#13141=DIRECTION('',(-1.,0.,0.));
#13142=DIRECTION('',(0.,0.,1.));
#13143=DIRECTION('',(0.,0.,-1.));
#13144=DIRECTION('',(-1.,0.,0.));
#13145=DIRECTION('',(0.,0.,1.));
#13146=DIRECTION('',(1.,0.,0.));
#13147=DIRECTION('',(0.,0.,-1.));
#13148=DIRECTION('',(-1.,0.,0.));
#13149=DIRECTION('',(0.,0.,-1.));
#13150=DIRECTION('',(-1.,0.,0.));
#13151=DIRECTION('',(0.,0.,1.));
#13152=DIRECTION('',(1.,0.,0.));
#13153=DIRECTION('',(0.,0.,-1.));
#13154=DIRECTION('',(-1.,0.,0.));
#13155=DIRECTION('',(0.,0.,1.));
#13156=DIRECTION('',(-1.,0.,0.));
#13157=DIRECTION('',(0.,0.,1.));
#13158=DIRECTION('',(1.,0.,0.));
#13159=DIRECTION('',(0.,0.,1.));
#13160=DIRECTION('',(1.,0.,0.));
#13161=DIRECTION('',(0.,0.,-1.));
#13162=DIRECTION('',(-1.,0.,0.));
#13163=DIRECTION('',(0.,0.,1.));
#13164=DIRECTION('',(0.,0.,-1.));
#13165=DIRECTION('',(-1.,0.,0.));
#13166=DIRECTION('',(0.,0.,1.));
#13167=DIRECTION('',(0.,0.,1.));
#13168=DIRECTION('',(1.,0.,0.));
#13169=DIRECTION('',(0.,0.,-1.));
#13170=DIRECTION('',(-1.,0.,0.));
#13171=DIRECTION('',(0.,0.,1.));
#13172=DIRECTION('',(0.,0.,-1.));
#13173=DIRECTION('',(-1.,0.,0.));
#13174=DIRECTION('',(0.,0.,1.));
#13175=DIRECTION('',(1.,0.,0.));
#13176=DIRECTION('',(0.,0.,-1.));
#13177=DIRECTION('',(-1.,0.,0.));
#13178=DIRECTION('',(0.,0.,1.));
#13179=DIRECTION('',(0.,0.,-1.));
#13180=DIRECTION('',(-1.,0.,0.));
#13181=DIRECTION('',(0.,0.,1.));
#13182=DIRECTION('',(1.,0.,0.));
#13183=DIRECTION('',(0.,0.,-1.));
#13184=DIRECTION('',(-1.,0.,0.));
#13185=DIRECTION('',(0.,0.,-1.));
#13186=DIRECTION('',(-1.,0.,0.));
#13187=DIRECTION('',(0.,0.,1.));
#13188=DIRECTION('',(1.,0.,0.));
#13189=DIRECTION('',(0.,0.,-1.));
#13190=DIRECTION('',(-1.,0.,0.));
#13191=DIRECTION('',(0.,0.,1.));
#13192=DIRECTION('',(-1.,0.,0.));
#13193=DIRECTION('',(0.,0.,1.));
#13194=DIRECTION('',(1.,0.,0.));
#13195=DIRECTION('',(0.,0.,1.));
#13196=DIRECTION('',(1.,0.,0.));
#13197=DIRECTION('',(0.,0.,1.));
#13198=DIRECTION('',(0.,0.,-1.));
#13199=DIRECTION('',(-1.,0.,0.));
#13200=DIRECTION('',(0.,0.,1.));
#13201=DIRECTION('',(0.,-1.,0.));
#13202=DIRECTION('',(0.,0.,-1.));
#13203=DIRECTION('',(0.,0.,1.));
#13204=DIRECTION('',(1.,0.,0.));
#13205=DIRECTION('',(0.,0.,1.));
#13206=DIRECTION('',(1.,0.,0.));
#13207=DIRECTION('',(0.,0.,1.));
#13208=DIRECTION('',(0.,0.,-1.));
#13209=DIRECTION('',(-1.,0.,0.));
#13210=DIRECTION('',(0.,0.,1.));
#13211=DIRECTION('',(1.,0.,0.));
#13212=DIRECTION('',(0.,0.,1.));
#13213=DIRECTION('',(0.,0.,-1.));
#13214=DIRECTION('',(-1.,0.,0.));
#13215=DIRECTION('',(0.,1.,0.));
#13216=DIRECTION('',(0.,0.,1.));
#13217=DIRECTION('',(0.,0.,1.));
#13218=DIRECTION('',(-1.,0.,0.));
#13219=DIRECTION('',(0.,0.,1.));
#13220=DIRECTION('',(1.,0.,0.));
#13221=DIRECTION('',(0.,0.,-1.));
#13222=DIRECTION('',(-1.,0.,0.));
#13223=DIRECTION('',(0.,0.,1.));
#13224=DIRECTION('',(-1.,0.,0.));
#13225=DIRECTION('',(0.,0.,1.));
#13226=DIRECTION('',(1.,0.,0.));
#13227=DIRECTION('',(0.,0.,1.));
#13228=DIRECTION('',(0.,0.,-1.));
#13229=DIRECTION('',(-1.,0.,0.));
#13230=DIRECTION('',(0.,0.,1.));
#13231=DIRECTION('',(1.,0.,0.));
#13232=DIRECTION('',(0.,0.,-1.));
#13233=DIRECTION('',(0.,0.,1.));
#13234=DIRECTION('',(0.,1.,0.));
#13235=DIRECTION('',(0.,0.,1.));
#13236=DIRECTION('',(1.,0.,0.));
#13237=DIRECTION('',(0.,0.,1.));
#13238=DIRECTION('',(0.,0.,-1.));
#13239=DIRECTION('',(-1.,0.,0.));
#13240=DIRECTION('',(0.,0.,1.));
#13241=DIRECTION('',(1.,0.,0.));
#13242=DIRECTION('',(0.,0.,1.));
#13243=DIRECTION('',(0.,0.,-1.));
#13244=DIRECTION('',(-1.,0.,0.));
#13245=DIRECTION('',(-1.,0.,0.));
#13246=DIRECTION('',(0.,0.,1.));
#13247=DIRECTION('',(0.,0.,1.));
#13248=DIRECTION('',(0.,-1.,0.));
#13249=DIRECTION('',(0.,0.,1.));
#13250=DIRECTION('',(1.,0.,0.));
#13251=DIRECTION('',(0.,0.,-1.));
#13252=DIRECTION('',(-1.,0.,0.));
#13253=DIRECTION('',(0.,0.,1.));
#13254=DIRECTION('',(-1.,0.,0.));
#13255=DIRECTION('',(0.,0.,1.));
#13256=DIRECTION('',(1.,0.,0.));
#13257=DIRECTION('',(0.,0.,1.));
#13258=DIRECTION('',(0.,0.,-1.));
#13259=DIRECTION('',(-1.,0.,0.));
#13260=DIRECTION('',(0.,0.,1.));
#13261=DIRECTION('',(0.,0.,1.));
#13262=DIRECTION('',(1.,0.,0.));
#13263=DIRECTION('',(0.,0.,1.));
#13264=DIRECTION('',(0.,0.,-1.));
#13265=DIRECTION('',(-1.,0.,0.));
#13266=DIRECTION('',(0.,0.,1.));
#13267=DIRECTION('',(1.,0.,0.));
#13268=DIRECTION('',(0.,0.,1.));
#13269=DIRECTION('',(0.,0.,-1.));
#13270=DIRECTION('',(-1.,0.,0.));
#13271=DIRECTION('',(0.,0.,1.));
#13272=DIRECTION('',(1.,0.,0.));
#13273=DIRECTION('',(0.,0.,-1.));
#13274=DIRECTION('',(-1.,0.,0.));
#13275=DIRECTION('',(0.,0.,1.));
#13276=DIRECTION('',(0.,0.,-1.));
#13277=DIRECTION('',(-1.,0.,0.));
#13278=DIRECTION('',(0.,0.,1.));
#13279=DIRECTION('',(0.,0.,1.));
#13280=DIRECTION('',(1.,0.,0.));
#13281=DIRECTION('',(0.,0.,-1.));
#13282=DIRECTION('',(-1.,0.,0.));
#13283=DIRECTION('',(0.,0.,1.));
#13284=DIRECTION('',(0.,0.,-1.));
#13285=DIRECTION('',(-1.,0.,0.));
#13286=DIRECTION('',(0.,0.,1.));
#13287=DIRECTION('',(1.,0.,0.));
#13288=DIRECTION('',(0.,0.,-1.));
#13289=DIRECTION('',(-1.,0.,0.));
#13290=DIRECTION('',(0.,0.,1.));
#13291=DIRECTION('',(0.,0.,-1.));
#13292=DIRECTION('',(-1.,0.,0.));
#13293=DIRECTION('',(0.,0.,1.));
#13294=DIRECTION('',(1.,0.,0.));
#13295=DIRECTION('',(0.,0.,-1.));
#13296=DIRECTION('',(-1.,0.,0.));
#13297=DIRECTION('',(0.,0.,-1.));
#13298=DIRECTION('',(-1.,0.,0.));
#13299=DIRECTION('',(0.,0.,1.));
#13300=DIRECTION('',(1.,0.,0.));
#13301=DIRECTION('',(0.,0.,-1.));
#13302=DIRECTION('',(-1.,0.,0.));
#13303=DIRECTION('',(0.,0.,1.));
#13304=DIRECTION('',(-1.,0.,0.));
#13305=DIRECTION('',(0.,0.,1.));
#13306=DIRECTION('',(1.,0.,0.));
#13307=DIRECTION('',(0.,0.,1.));
#13308=DIRECTION('',(1.,0.,0.));
#13309=DIRECTION('',(0.,0.,1.));
#13310=DIRECTION('',(0.,0.,-1.));
#13311=DIRECTION('',(-1.,0.,0.));
#13312=DIRECTION('',(0.,0.,1.));
#13313=DIRECTION('',(0.,0.,1.));
#13314=DIRECTION('',(1.,0.,0.));
#13315=DIRECTION('',(0.,0.,1.));
#13316=DIRECTION('',(0.,0.,-1.));
#13317=DIRECTION('',(-1.,0.,0.));
#13318=DIRECTION('',(0.,0.,1.));
#13319=DIRECTION('',(1.,0.,0.));
#13320=DIRECTION('',(0.,0.,1.));
#13321=DIRECTION('',(0.,0.,-1.));
#13322=DIRECTION('',(-1.,0.,0.));
#13323=DIRECTION('',(0.,0.,1.));
#13324=DIRECTION('',(1.,0.,0.));
#13325=DIRECTION('',(0.,0.,-1.));
#13326=DIRECTION('',(-1.,0.,0.));
#13327=DIRECTION('',(0.,0.,1.));
#13328=DIRECTION('',(0.,0.,-1.));
#13329=DIRECTION('',(-1.,0.,0.));
#13330=DIRECTION('',(0.,0.,1.));
#13331=DIRECTION('',(0.,0.,1.));
#13332=DIRECTION('',(1.,0.,0.));
#13333=DIRECTION('',(0.,0.,-1.));
#13334=DIRECTION('',(-1.,0.,0.));
#13335=DIRECTION('',(0.,0.,1.));
#13336=DIRECTION('',(0.,0.,-1.));
#13337=DIRECTION('',(-1.,0.,0.));
#13338=DIRECTION('',(0.,0.,1.));
#13339=DIRECTION('',(1.,0.,0.));
#13340=DIRECTION('',(0.,0.,-1.));
#13341=DIRECTION('',(-1.,0.,0.));
#13342=DIRECTION('',(0.,0.,1.));
#13343=DIRECTION('',(0.,0.,-1.));
#13344=DIRECTION('',(-1.,0.,0.));
#13345=DIRECTION('',(0.,0.,1.));
#13346=DIRECTION('',(1.,0.,0.));
#13347=DIRECTION('',(0.,0.,-1.));
#13348=DIRECTION('',(-1.,0.,0.));
#13349=DIRECTION('',(0.,0.,-1.));
#13350=DIRECTION('',(-1.,0.,0.));
#13351=DIRECTION('',(0.,0.,1.));
#13352=DIRECTION('',(1.,0.,0.));
#13353=DIRECTION('',(0.,0.,-1.));
#13354=DIRECTION('',(-1.,0.,0.));
#13355=DIRECTION('',(0.,0.,1.));
#13356=DIRECTION('',(-1.,0.,0.));
#13357=DIRECTION('',(0.,0.,1.));
#13358=DIRECTION('',(1.,0.,0.));
#13359=DIRECTION('',(0.,0.,1.));
#13360=DIRECTION('',(1.,0.,0.));
#13361=DIRECTION('',(0.,0.,1.));
#13362=DIRECTION('',(0.,0.,-1.));
#13363=DIRECTION('',(-1.,0.,0.));
#13364=DIRECTION('',(0.,0.,1.));
#13365=DIRECTION('',(0.,-1.,0.));
#13366=DIRECTION('',(0.,0.,-1.));
#13367=DIRECTION('',(0.,0.,1.));
#13368=DIRECTION('',(1.,0.,0.));
#13369=DIRECTION('',(0.,0.,1.));
#13370=DIRECTION('',(1.,0.,0.));
#13371=DIRECTION('',(0.,0.,1.));
#13372=DIRECTION('',(0.,0.,-1.));
#13373=DIRECTION('',(-1.,0.,0.));
#13374=DIRECTION('',(0.,0.,1.));
#13375=DIRECTION('',(1.,0.,0.));
#13376=DIRECTION('',(0.,0.,1.));
#13377=DIRECTION('',(0.,0.,-1.));
#13378=DIRECTION('',(-1.,0.,0.));
#13379=DIRECTION('',(0.,1.,0.));
#13380=DIRECTION('',(0.,0.,1.));
#13381=DIRECTION('',(0.,0.,1.));
#13382=DIRECTION('',(-1.,0.,0.));
#13383=DIRECTION('',(0.,0.,1.));
#13384=DIRECTION('',(1.,0.,0.));
#13385=DIRECTION('',(0.,0.,-1.));
#13386=DIRECTION('',(-1.,0.,0.));
#13387=DIRECTION('',(0.,0.,1.));
#13388=DIRECTION('',(-1.,0.,0.));
#13389=DIRECTION('',(0.,0.,1.));
#13390=DIRECTION('',(0.,0.,1.));
#13391=DIRECTION('',(0.,0.,1.));
#13392=DIRECTION('',(1.,0.,0.));
#13393=DIRECTION('',(0.,0.,1.));
#13394=DIRECTION('',(0.,0.,-1.));
#13395=DIRECTION('',(-1.,0.,0.));
#13396=DIRECTION('',(0.856307004803833,-0.516467146606528,0.));
#13397=DIRECTION('',(0.516467146606528,0.856307004803833,0.));
#13398=DIRECTION('',(0.,0.,1.));
#13399=DIRECTION('',(0.516467146606528,0.856307004803833,0.));
#13400=DIRECTION('',(0.,0.,1.));
#13401=DIRECTION('',(0.,0.,1.));
#13402=DIRECTION('',(1.,0.,0.));
#13403=DIRECTION('',(0.,0.,1.));
#13404=DIRECTION('',(0.,0.,-1.));
#13405=DIRECTION('',(-1.,0.,0.));
#13406=DIRECTION('',(-0.856632815273837,0.51592656434421,0.));
#13407=DIRECTION('',(-0.51592656434421,-0.856632815273837,0.));
#13408=DIRECTION('',(0.,0.,1.));
#13409=DIRECTION('',(-0.51592656434421,-0.856632815273837,0.));
#13410=DIRECTION('',(0.856632883656085,0.515926450803853,0.));
#13411=DIRECTION('',(-0.515926450803853,0.856632883656085,0.));
#13412=DIRECTION('',(0.,0.,1.));
#13413=DIRECTION('',(-0.515926450803853,0.856632883656085,0.));
#13414=DIRECTION('',(0.,0.,1.));
#13415=DIRECTION('',(1.,0.,0.));
#13416=DIRECTION('',(0.,0.,1.));
#13417=DIRECTION('',(0.,0.,-1.));
#13418=DIRECTION('',(-1.,0.,0.));
#13419=DIRECTION('',(0.,0.,1.));
#13420=DIRECTION('',(1.,0.,0.));
#13421=DIRECTION('',(0.,0.,1.));
#13422=DIRECTION('',(0.,0.,-1.));
#13423=DIRECTION('',(-1.,0.,0.));
#13424=DIRECTION('',(-0.856307051952868,-0.516467068433011,0.));
#13425=DIRECTION('',(0.516467068433011,-0.856307051952868,0.));
#13426=DIRECTION('',(0.516467068433011,-0.856307051952868,0.));
#13427=DIRECTION('',(0.,0.,1.));
#13428=DIRECTION('',(-1.,0.,0.));
#13429=DIRECTION('',(0.,0.707106781186547,0.707106781186548));
#13430=DIRECTION('',(0.,-0.707106781186548,0.707106781186547));
#13431=DIRECTION('',(0.,-0.707106781186548,0.707106781186547));
#13432=DIRECTION('',(1.,0.,0.));
#13433=DIRECTION('',(0.,-0.707106781186548,0.707106781186547));
#13434=DIRECTION('',(1.,0.,0.));
#13435=DIRECTION('',(0.,0.,-1.));
#13436=DIRECTION('',(1.,0.,0.));
#13437=DIRECTION('',(0.,0.,-1.));
#13438=DIRECTION('',(1.,0.,0.));
#13439=DIRECTION('',(1.,0.,0.));
#13440=DIRECTION('',(0.,0.,-1.));
#13441=DIRECTION('',(0.,0.,-1.));
#13442=DIRECTION('',(-1.,0.,0.));
#13443=DIRECTION('',(0.,1.,0.));
#13444=DIRECTION('',(0.,1.,0.));
#13445=DIRECTION('',(-1.,0.,0.));
#13446=DIRECTION('',(0.,1.,0.));
#13447=DIRECTION('',(-1.,0.,0.));
#13448=DIRECTION('',(0.,0.,1.));
#13449=DIRECTION('',(-1.,0.,0.));
#13450=DIRECTION('',(0.,1.,0.));
#13451=DIRECTION('',(-1.,0.,0.));
#13452=DIRECTION('',(0.,0.,1.));
#13453=DIRECTION('',(0.,0.,1.));
#13454=DIRECTION('',(1.,0.,0.));
#13455=DIRECTION('',(0.,1.,0.));
#13456=DIRECTION('',(-1.,0.,0.));
#13457=DIRECTION('',(0.,1.,0.));
#13458=DIRECTION('',(-1.,0.,0.));
#13459=DIRECTION('',(0.,0.,1.));
#13460=DIRECTION('',(1.,0.,0.));
#13461=DIRECTION('',(0.,0.,-1.));
#13462=DIRECTION('',(-1.,0.,0.));
#13463=DIRECTION('',(1.,0.,0.));
#13464=DIRECTION('',(0.,0.,-1.));
#13465=DIRECTION('',(0.,-0.707106781186547,-0.707106781186548));
#13466=DIRECTION('',(0.,0.707106781186548,-0.707106781186547));
#13467=DIRECTION('',(0.,-0.707106781186548,0.707106781186547));
#13468=DIRECTION('',(0.,-0.707106781186548,0.707106781186547));
#13469=DIRECTION('',(-1.,0.,0.));
#13470=DIRECTION('',(0.,1.,0.));
#13471=DIRECTION('',(-1.,0.,0.));
#13472=DIRECTION('',(0.,1.,0.));
#13473=DIRECTION('',(-1.,0.,0.));
#13474=DIRECTION('',(0.,0.,1.));
#13475=DIRECTION('',(0.,0.707106781186547,0.707106781186548));
#13476=DIRECTION('',(0.,-0.707106781186548,0.707106781186547));
#13477=DIRECTION('',(0.,-0.707106781186548,0.707106781186547));
#13478=DIRECTION('',(1.,0.,0.));
#13479=DIRECTION('',(0.,-0.707106781186548,0.707106781186547));
#13480=DIRECTION('',(1.,0.,0.));
#13481=DIRECTION('',(0.,0.,-1.));
#13482=DIRECTION('',(1.,0.,0.));
#13483=DIRECTION('',(0.,0.,-1.));
#13484=DIRECTION('',(1.,0.,0.));
#13485=DIRECTION('',(1.,0.,0.));
#13486=DIRECTION('',(0.,0.,-1.));
#13487=DIRECTION('',(0.,0.,-1.));
#13488=DIRECTION('',(-1.,0.,0.));
#13489=DIRECTION('',(0.,1.,0.));
#13490=DIRECTION('',(0.,1.,0.));
#13491=DIRECTION('',(-1.,0.,0.));
#13492=DIRECTION('',(0.,1.,0.));
#13493=DIRECTION('',(-1.,0.,0.));
#13494=DIRECTION('',(0.,1.,0.));
#13495=DIRECTION('',(1.,0.,0.));
#13496=DIRECTION('',(0.,0.,-1.));
#13497=DIRECTION('',(1.,0.,0.));
#13498=DIRECTION('',(0.,0.,1.));
#13499=DIRECTION('',(-1.,0.,0.));
#13500=DIRECTION('',(0.,0.,-1.));
#13501=DIRECTION('',(-1.,0.,0.));
#13502=DIRECTION('',(0.,0.,1.));
#13503=DIRECTION('',(-1.,0.,0.));
#13504=DIRECTION('',(0.,0.,1.));
#13505=DIRECTION('',(-1.,0.,0.));
#13506=DIRECTION('',(0.,0.,-1.));
#13507=DIRECTION('',(1.,0.,0.));
#13508=DIRECTION('',(0.,0.,-1.));
#13509=DIRECTION('',(-1.,0.,0.));
#13510=DIRECTION('',(0.,0.,1.));
#13511=DIRECTION('',(1.,0.,0.));
#13512=DIRECTION('',(0.,0.,1.));
#13513=CARTESIAN_POINT('',(0.,0.,0.));
#13514=CARTESIAN_POINT('',(-0.00803097059592166,0.137920782864521,0.0036830234015856));
#13515=CARTESIAN_POINT('',(-0.00803097059592166,0.139045046933233,0.00255875933287367));
#13516=CARTESIAN_POINT('',(-0.00790387061190029,0.139045046933233,0.00255875933287367));
#13517=CARTESIAN_POINT('',(-0.00603097059592166,0.139045046933233,0.00255875933287367));
#13518=CARTESIAN_POINT('',(-0.00863470059561977,0.13817407767456,0.00342972859154693));
#13519=CARTESIAN_POINT('',(-0.00803097059592166,0.138893575070657,0.00271023119544981));
#13520=CARTESIAN_POINT('',(-0.00803097059592166,0.137920782864521,0.0036830234015856));
#13521=CARTESIAN_POINT('',(-0.00803097059592166,0.13679651879581,0.00480728747029752));
#13522=CARTESIAN_POINT('',(-0.00803097059592166,0.13679651879581,0.00480728747029753));
#13523=CARTESIAN_POINT('',(-0.00603097059592166,0.13679651879581,0.00480728747029753));
#13524=CARTESIAN_POINT('',(-0.00603097059592166,0.137920782864521,0.0036830234015856));
#13525=CARTESIAN_POINT('',(-0.00803097059592166,0.13819651879581,0.00171023119544978));
#13526=CARTESIAN_POINT('',(-0.00719187096474441,0.13819651879581,0.00171023119544978));
#13527=CARTESIAN_POINT('',(-0.00719187096474438,0.13939651879581,0.0017102311954498));
#13528=CARTESIAN_POINT('',(-0.00790387061190028,0.139045046933233,0.000861703058025955));
#13529=CARTESIAN_POINT('',(-0.00719187096474437,0.13819651879581,0.00171023119544978));
#13530=CARTESIAN_POINT('',(-0.00603097059592166,0.13819651879581,0.00171023119544978));
#13531=CARTESIAN_POINT('',(-0.00603097059592166,0.139045046933233,0.000861703058025955));
#13532=CARTESIAN_POINT('',(-0.00803097059592166,0.139045046933233,0.000861703058025955));
#13533=CARTESIAN_POINT('',(-0.00803097059592166,0.13819651879581,0.0017102311954498));
#13534=CARTESIAN_POINT('',(-0.00761142078033303,0.13819651879581,0.00221023119544981));
#13535=CARTESIAN_POINT('',(-0.00803097059592166,0.13819651879581,0.00271023119544981));
#13536=CARTESIAN_POINT('',(-0.00719187096474439,0.13819651879581,0.0017102311954498));
#13537=CARTESIAN_POINT('',(-0.00761142078033302,0.13819651879581,0.00121023119544981));
#13538=CARTESIAN_POINT('',(-0.00803097059592166,0.13819651879581,0.000710231195449808));
#13539=CARTESIAN_POINT('',(-0.00803097059592166,0.13819651879581,0.0017102311954498));
#13540=CARTESIAN_POINT('',(-0.0248309705959216,0.0429970257958096,-0.0039897688045502));
#13541=CARTESIAN_POINT('',(-0.0248309705959216,0.137920782864522,-0.000262561010685985));
#13542=CARTESIAN_POINT('',(-0.0248309705959216,0.138893575070657,0.000710231195449811));
#13543=CARTESIAN_POINT('',(-0.0248309705959216,0.13679651879581,-0.00138682507939792));
#13544=CARTESIAN_POINT('',(-0.0248309705959216,0.14019651879581,0.000710231195449811));
#13545=CARTESIAN_POINT('',(-0.0248309705959216,0.13819651879581,0.000710231195449811));
#13546=CARTESIAN_POINT('',(-0.0248309705959216,0.13819651879581,0.0017102311954498));
#13547=CARTESIAN_POINT('',(-0.0248309705959216,0.13819651879581,0.0027102311954498));
#13548=CARTESIAN_POINT('',(-0.0248309705959216,0.14019651879581,0.0027102311954498));
#13549=CARTESIAN_POINT('',(-0.0248309705959216,0.138893575070657,0.0027102311954498));
#13550=CARTESIAN_POINT('',(-0.0248309705959216,0.137920782864521,0.0036830234015856));
#13551=CARTESIAN_POINT('',(-0.0248309705959216,0.13679651879581,0.00480728747029753));
#13552=CARTESIAN_POINT('',(-0.0248309705959216,0.13679651879581,0.0017102311954498));
#13553=CARTESIAN_POINT('',(-0.0248309705959216,0.13819651879581,0.0017102311954498));
#13554=CARTESIAN_POINT('',(-0.0252505204115103,0.13819651879581,0.00221023119544981));
#13555=CARTESIAN_POINT('',(-0.025670070227099,0.13819651879581,0.0017102311954498));
#13556=CARTESIAN_POINT('',(-0.0252505204115103,0.13819651879581,0.00121023119544981));
#13557=CARTESIAN_POINT('',(-0.0185261049926282,0.0992033561421953,0.0107102311954498));
#13558=CARTESIAN_POINT('',(0.0122367909717287,0.112094264718487,0.0107102311954498));
#13559=CARTESIAN_POINT('',(0.0166198796037204,0.112094153593612,0.0107102311954498));
#13560=CARTESIAN_POINT('',(0.00785370073740861,0.112094643154515,0.0107102311954498));
#13561=CARTESIAN_POINT('',(0.0166218414590243,0.111118049808989,0.0107102311954498));
#13562=CARTESIAN_POINT('',(0.0175980024714489,0.111116362672631,0.0107102311954498));
#13563=CARTESIAN_POINT('',(0.0166137438811703,0.111122499614261,0.0107102311954498));
#13564=CARTESIAN_POINT('',(0.0166198826303029,0.110138085915799,0.0107102311954498));
#13565=CARTESIAN_POINT('',(0.0122367923959885,0.110138464363212,0.0107102311954498));
#13566=CARTESIAN_POINT('',(0.0078537038386362,0.110138501377712,0.0107102311954498));
#13567=CARTESIAN_POINT('',(0.00785174338098881,0.111114681016831,0.0107102311954498));
#13568=CARTESIAN_POINT('',(0.00687558053637149,0.111116367124084,0.0107102311954498));
#13569=CARTESIAN_POINT('',(0.0078598394302828,0.111110229200189,0.0107102311954498));
#13570=CARTESIAN_POINT('',(0.0109271033511102,0.0814068317848388,0.0107102311954498));
#13571=CARTESIAN_POINT('',(0.0109271033511103,0.0837235231850488,0.0107102311954498));
#13572=CARTESIAN_POINT('',(0.00904115348433829,0.0856094730518213,0.0107102311954498));
#13573=CARTESIAN_POINT('',(0.00672446208412827,0.0856094730518213,0.0107102311954498));
#13574=CARTESIAN_POINT('',(0.0109271033511102,0.0814068317848388,0.0107102311954498));
#13575=CARTESIAN_POINT('',(0.00672446208412827,0.0856094730518213,0.0107102311954498));
#13576=CARTESIAN_POINT('',(0.00672446208412825,0.0772041902403,0.0107102311954498));
#13577=CARTESIAN_POINT('',(0.00904115348433826,0.0772041902403,0.0107102311954498));
#13578=CARTESIAN_POINT('',(0.0109271033511102,0.0790901403846288,0.0107102311954498));
#13579=CARTESIAN_POINT('',(0.0109271033511102,0.0814068317848388,0.0107102311954498));
#13580=CARTESIAN_POINT('',(0.00672446208412825,0.0772041902403,0.0107102311954498));
#13581=CARTESIAN_POINT('',(0.00252182081714525,0.0814068317848388,0.0107102311954498));
#13582=CARTESIAN_POINT('',(0.00252182081714525,0.0790901403846288,0.0107102311954498));
#13583=CARTESIAN_POINT('',(0.00440777068391826,0.0772041902403,0.0107102311954498));
#13584=CARTESIAN_POINT('',(0.00672446208412825,0.0772041902403,0.0107102311954498));
#13585=CARTESIAN_POINT('',(0.00252182081714525,0.0814068317848388,0.0107102311954498));
#13586=CARTESIAN_POINT('',(0.00672446208412827,0.0856094730518213,0.0107102311954498));
#13587=CARTESIAN_POINT('',(0.00440777068391829,0.0856094730518213,0.0107102311954498));
#13588=CARTESIAN_POINT('',(0.00252182081714527,0.0837235231850488,0.0107102311954498));
#13589=CARTESIAN_POINT('',(0.00252182081714525,0.0814068317848388,0.0107102311954498));
#13590=CARTESIAN_POINT('',(0.0199377541948892,0.0856632569287558,0.0107102311954498));
#13591=CARTESIAN_POINT('',(0.0199377541948892,0.0856686120958665,0.0107102311954498));
#13592=CARTESIAN_POINT('',(0.0199377541948892,0.0856739672629773,0.0107102311954498));
#13593=CARTESIAN_POINT('',(0.0199377541948892,0.0856793224300881,0.0107102311954498));
#13594=CARTESIAN_POINT('',(0.0199377541948892,0.0862148391411669,0.0107102311954498));
#13595=CARTESIAN_POINT('',(0.0194953708671072,0.0866455806746045,0.0107102311954498));
#13596=CARTESIAN_POINT('',(0.0189714951176993,0.0866572237179637,0.0107102311954498));
#13597=CARTESIAN_POINT('',(0.0199381325150366,0.085679319893942,0.0107102311954498));
#13598=CARTESIAN_POINT('',(0.0189714951176993,0.0866572237179637,0.0107102311954498));
#13599=CARTESIAN_POINT('',(0.0189537211584082,0.0856854562278947,0.0107102311954498));
#13600=CARTESIAN_POINT('',(0.01895985754856,0.0847010449131231,0.0107102311954498));
#13601=CARTESIAN_POINT('',(0.0156012340109503,0.0847014233626857,0.0107102311954498));
#13602=CARTESIAN_POINT('',(0.0122426121495844,0.0847014603926977,0.0107102311954498));
#13603=CARTESIAN_POINT('',(0.0122406509266113,0.0856776392757216,0.0107102311954498));
#13604=CARTESIAN_POINT('',(0.0112644888817694,0.0856793254083722,0.0107102311954498));
#13605=CARTESIAN_POINT('',(0.0122487469627108,0.0856731889504069,0.0107102311954498));
#13606=CARTESIAN_POINT('',(0.0122426090493875,0.086657602107174,0.0107102311954498));
#13607=CARTESIAN_POINT('',(0.0134358822532723,0.0866572237179637,0.0107102311954498));
#13608=CARTESIAN_POINT('',(0.0146291537063842,0.0866572237179637,0.0107102311954498));
#13609=CARTESIAN_POINT('',(0.0146291537063842,0.0902195744377827,0.0107102311954498));
#13610=CARTESIAN_POINT('',(0.0146290275702537,0.0937819261221306,0.0107102311954498));
#13611=CARTESIAN_POINT('',(0.0156131892188958,0.0937757883166434,0.0107102311954498));
#13612=CARTESIAN_POINT('',(0.0156070501290788,0.094760165205209,0.0107102311954498));
#13613=CARTESIAN_POINT('',(0.0156090140454423,0.0937836071816049,0.0107102311954498));
#13614=CARTESIAN_POINT('',(0.0165850507077904,0.0937819233611535,0.0107102311954498));
#13615=CARTESIAN_POINT('',(0.0165849535065443,0.0902195735954536,0.0107102311954498));
#13616=CARTESIAN_POINT('',(0.0165849535065443,0.0866572237179637,0.0107102311954498));
#13617=CARTESIAN_POINT('',(0.0177782243121221,0.0866572237179637,0.0107102311954498));
#13618=CARTESIAN_POINT('',(0.0106593461058073,0.0944629611291431,0.0107102311954498));
#13619=CARTESIAN_POINT('',(0.0106593461058073,0.0951323567404296,0.0107102311954498));
#13620=CARTESIAN_POINT('',(0.0106593461058073,0.0937935655178565,0.0107102311954498));
#13621=CARTESIAN_POINT('',(0.00827862483175404,0.0951323567404296,0.0107102311954498));
#13622=CARTESIAN_POINT('',(0.00589790348335906,0.0951323937549295,0.0107102311954498));
#13623=CARTESIAN_POINT('',(0.00589594302571331,0.0961085733940505,0.0107102311954498));
#13624=CARTESIAN_POINT('',(0.00491978017905285,0.0961102587865414,0.0107102311954498));
#13625=CARTESIAN_POINT('',(0.00590403907500927,0.0961041215774005,0.0107102311954498));
#13626=CARTESIAN_POINT('',(0.0058979003821315,0.097088535531732,0.0107102311954498));
#13627=CARTESIAN_POINT('',(0.00876175331618453,0.0970881570957033,0.0107102311954498));
#13628=CARTESIAN_POINT('',(0.0116256045733495,0.0970881200812034,0.0107102311954498));
#13629=CARTESIAN_POINT('',(0.0116275650309948,0.0961119404420819,0.0107102311954498));
#13630=CARTESIAN_POINT('',(0.0126036017392095,0.096110256694475,0.0107102311954498));
#13631=CARTESIAN_POINT('',(0.0126035045279613,0.0928738730533881,0.0107102311954498));
#13632=CARTESIAN_POINT('',(0.0126036306586827,0.0896374883361296,0.0107102311954498));
#13633=CARTESIAN_POINT('',(0.0116194697604033,0.0896436254630507,0.0107102311954498));
#13634=CARTESIAN_POINT('',(0.011625607673727,0.0886592123062831,0.0107102311954498));
#13635=CARTESIAN_POINT('',(0.00875593432882428,0.0886595906954934,0.0107102311954498));
#13636=CARTESIAN_POINT('',(0.00588626266029232,0.0886596277255053,0.0107102311954498));
#13637=CARTESIAN_POINT('',(0.00588430143732326,0.0896358066085328,0.0107102311954498));
#13638=CARTESIAN_POINT('',(0.00490813939451657,0.0896374934556223,0.0107102311954498));
#13639=CARTESIAN_POINT('',(0.00589239747341824,0.0896313562832141,0.0107102311954498));
#13640=CARTESIAN_POINT('',(0.00588625956009573,0.0906157694399815,0.0107102311954498));
#13641=CARTESIAN_POINT('',(0.00827280370833804,0.0906153910507713,0.0107102311954498));
#13642=CARTESIAN_POINT('',(0.0106593461058073,0.0906153910507713,0.0107102311954498));
#13643=CARTESIAN_POINT('',(0.0106593461058073,0.0912265786617943,0.0107102311954498));
#13644=CARTESIAN_POINT('',(0.0106593461058073,0.0918377662728173,0.0107102311954498));
#13645=CARTESIAN_POINT('',(0.00827862538677457,0.0918377662728173,0.0107102311954498));
#13646=CARTESIAN_POINT('',(0.00589790459330178,0.0918378033162525,0.0107102311954498));
#13647=CARTESIAN_POINT('',(0.0058959430744478,0.0928139820391485,0.0107102311954498));
#13648=CARTESIAN_POINT('',(0.00491987496254894,0.0928156653404147,0.0107102311954498));
#13649=CARTESIAN_POINT('',(0.00589594413594975,0.0928173488642386,0.0107102311954498));
#13650=CARTESIAN_POINT('',(0.00589790451925843,0.0937934544744314,0.0107102311954498));
#13651=CARTESIAN_POINT('',(0.00827862538687303,0.0937935655178565,0.0107102311954498));
#13652=CARTESIAN_POINT('',(0.0113520255833418,0.0755277894797865,0.0107102311954498));
#13653=CARTESIAN_POINT('',(0.0125452965276968,0.0755277894797865,0.0107102311954498));
#13654=CARTESIAN_POINT('',(0.0101587546389863,0.0755277896879558,0.0107102311954498));
#13655=CARTESIAN_POINT('',(0.0125452965276967,0.0787001442523556,0.0107102311954498));
#13656=CARTESIAN_POINT('',(0.0125451703969753,0.0818724999892996,0.0107102311954498));
#13657=CARTESIAN_POINT('',(0.0135293312952537,0.0818663628623754,0.0107102311954498));
#13658=CARTESIAN_POINT('',(0.0135231928531902,0.0828507389845434,0.0107102311954498));
#13659=CARTESIAN_POINT('',(0.0135251581515163,0.081874181716894,0.0107102311954498));
#13660=CARTESIAN_POINT('',(0.0145011940665746,0.0818724972286684,0.0107102311954498));
#13661=CARTESIAN_POINT('',(0.0145010968829753,0.0787001434101345,0.0107102311954498));
#13662=CARTESIAN_POINT('',(0.0145010968829753,0.0755277894797865,0.0107102311954498));
#13663=CARTESIAN_POINT('',(0.0156943677629443,0.0755277894797865,0.0107102311954498));
#13664=CARTESIAN_POINT('',(0.0168876387173049,0.0755277524530712,0.0107102311954498));
#13665=CARTESIAN_POINT('',(0.0168895998415422,0.0745515737646375,0.0107102311954498));
#13666=CARTESIAN_POINT('',(0.0178656355732883,0.0745498893426084,0.0107102311954498));
#13667=CARTESIAN_POINT('',(0.0168759957283272,0.0735719895408497,0.0107102311954498));
#13668=CARTESIAN_POINT('',(0.0174231540949703,0.0735719895408497,0.0107102311954498));
#13669=CARTESIAN_POINT('',(0.0178655383942063,0.0740027312130676,0.0107102311954498));
#13670=CARTESIAN_POINT('',(0.0178655383942063,0.074549889510318,0.0107102311954498));
#13671=CARTESIAN_POINT('',(0.0168759957283272,0.0735719895408497,0.0107102311954498));
#13672=CARTESIAN_POINT('',(0.0135173751092552,0.0735719895408497,0.0107102311954498));
#13673=CARTESIAN_POINT('',(0.0101587544157815,0.0735720265714397,0.0107102311954498));
#13674=CARTESIAN_POINT('',(0.0101567932329937,0.0745482055189547,0.0107102311954498));
#13675=CARTESIAN_POINT('',(0.00918075726052888,0.0745498897339441,0.0107102311954498));
#13676=CARTESIAN_POINT('',(0.0101587546389862,0.074549889510318,0.0107102311954498));
#13677=CARTESIAN_POINT('',(-0.0185261049926281,0.13579651879581,0.0107102311954498));
#13678=CARTESIAN_POINT('',(-0.0732494870916453,0.13579651879581,0.0107102311954498));
#13679=CARTESIAN_POINT('',(-0.00562181209592157,0.13579651879581,0.0107102311954498));
#13680=CARTESIAN_POINT('',(-0.0731943926212795,0.125849269412568,0.0107102311954498));
#13681=CARTESIAN_POINT('',(-0.0829907937159817,0.12757592261596,0.0107102311954498));
#13682=CARTESIAN_POINT('',(-0.0858986124770984,0.111078018555881,0.0107102311954498));
#13683=CARTESIAN_POINT('',(-0.0865489244149148,0.107388385590207,0.0107102311954498));
#13684=CARTESIAN_POINT('',(-0.0845792842742827,0.107041228973663,0.0107102311954498));
#13685=CARTESIAN_POINT('',(-0.0849263833194121,0.105071578686716,0.0107102311954498));
#13686=CARTESIAN_POINT('',(-0.0867479106022596,0.0947351292332039,0.0107102311954498));
#13687=CARTESIAN_POINT('',(-0.0762521900959217,0.0947351292332036,0.0107102311954498));
#13688=CARTESIAN_POINT('',(-0.0762521900959217,0.0992033561421953,0.0107102311954498));
#13689=CARTESIAN_POINT('',(-0.0762521900959217,0.0511970257958097,0.0107102311954498));
#13690=CARTESIAN_POINT('',(-0.0732521900959216,0.0511970257958099,0.0107102311954498));
#13691=CARTESIAN_POINT('',(-0.0732521900959217,0.0481970257958099,0.0107102311954498));
#13692=CARTESIAN_POINT('',(-0.0185261049926282,0.0481970257958096,0.0107102311954498));
#13693=CARTESIAN_POINT('',(0.0403902489040784,0.0481970257958096,0.0107102311954498));
#13694=CARTESIAN_POINT('',(0.0403902489040785,0.0511970257958099,0.0107102311954498));
#13695=CARTESIAN_POINT('',(0.0433902489040785,0.0511970257958096,0.0107102311954498));
#13696=CARTESIAN_POINT('',(0.0433902489040783,0.0511970257958096,0.0107102311954498));
#13697=CARTESIAN_POINT('',(0.0433902489040783,0.119824495983586,0.0107102311954498));
#13698=CARTESIAN_POINT('',(0.0536687050020395,0.119824495983586,0.0107102311954498));
#13699=CARTESIAN_POINT('',(0.048527465651591,0.128724738547646,0.0107102311954498));
#13700=CARTESIAN_POINT('',(0.0475270742890271,0.130456563342972,0.0107102311954498));
#13701=CARTESIAN_POINT('',(0.0492591768938126,0.131456473622193,0.0107102311954498));
#13702=CARTESIAN_POINT('',(0.0462810712811148,0.136615320967081,0.0107102311954498));
#13703=CARTESIAN_POINT('',(0.0390106325682596,0.149209596767801,0.0107102311954498));
#13704=CARTESIAN_POINT('',(0.0372785299634731,0.148209686488581,0.0107102311954498));
#13705=CARTESIAN_POINT('',(0.0362783437542735,0.149941629774872,0.0107102311954498));
#13706=CARTESIAN_POINT('',(0.0362783437542736,0.149941629774871,0.0107102311954498));
#13707=CARTESIAN_POINT('',(0.0270657747345343,0.144621429882774,0.0107102311954498));
#13708=CARTESIAN_POINT('',(-0.00562181209592152,0.200746550567707,0.0107102311954498));
#13709=CARTESIAN_POINT('',(0.00446597923929827,0.103607491715494,0.0107102311954498));
#13710=CARTESIAN_POINT('',(0.00446585309991619,0.107274617966537,0.0107102311954498));
#13711=CARTESIAN_POINT('',(0.0044658820280501,0.0999403665408179,0.0107102311954498));
#13712=CARTESIAN_POINT('',(0.00545001478555828,0.107268480088374,0.0107102311954498));
#13713=CARTESIAN_POINT('',(0.00544387728535422,0.108252530705917,0.0107102311954498));
#13714=CARTESIAN_POINT('',(0.0054458400976093,0.107276298953056,0.0107102311954498));
#13715=CARTESIAN_POINT('',(0.00642181199833773,0.107274615261346,0.0107102311954498));
#13716=CARTESIAN_POINT('',(0.00642177959457229,0.104096440906053,0.0107102311954498));
#13717=CARTESIAN_POINT('',(0.0064217795945723,0.100918263611831,0.0107102311954498));
#13718=CARTESIAN_POINT('',(0.00786534599478431,0.100918263611831,0.0107102311954498));
#13719=CARTESIAN_POINT('',(0.00930891239499632,0.100918263611831,0.0107102311954498));
#13720=CARTESIAN_POINT('',(0.0093089123949963,0.10409644063818,0.0107102311954498));
#13721=CARTESIAN_POINT('',(0.00930878625561427,0.107274617966537,0.0107102311954498));
#13722=CARTESIAN_POINT('',(0.0102929479412528,0.107268480088377,0.0107102311954498));
#13723=CARTESIAN_POINT('',(0.0102868087192549,0.108252857023615,0.0107102311954498));
#13724=CARTESIAN_POINT('',(0.0102887732533043,0.107276298953054,0.0107102311954498));
#13725=CARTESIAN_POINT('',(0.0112648099615183,0.107274615205447,0.0107102311954498));
#13726=CARTESIAN_POINT('',(0.0112647127502703,0.104096439464537,0.0107102311954498));
#13727=CARTESIAN_POINT('',(0.0112647127502703,0.100918263611831,0.0107102311954498));
#13728=CARTESIAN_POINT('',(0.0125918625948387,0.100918263611831,0.0107102311954498));
#13729=CARTESIAN_POINT('',(0.0139190124394063,0.100918263611831,0.0107102311954498));
#13730=CARTESIAN_POINT('',(0.0139190124394063,0.104096441748415,0.0107102311954498));
#13731=CARTESIAN_POINT('',(0.0139188863000243,0.107274617966537,0.0107102311954498));
#13732=CARTESIAN_POINT('',(0.0149030479856629,0.107268480088377,0.0107102311954498));
#13733=CARTESIAN_POINT('',(0.014896909140001,0.108252857029439,0.0107102311954498));
#13734=CARTESIAN_POINT('',(0.0148988732391378,0.107276299216009,0.0107102311954498));
#13735=CARTESIAN_POINT('',(0.0158749097065842,0.107274615205462,0.0107102311954498));
#13736=CARTESIAN_POINT('',(0.0158748125171184,0.103607490030853,0.0107102311954498));
#13737=CARTESIAN_POINT('',(0.0158749386493473,0.0999403637799909,0.0107102311954498));
#13738=CARTESIAN_POINT('',(0.0148907771922968,0.0999465013906398,0.0107102311954498));
#13739=CARTESIAN_POINT('',(0.0148969159414311,0.0989620876921759,0.0107102311954498));
#13740=CARTESIAN_POINT('',(0.0101703967291896,0.0989624661395896,0.0107102311954498));
#13741=CARTESIAN_POINT('',(0.00544387919391012,0.0989625031540896,0.0107102311954498));
#13742=CARTESIAN_POINT('',(0.00544191873626478,0.0999386827932111,0.0107102311954498));
#13743=CARTESIAN_POINT('',(-0.0446337845959217,0.13679651879581,0.0087122311954498));
#13744=CARTESIAN_POINT('',(-0.0248309705959216,0.13679651879581,0.00480728747029753));
#13745=CARTESIAN_POINT('',(-0.0268309705959216,0.13679651879581,0.00480728747029753));
#13746=CARTESIAN_POINT('',(-0.0268309705959216,0.13679651879581,0.0017102311954498));
#13747=CARTESIAN_POINT('',(-0.0268309705959216,0.13679651879581,-0.00138682507939792));
#13748=CARTESIAN_POINT('',(-0.0248309705959216,0.13679651879581,-0.00138682507939792));
#13749=CARTESIAN_POINT('',(-0.00562181209592156,0.13679651879581,0.0087122311954498));
#13750=CARTESIAN_POINT('',(-0.00562181209592156,0.13679651879581,0.0097102311954498));
#13751=CARTESIAN_POINT('',(-0.00562181209592156,0.13679651879581,-0.0054897688045502));
#13752=CARTESIAN_POINT('',(-0.0446337845959217,0.13679651879581,-0.0054897688045502));
#13753=CARTESIAN_POINT('',(-0.0732521900959217,0.13679651879581,-0.0054897688045502));
#13754=CARTESIAN_POINT('',(-0.0732521900959217,0.13679651879581,0.0087122311954498));
#13755=CARTESIAN_POINT('',(-0.0732521900959217,0.13679651879581,0.0097102311954498));
#13756=CARTESIAN_POINT('',(-0.0446337845959217,0.13679651879581,0.0097102311954498));
#13757=CARTESIAN_POINT('',(-0.00803097059592166,0.13679651879581,0.0017102311954498));
#13758=CARTESIAN_POINT('',(-0.00803097059592166,0.13679651879581,-0.00138682507939793));
#13759=CARTESIAN_POINT('',(-0.00803097059592166,0.13679651879581,-0.00138682507939792));
#13760=CARTESIAN_POINT('',(-0.00603097059592166,0.13679651879581,-0.00138682507939792));
#13761=CARTESIAN_POINT('',(-0.00603097059592166,0.13679651879581,0.0017102311954498));
#13762=CARTESIAN_POINT('',(-0.0185261049926281,0.0995024067115129,-0.0074897688045502));
#13763=CARTESIAN_POINT('',(-0.0516213965959217,0.0533527657958096,-0.0074897688045502));
#13764=CARTESIAN_POINT('',(-0.0732521900959217,0.0533527657958099,-0.0074897688045502));
#13765=CARTESIAN_POINT('',(-0.0299906030959217,0.0533527657958096,-0.0074897688045502));
#13766=CARTESIAN_POINT('',(-0.0299906030959217,0.0517748957958096,-0.0074897688045502));
#13767=CARTESIAN_POINT('',(-0.0299906030959215,0.0501970257958096,-0.0074897688045502));
#13768=CARTESIAN_POINT('',(-0.0289906030959215,0.0501970257958099,-0.0074897688045502));
#13769=CARTESIAN_POINT('',(-0.0289906030959216,0.0491970257958096,-0.0074897688045502));
#13770=CARTESIAN_POINT('',(-0.0182407290959216,0.0491970257958096,-0.0074897688045502));
#13771=CARTESIAN_POINT('',(-0.00749085509592167,0.0491970257958099,-0.0074897688045502));
#13772=CARTESIAN_POINT('',(-0.00749085509592155,0.0501970257958099,-0.0074897688045502));
#13773=CARTESIAN_POINT('',(-0.00649085509592166,0.0501970257958096,-0.0074897688045502));
#13774=CARTESIAN_POINT('',(-0.00649085509592166,0.0517748957958096,-0.0074897688045502));
#13775=CARTESIAN_POINT('',(-0.00649085509592166,0.0533527657958096,-0.0074897688045502));
#13776=CARTESIAN_POINT('',(0.0169496969040783,0.0533527657958096,-0.0074897688045502));
#13777=CARTESIAN_POINT('',(0.0403902489040784,0.0533527657958099,-0.0074897688045502));
#13778=CARTESIAN_POINT('',(0.0403902489040785,0.0553527657958099,-0.0074897688045502));
#13779=CARTESIAN_POINT('',(0.0423902489040783,0.0553527657958096,-0.0074897688045502));
#13780=CARTESIAN_POINT('',(0.0423902489040783,0.090843591253727,-0.0074897688045502));
#13781=CARTESIAN_POINT('',(0.0423902489040783,0.126334416711644,-0.0074897688045502));
#13782=CARTESIAN_POINT('',(0.0452087594371936,0.127962533828477,-0.0074897688045502));
#13783=CARTESIAN_POINT('',(0.0480272699703087,0.129590650945309,-0.0074897688045502));
#13784=CARTESIAN_POINT('',(0.0475270742890252,0.130456563342972,-0.0074897688045502));
#13785=CARTESIAN_POINT('',(0.048393125591419,0.130956518482582,-0.0074897688045502));
#13786=CARTESIAN_POINT('',(0.0432688534286427,0.139833080055387,-0.0074897688045502));
#13787=CARTESIAN_POINT('',(0.0381445812658666,0.148709641628191,-0.0074897688045502));
#13788=CARTESIAN_POINT('',(0.0372785299634731,0.148209686488581,-0.0074897688045502));
#13789=CARTESIAN_POINT('',(0.0367784368588734,0.149075658131726,-0.0074897688045502));
#13790=CARTESIAN_POINT('',(0.0321705608190404,0.146414639087267,-0.0074897688045502));
#13791=CARTESIAN_POINT('',(0.0275626847792072,0.143753620042808,-0.0074897688045502));
#13792=CARTESIAN_POINT('',(-0.0056218120959216,0.200746454105535,-0.0074897688045502));
#13793=CARTESIAN_POINT('',(-0.00562181209592156,0.13479651879581,-0.0074897688045502));
#13794=CARTESIAN_POINT('',(-0.0108185955959215,0.13479651879581,-0.0074897688045502));
#13795=CARTESIAN_POINT('',(-0.0160153790959216,0.13479651879581,-0.0074897688045502));
#13796=CARTESIAN_POINT('',(-0.0160153790959216,0.13379651879581,-0.0074897688045502));
#13797=CARTESIAN_POINT('',(-0.0170153790959216,0.13379651879581,-0.0074897688045502));
#13798=CARTESIAN_POINT('',(-0.0170153790959216,0.13354509879581,-0.0074897688045502));
#13799=CARTESIAN_POINT('',(-0.0170153790959216,0.13329367879581,-0.0074897688045502));
#13800=CARTESIAN_POINT('',(-0.0451337845959217,0.13329367879581,-0.0074897688045502));
#13801=CARTESIAN_POINT('',(-0.0732521900959217,0.13329367879581,-0.0074897688045502));
#13802=CARTESIAN_POINT('',(-0.0732521900959215,0.13129367879581,-0.0074897688045502));
#13803=CARTESIAN_POINT('',(-0.0752521900959215,0.13129367879581,-0.0074897688045502));
#13804=CARTESIAN_POINT('',(-0.0752521900959217,0.129260991936787,-0.0074897688045502));
#13805=CARTESIAN_POINT('',(-0.0752521900959217,0.127228305077765,-0.0074897688045502));
#13806=CARTESIAN_POINT('',(-0.0780499618104024,0.127720959513965,-0.0074897688045502));
#13807=CARTESIAN_POINT('',(-0.0808477335248832,0.128213613950165,-0.0074897688045502));
#13808=CARTESIAN_POINT('',(-0.0810211535753497,0.127228765999415,-0.0074897688045502));
#13809=CARTESIAN_POINT('',(-0.0820059736456656,0.127402344307688,-0.0074897688045502));
#13810=CARTESIAN_POINT('',(-0.0837850389951322,0.117308575794811,-0.0074897688045502));
#13811=CARTESIAN_POINT('',(-0.0855641043445987,0.107214807281935,-0.0074897688045502));
#13812=CARTESIAN_POINT('',(-0.0845792842742826,0.107041228973663,-0.0074897688045502));
#13813=CARTESIAN_POINT('',(-0.0847528337968474,0.106056403830189,-0.0074897688045502));
#13814=CARTESIAN_POINT('',(-0.0800025119463846,0.105219284576441,-0.0074897688045502));
#13815=CARTESIAN_POINT('',(-0.0752521900959217,0.104382165322694,-0.0074897688045502));
#13816=CARTESIAN_POINT('',(-0.0752521900959217,0.0798674655592516,-0.0074897688045502));
#13817=CARTESIAN_POINT('',(-0.0752521900959217,0.0553527657958096,-0.0074897688045502));
#13818=CARTESIAN_POINT('',(-0.0732521900959215,0.0553527657958099,-0.0074897688045502));
#13819=CARTESIAN_POINT('',(-0.0845792842742827,0.107041228973663,-0.0074897688045502));
#13820=CARTESIAN_POINT('',(-0.0848916734148992,0.10526854371541,-0.0074897688045502));
#13821=CARTESIAN_POINT('',(-0.0863519604008516,0.107353669928553,-0.0074897688045502));
#13822=CARTESIAN_POINT('',(-0.084572895051385,0.117447438441429,-0.0074897688045502));
#13823=CARTESIAN_POINT('',(-0.0827938297019185,0.127541206954306,-0.0074897688045502));
#13824=CARTESIAN_POINT('',(-0.0731943926212795,0.125849269412568,-0.0074897688045502));
#13825=CARTESIAN_POINT('',(-0.0732489304171901,0.13559651879581,-0.0074897688045502));
#13826=CARTESIAN_POINT('',(-0.0394353712565558,0.13559651879581,-0.0074897688045502));
#13827=CARTESIAN_POINT('',(-0.00562181209592157,0.13559651879581,-0.0074897688045502));
#13828=CARTESIAN_POINT('',(-0.00562181209592157,0.200746550567707,-0.0074897688045502));
#13829=CARTESIAN_POINT('',(0.02716451126148,0.144447495153046,-0.0074897688045502));
#13830=CARTESIAN_POINT('',(0.0317714368183367,0.147107965299644,-0.0074897688045502));
#13831=CARTESIAN_POINT('',(0.0363783623751935,0.149768435446242,-0.0074897688045502));
#13832=CARTESIAN_POINT('',(0.0372785299634731,0.148209686488581,-0.0074897688045502));
#13833=CARTESIAN_POINT('',(0.0388374223077809,0.149109605739879,-0.0074897688045502));
#13834=CARTESIAN_POINT('',(0.0439616944705574,0.140233044167075,-0.0074897688045502));
#13835=CARTESIAN_POINT('',(0.049085966633334,0.131356482594271,-0.0074897688045502));
#13836=CARTESIAN_POINT('',(0.0475270742890271,0.130456563342972,-0.0074897688045502));
#13837=CARTESIAN_POINT('',(0.0484274265153346,0.128897921027178,-0.0074897688045502));
#13838=CARTESIAN_POINT('',(0.0536687050020395,0.119824495983586,-0.0074897688045502));
#13839=CARTESIAN_POINT('',(0.0431902489040783,0.119824495983586,-0.0074897688045502));
#13840=CARTESIAN_POINT('',(0.0431902489040783,0.0855107608896976,-0.0074897688045502));
#13841=CARTESIAN_POINT('',(0.0431902489040785,0.0511970257958096,-0.0074897688045502));
#13842=CARTESIAN_POINT('',(0.0403902489040785,0.0511970257958099,-0.0074897688045502));
#13843=CARTESIAN_POINT('',(0.0403902489040784,0.0483970257958096,-0.0074897688045502));
#13844=CARTESIAN_POINT('',(-0.0290011738459216,0.0483970257958096,-0.0074897688045502));
#13845=CARTESIAN_POINT('',(-0.0732521900959217,0.0483970257958096,-0.0074897688045502));
#13846=CARTESIAN_POINT('',(-0.0732521900959216,0.0511970257958099,-0.0074897688045502));
#13847=CARTESIAN_POINT('',(-0.0760521900959216,0.0511970257958097,-0.0074897688045502));
#13848=CARTESIAN_POINT('',(-0.0760521900959217,0.0729660775145066,-0.0074897688045502));
#13849=CARTESIAN_POINT('',(-0.0760521900959217,0.0947351292332036,-0.0074897688045502));
#13850=CARTESIAN_POINT('',(-0.0867479106022596,0.0947351292332039,-0.0074897688045502));
#13851=CARTESIAN_POINT('',(-0.0165153790959218,0.13329509879581,0.0087102311954498));
#13852=CARTESIAN_POINT('',(-0.0165153790959218,0.13329509879581,0.0067102311954498));
#13853=CARTESIAN_POINT('',(-0.0165153790959218,0.112283891795809,0.0067102311954498));
#13854=CARTESIAN_POINT('',(-0.0165153790959218,0.13379651879581,0.0067102311954498));
#13855=CARTESIAN_POINT('',(-0.0165153790959218,0.13379651879581,0.0087102311954498));
#13856=CARTESIAN_POINT('',(-0.0165153790959218,0.13379651879581,0.0087102311954498));
#13857=CARTESIAN_POINT('',(-0.0165153790959218,0.13329509879581,0.0087102311954498));
#13858=CARTESIAN_POINT('',(-0.0165153790959218,0.112283891795809,0.0087102311954498));
#13859=CARTESIAN_POINT('',(-0.0165153790959218,0.112283891795809,0.0087102311954498));
#13860=CARTESIAN_POINT('',(0.0202351404040782,0.112283891795809,0.0087102311954498));
#13861=CARTESIAN_POINT('',(0.0202351404040782,0.112283891795809,0.0067102311954498));
#13862=CARTESIAN_POINT('',(-0.0100703760959218,0.112283891795809,0.0067102311954498));
#13863=CARTESIAN_POINT('',(0.0202351404040782,0.112283891795809,0.0087102311954498));
#13864=CARTESIAN_POINT('',(-0.0100703760959218,0.112283891795809,0.0087102311954498));
#13865=CARTESIAN_POINT('',(-0.0100703760959218,0.112283891795809,0.0067102311954498));
#13866=CARTESIAN_POINT('',(-0.0100703760959218,0.112283891795809,0.00737689786211647));
#13867=CARTESIAN_POINT('',(-0.0100703760959218,0.112283891795809,0.00804356452878313));
#13868=CARTESIAN_POINT('',(-0.0100703760959218,0.112283891795809,0.0087102311954498));
#13869=CARTESIAN_POINT('',(-0.0100703760959218,0.101485210566635,0.0087102311954498));
#13870=CARTESIAN_POINT('',(-0.0100703760959218,0.101485210566635,0.0067102311954498));
#13871=CARTESIAN_POINT('',(-0.0100703760959218,0.103675554795809,0.0067102311954498));
#13872=CARTESIAN_POINT('',(-0.0100703760959218,0.101485210566635,0.0087102311954498));
#13873=CARTESIAN_POINT('',(-0.0100703760959218,0.103675554795809,0.0087102311954498));
#13874=CARTESIAN_POINT('',(-0.0100703760959218,0.103675554795809,0.0067102311954498));
#13875=CARTESIAN_POINT('',(-0.0100703760959218,0.103675554795809,0.00737689786211647));
#13876=CARTESIAN_POINT('',(-0.0100703760959218,0.103675554795809,0.00804356452878313));
#13877=CARTESIAN_POINT('',(-0.0100703760959218,0.103675554795809,0.0087102311954498));
#13878=CARTESIAN_POINT('',(0.0118742689040782,0.103675554795809,0.0087102311954498));
#13879=CARTESIAN_POINT('',(0.0118742689040782,0.103675554795809,0.0067102311954498));
#13880=CARTESIAN_POINT('',(-0.0267921190959217,0.103675554795809,0.0067102311954498));
#13881=CARTESIAN_POINT('',(0.0118742689040782,0.103675554795809,0.0087102311954498));
#13882=CARTESIAN_POINT('',(-0.0267921190959217,0.103675554795809,0.0087102311954498));
#13883=CARTESIAN_POINT('',(-0.0267921190959218,0.103675554795809,0.0067102311954498));
#13884=CARTESIAN_POINT('',(-0.0267921190959218,0.103675554795809,0.00737689786211647));
#13885=CARTESIAN_POINT('',(-0.0267921190959218,0.103675554795809,0.00804356452878313));
#13886=CARTESIAN_POINT('',(-0.0267921190959218,0.103675554795809,0.0087102311954498));
#13887=CARTESIAN_POINT('',(-0.0264261849552212,0.108900385729703,0.0087102311954498));
#13888=CARTESIAN_POINT('',(-0.0264261849552212,0.108900385729703,0.0067102311954498));
#13889=CARTESIAN_POINT('',(-0.0261324210959217,0.11309476479581,0.0067102311954498));
#13890=CARTESIAN_POINT('',(-0.0264261849552212,0.108900385729703,0.0087102311954498));
#13891=CARTESIAN_POINT('',(-0.0261324210959217,0.11309476479581,0.0087102311954498));
#13892=CARTESIAN_POINT('',(-0.0261324210959217,0.11309476479581,0.0067102311954498));
#13893=CARTESIAN_POINT('',(-0.0261324210959217,0.11309476479581,0.00737689786211647));
#13894=CARTESIAN_POINT('',(-0.0261324210959217,0.11309476479581,0.00804356452878313));
#13895=CARTESIAN_POINT('',(-0.0261324210959217,0.11309476479581,0.0087102311954498));
#13896=CARTESIAN_POINT('',(0.0034472214101362,0.111025169924987,0.0087102311954498));
#13897=CARTESIAN_POINT('',(0.0034472214101362,0.111025169924987,0.0067102311954498));
#13898=CARTESIAN_POINT('',(-0.0442335320959217,0.11436124279581,0.0067102311954498));
#13899=CARTESIAN_POINT('',(0.0034472214101362,0.111025169924987,0.0087102311954498));
#13900=CARTESIAN_POINT('',(-0.0442335320959217,0.11436124279581,0.0087102311954498));
#13901=CARTESIAN_POINT('',(-0.0442335320959217,0.11436124279581,0.0067102311954498));
#13902=CARTESIAN_POINT('',(-0.0442335320959217,0.11436124279581,0.00737689786211647));
#13903=CARTESIAN_POINT('',(-0.0442335320959217,0.11436124279581,0.00804356452878313));
#13904=CARTESIAN_POINT('',(-0.0442335320959217,0.11436124279581,0.0087102311954498));
#13905=CARTESIAN_POINT('',(-0.0429735649355777,0.121510317034572,0.0087102311954498));
#13906=CARTESIAN_POINT('',(-0.0429735649355777,0.121510317034572,0.0067102311954498));
#13907=CARTESIAN_POINT('',(-0.0419933830959218,0.12707188479581,0.0067102311954498));
#13908=CARTESIAN_POINT('',(-0.0429735649355777,0.121510317034572,0.0087102311954498));
#13909=CARTESIAN_POINT('',(-0.0419933830959218,0.12707188479581,0.0087102311954498));
#13910=CARTESIAN_POINT('',(-0.0419933830959218,0.12707188479581,0.0067102311954498));
#13911=CARTESIAN_POINT('',(-0.0419933830959218,0.12707188479581,0.00737689786211647));
#13912=CARTESIAN_POINT('',(-0.0419933830959218,0.12707188479581,0.00804356452878313));
#13913=CARTESIAN_POINT('',(-0.0419933830959218,0.12707188479581,0.0087102311954498));
#13914=CARTESIAN_POINT('',(-0.0043491019938687,0.120433657700737,0.0087102311954498));
#13915=CARTESIAN_POINT('',(-0.0043491019938687,0.120433657700737,0.0067102311954498));
#13916=CARTESIAN_POINT('',(-0.0611986930959218,0.13045856679581,0.0067102311954498));
#13917=CARTESIAN_POINT('',(-0.0043491019938687,0.120433657700737,0.0087102311954498));
#13918=CARTESIAN_POINT('',(-0.0611986930959218,0.13045856679581,0.0087102311954498));
#13919=CARTESIAN_POINT('',(-0.0611986930959219,0.13045856679581,0.0067102311954498));
#13920=CARTESIAN_POINT('',(-0.0611986930959219,0.13045856679581,0.00737689786211647));
#13921=CARTESIAN_POINT('',(-0.0611986930959219,0.13045856679581,0.00804356452878313));
#13922=CARTESIAN_POINT('',(-0.0611986930959219,0.13045856679581,0.0087102311954498));
#13923=CARTESIAN_POINT('',(-0.0628409431403493,0.121134968167673,0.0087102311954498));
#13924=CARTESIAN_POINT('',(-0.0628409431403493,0.121134968167673,0.0067102311954498));
#13925=CARTESIAN_POINT('',(-0.0625216160959219,0.122947893795809,0.0067102311954498));
#13926=CARTESIAN_POINT('',(-0.0628409431403493,0.121134968167673,0.0087102311954498));
#13927=CARTESIAN_POINT('',(-0.0625216160959219,0.122947893795809,0.0087102311954498));
#13928=CARTESIAN_POINT('',(-0.0625216160959219,0.122947893795809,0.0067102311954498));
#13929=CARTESIAN_POINT('',(-0.0625216160959219,0.122947893795809,0.00737689786211647));
#13930=CARTESIAN_POINT('',(-0.0625216160959219,0.122947893795809,0.00804356452878313));
#13931=CARTESIAN_POINT('',(-0.0625216160959219,0.122947893795809,0.0087102311954498));
#13932=CARTESIAN_POINT('',(-0.014549624025817,0.114493462309627,0.0087102311954498));
#13933=CARTESIAN_POINT('',(-0.014549624025817,0.114493462309627,0.0067102311954498));
#13934=CARTESIAN_POINT('',(-0.0802770030959218,0.126077046795809,0.0067102311954498));
#13935=CARTESIAN_POINT('',(-0.014549624025817,0.114493462309627,0.0087102311954498));
#13936=CARTESIAN_POINT('',(-0.0802770030959218,0.126077046795809,0.0087102311954498));
#13937=CARTESIAN_POINT('',(-0.0802770030959219,0.126077046795809,0.0067102311954498));
#13938=CARTESIAN_POINT('',(-0.0802770030959219,0.126077046795809,0.00737689786211647));
#13939=CARTESIAN_POINT('',(-0.0802770030959219,0.126077046795809,0.00804356452878313));
#13940=CARTESIAN_POINT('',(-0.0802770030959219,0.126077046795809,0.0087102311954498));
#13941=CARTESIAN_POINT('',(-0.0822011085215561,0.115168149374551,0.0087102311954498));
#13942=CARTESIAN_POINT('',(-0.0822011085215561,0.115168149374551,0.0067102311954498));
#13943=CARTESIAN_POINT('',(-0.0834908230959218,0.107855990795809,0.0067102311954498));
#13944=CARTESIAN_POINT('',(-0.0822011085215561,0.115168149374551,0.0087102311954498));
#13945=CARTESIAN_POINT('',(-0.0834908230959218,0.107855990795809,0.0087102311954498));
#13946=CARTESIAN_POINT('',(-0.0834908230959217,0.107855990795809,0.0067102311954498));
#13947=CARTESIAN_POINT('',(-0.0834908230959217,0.107855990795809,0.00737689786211647));
#13948=CARTESIAN_POINT('',(-0.0834908230959217,0.107855990795809,0.00804356452878313));
#13949=CARTESIAN_POINT('',(-0.0834908230959217,0.107855990795809,0.0087102311954498));
#13950=CARTESIAN_POINT('',(-0.0088965218009554,0.0946966550289437,0.0087102311954498));
#13951=CARTESIAN_POINT('',(-0.0088965218009554,0.0946966550289437,0.0067102311954498));
#13952=CARTESIAN_POINT('',(-0.0657525493291568,0.104726524661918,0.0067102311954498));
#13953=CARTESIAN_POINT('',(-0.0088965218009554,0.0946966550289437,0.0087102311954498));
#13954=CARTESIAN_POINT('',(-0.0657525493291568,0.104726524661918,0.0087102311954498));
#13955=CARTESIAN_POINT('',(-0.0657525486945789,0.104726744932254,0.0067102311954498));
#13956=CARTESIAN_POINT('',(-0.0657525486945789,0.104726744932254,0.00737689786211647));
#13957=CARTESIAN_POINT('',(-0.0657525486945789,0.104726744932254,0.00804356452878313));
#13958=CARTESIAN_POINT('',(-0.0657525486945789,0.104726744932254,0.0087102311954498));
#13959=CARTESIAN_POINT('',(-0.0667572962033626,0.0989966825620349,0.0087102311954498));
#13960=CARTESIAN_POINT('',(-0.0667572962033626,0.0989966825620349,0.0067102311954498));
#13961=CARTESIAN_POINT('',(-0.0703074570959218,0.0787516907958093,0.0067102311954498));
#13962=CARTESIAN_POINT('',(-0.0667572962033626,0.0989966825620349,0.0087102311954498));
#13963=CARTESIAN_POINT('',(-0.0703074570959218,0.0787516907958094,0.0087102311954498));
#13964=CARTESIAN_POINT('',(-0.0703074570959217,0.0787516907958093,0.0067102311954498));
#13965=CARTESIAN_POINT('',(-0.0703074570959217,0.0787516907958093,0.00737689786211647));
#13966=CARTESIAN_POINT('',(-0.0703074570959217,0.0787516907958093,0.00804356452878313));
#13967=CARTESIAN_POINT('',(-0.0703074570959217,0.0787516907958093,0.0087102311954498));
#13968=CARTESIAN_POINT('',(-0.00248388687905179,0.0667956471221679,0.0087102311954498));
#13969=CARTESIAN_POINT('',(-0.00248388687905179,0.0667956471221679,0.0067102311954498));
#13970=CARTESIAN_POINT('',(-0.0483539960959218,0.0748817007958094,0.0067102311954498));
#13971=CARTESIAN_POINT('',(-0.00248388687905179,0.0667956471221679,0.0087102311954498));
#13972=CARTESIAN_POINT('',(-0.0483539960959218,0.0748817007958094,0.0087102311954498));
#13973=CARTESIAN_POINT('',(-0.0483539960959218,0.0748817007958093,0.0067102311954498));
#13974=CARTESIAN_POINT('',(-0.0483539960959218,0.0748817007958093,0.00737689786211647));
#13975=CARTESIAN_POINT('',(-0.0483539960959218,0.0748817007958093,0.00804356452878313));
#13976=CARTESIAN_POINT('',(-0.0483539960959218,0.0748817007958093,0.0087102311954498));
#13977=CARTESIAN_POINT('',(-0.0477127631234327,0.0840693362775269,0.0087102311954498));
#13978=CARTESIAN_POINT('',(-0.0477127631234327,0.0840693362775269,0.0067102311954498));
#13979=CARTESIAN_POINT('',(-0.0492465270959218,0.0620934477958093,0.0067102311954498));
#13980=CARTESIAN_POINT('',(-0.0477127631234327,0.0840693362775269,0.0087102311954498));
#13981=CARTESIAN_POINT('',(-0.0492465270959218,0.0620934477958093,0.0087102311954498));
#13982=CARTESIAN_POINT('',(-0.0492465270959218,0.0620934477958092,0.0067102311954498));
#13983=CARTESIAN_POINT('',(-0.0492465270959218,0.0620934477958092,0.00737689786211647));
#13984=CARTESIAN_POINT('',(-0.0492465270959218,0.0620934477958092,0.00804356452878313));
#13985=CARTESIAN_POINT('',(-0.0492465270959218,0.0620934477958092,0.0087102311954498));
#13986=CARTESIAN_POINT('',(0.00970389574628421,0.0579794875894413,0.0087102311954498));
#13987=CARTESIAN_POINT('',(0.00970389574628421,0.0579794875894413,0.0067102311954498));
#13988=CARTESIAN_POINT('',(-0.0280656530959218,0.0606153027958092,0.0067102311954498));
#13989=CARTESIAN_POINT('',(0.00970389574628421,0.0579794875894413,0.0087102311954498));
#13990=CARTESIAN_POINT('',(-0.0280656530959218,0.0606153027958092,0.0087102311954498));
#13991=CARTESIAN_POINT('',(-0.0280656530959218,0.0606153027958092,0.0067102311954498));
#13992=CARTESIAN_POINT('',(-0.0280656530959218,0.0606153027958092,0.00737689786211647));
#13993=CARTESIAN_POINT('',(-0.0280656530959218,0.0606153027958092,0.00804356452878313));
#13994=CARTESIAN_POINT('',(-0.0280656530959218,0.0606153027958092,0.0087102311954498));
#13995=CARTESIAN_POINT('',(-0.0280656530959218,0.0752472435666353,0.0087102311954498));
#13996=CARTESIAN_POINT('',(-0.0280656530959218,0.0752472435666353,0.0067102311954498));
#13997=CARTESIAN_POINT('',(-0.0280656530959218,0.0511996207958093,0.0067102311954498));
#13998=CARTESIAN_POINT('',(-0.0280656530959218,0.0752472435666353,0.0087102311954498));
#13999=CARTESIAN_POINT('',(-0.0280656530959218,0.0511996207958093,0.0087102311954498));
#14000=CARTESIAN_POINT('',(-0.0280656530959218,0.0511996207958093,0.0067102311954498));
#14001=CARTESIAN_POINT('',(-0.0280656530959218,0.0511996207958093,0.00737689786211647));
#14002=CARTESIAN_POINT('',(-0.0280656530959218,0.0511996207958093,0.00804356452878313));
#14003=CARTESIAN_POINT('',(-0.0280656530959218,0.0511996207958093,0.0087102311954498));
#14004=CARTESIAN_POINT('',(0.0209883244040782,0.0511996207958093,0.0087102311954498));
#14005=CARTESIAN_POINT('',(0.0209883244040782,0.0511996207958093,0.0067102311954498));
#14006=CARTESIAN_POINT('',(-0.0085640080959218,0.0511996207958093,0.0067102311954498));
#14007=CARTESIAN_POINT('',(0.0209883244040782,0.0511996207958093,0.0087102311954498));
#14008=CARTESIAN_POINT('',(-0.0085640080959218,0.0511996207958093,0.0087102311954498));
#14009=CARTESIAN_POINT('',(-0.0085640080959218,0.0511996207958093,0.0067102311954498));
#14010=CARTESIAN_POINT('',(-0.0085640080959218,0.0511996207958093,0.00737689786211647));
#14011=CARTESIAN_POINT('',(-0.0085640080959218,0.0511996207958093,0.00804356452878313));
#14012=CARTESIAN_POINT('',(-0.0085640080959218,0.0511996207958093,0.0087102311954498));
#14013=CARTESIAN_POINT('',(-0.0085640080959218,0.0794823600666353,0.0087102311954498));
#14014=CARTESIAN_POINT('',(-0.0085640080959218,0.0794823600666353,0.0067102311954498));
#14015=CARTESIAN_POINT('',(-0.0085640080959218,0.0596698537958093,0.0067102311954498));
#14016=CARTESIAN_POINT('',(-0.0085640080959218,0.0794823600666353,0.0087102311954498));
#14017=CARTESIAN_POINT('',(-0.0085640080959218,0.0596698537958093,0.0087102311954498));
#14018=CARTESIAN_POINT('',(-0.0085640080959218,0.0596698537958093,0.0067102311954498));
#14019=CARTESIAN_POINT('',(-0.0085640080959218,0.0596698537958093,0.00737689786211647));
#14020=CARTESIAN_POINT('',(-0.0085640080959218,0.0596698537958093,0.00804356452878313));
#14021=CARTESIAN_POINT('',(-0.0085640080959218,0.0596698537958093,0.0087102311954498));
#14022=CARTESIAN_POINT('',(0.0299841989040782,0.0596698537958093,0.0087102311954498));
#14023=CARTESIAN_POINT('',(0.0299841989040782,0.0596698537958093,0.0067102311954498));
#14024=CARTESIAN_POINT('',(0.00942774090407821,0.0596698537958093,0.0067102311954498));
#14025=CARTESIAN_POINT('',(0.0299841989040782,0.0596698537958093,0.0087102311954498));
#14026=CARTESIAN_POINT('',(0.00942774090407821,0.0596698537958093,0.0087102311954498));
#14027=CARTESIAN_POINT('',(0.0094277409040782,0.0596698537958093,0.0067102311954498));
#14028=CARTESIAN_POINT('',(0.0094277409040782,0.0596698537958093,0.00737689786211647));
#14029=CARTESIAN_POINT('',(0.0094277409040782,0.0596698537958093,0.00804356452878313));
#14030=CARTESIAN_POINT('',(0.0094277409040782,0.0596698537958093,0.0087102311954498));
#14031=CARTESIAN_POINT('',(0.00942774090407821,0.0808229215666353,0.0087102311954498));
#14032=CARTESIAN_POINT('',(0.00942774090407821,0.0808229215666353,0.0067102311954498));
#14033=CARTESIAN_POINT('',(0.00942774090407821,0.0623509767958093,0.0067102311954498));
#14034=CARTESIAN_POINT('',(0.00942774090407821,0.0808229215666353,0.0087102311954498));
#14035=CARTESIAN_POINT('',(0.00942774090407821,0.0623509767958093,0.0087102311954498));
#14036=CARTESIAN_POINT('',(0.00942774090407821,0.0623509767958093,0.0067102311954498));
#14037=CARTESIAN_POINT('',(0.00942774090407821,0.0623509767958093,0.00737689786211647));
#14038=CARTESIAN_POINT('',(0.00942774090407821,0.0623509767958093,0.00804356452878313));
#14039=CARTESIAN_POINT('',(0.00942774090407821,0.0623509767958093,0.0087102311954498));
#14040=CARTESIAN_POINT('',(0.0389800739040782,0.0623509767958093,0.0087102311954498));
#14041=CARTESIAN_POINT('',(0.0389800739040782,0.0623509767958093,0.0067102311954498));
#14042=CARTESIAN_POINT('',(0.0274194909040782,0.0623509767958093,0.0067102311954498));
#14043=CARTESIAN_POINT('',(0.0389800739040782,0.0623509767958093,0.0087102311954498));
#14044=CARTESIAN_POINT('',(0.0274194909040782,0.0623509767958093,0.0087102311954498));
#14045=CARTESIAN_POINT('',(0.0274194909040782,0.0623509767958093,0.0067102311954498));
#14046=CARTESIAN_POINT('',(0.0274194909040782,0.0623509767958093,0.00737689786211647));
#14047=CARTESIAN_POINT('',(0.0274194909040782,0.0623509767958093,0.00804356452878313));
#14048=CARTESIAN_POINT('',(0.0274194909040782,0.0623509767958093,0.0087102311954498));
#14049=CARTESIAN_POINT('',(0.0274194909040782,0.108781237802233,0.0087102311954498));
#14050=CARTESIAN_POINT('',(0.0274194909040782,0.108781237802233,0.0067102311954498));
#14051=CARTESIAN_POINT('',(0.0274194909040782,0.118267609267006,0.0067102311954498));
#14052=CARTESIAN_POINT('',(0.0274194909040782,0.108781237802233,0.0087102311954498));
#14053=CARTESIAN_POINT('',(0.0274194909040782,0.118267609267006,0.0087102311954498));
#14054=CARTESIAN_POINT('',(0.0274194909040782,0.118267609267006,0.0067102311954498));
#14055=CARTESIAN_POINT('',(0.0274194909040782,0.118267609267006,0.00737689786211647));
#14056=CARTESIAN_POINT('',(0.0274194909040782,0.118267609267006,0.00804356452878313));
#14057=CARTESIAN_POINT('',(0.0274194909040782,0.118267609267006,0.0087102311954498));
#14058=CARTESIAN_POINT('',(0.0425167724354562,0.126984028823178,0.0087102311954498));
#14059=CARTESIAN_POINT('',(0.0425167724354562,0.126984028823178,0.0067102311954498));
#14060=CARTESIAN_POINT('',(0.0418901461859259,0.126622601568049,0.0067102311954498));
#14061=CARTESIAN_POINT('',(0.0425167724354562,0.126984028823178,0.0087102311954498));
#14062=CARTESIAN_POINT('',(0.0418901461859259,0.126622601568049,0.0087102311954498));
#14063=CARTESIAN_POINT('',(0.0418903001861578,0.126622334901406,0.0067102311954498));
#14064=CARTESIAN_POINT('',(0.0418903001861578,0.126622334901406,0.00737689786211647));
#14065=CARTESIAN_POINT('',(0.0418903001861578,0.126622334901406,0.00804356452878313));
#14066=CARTESIAN_POINT('',(0.0418903001861578,0.126622334901406,0.0087102311954498));
#14067=CARTESIAN_POINT('',(0.0448337105168733,0.128323311836309,0.0087102311954498));
#14068=CARTESIAN_POINT('',(0.0448337105168733,0.128323311836309,0.0067102311954498));
#14069=CARTESIAN_POINT('',(0.0477771721296678,0.13002360714414,0.0067102311954498));
#14070=CARTESIAN_POINT('',(0.0448337105168733,0.128323311836309,0.0087102311954498));
#14071=CARTESIAN_POINT('',(0.0477771721296675,0.130023607144141,0.0087102311954498));
#14072=CARTESIAN_POINT('',(0.0477771721296678,0.13002360714414,0.0087102311954498));
#14073=CARTESIAN_POINT('',(0.0475270742890262,0.130456563342972,0.0087102311954498));
#14074=CARTESIAN_POINT('',(0.0475270742890262,0.130456563342972,0.0067102311954498));
#14075=CARTESIAN_POINT('',(0.0479600999402226,0.130706540912778,0.0067102311954498));
#14076=CARTESIAN_POINT('',(0.0475270742890262,0.130456563342972,0.0087102311954498));
#14077=CARTESIAN_POINT('',(0.0479600999402217,0.130706540912778,0.0087102311954498));
#14078=CARTESIAN_POINT('',(0.0479600999402226,0.130706540912778,0.0087102311954498));
#14079=CARTESIAN_POINT('',(0.0428358277774457,0.139583102485581,0.0087102311954498));
#14080=CARTESIAN_POINT('',(0.0428358277774457,0.139583102485581,0.0067102311954498));
#14081=CARTESIAN_POINT('',(0.0377115556146695,0.148459664058385,0.0067102311954498));
#14082=CARTESIAN_POINT('',(0.0428358277774457,0.139583102485581,0.0087102311954498));
#14083=CARTESIAN_POINT('',(0.0377115556146699,0.148459664058386,0.0087102311954498));
#14084=CARTESIAN_POINT('',(0.0377115556146695,0.148459664058385,0.0087102311954498));
#14085=CARTESIAN_POINT('',(0.0372785299634732,0.14820968648858,0.0087102311954498));
#14086=CARTESIAN_POINT('',(0.0372785299634732,0.14820968648858,0.0067102311954498));
#14087=CARTESIAN_POINT('',(0.0370284834111734,0.148642672310153,0.0067102311954498));
#14088=CARTESIAN_POINT('',(0.0372785299634732,0.14820968648858,0.0087102311954498));
#14089=CARTESIAN_POINT('',(0.0370284834111734,0.148642672310153,0.0087102311954498));
#14090=CARTESIAN_POINT('',(0.0370284834111734,0.148642672310153,0.0087102311954498));
#14091=CARTESIAN_POINT('',(0.0324206073713403,0.145981653265694,0.0087102311954498));
#14092=CARTESIAN_POINT('',(0.0324206073713403,0.145981653265694,0.0067102311954498));
#14093=CARTESIAN_POINT('',(0.0278127313315073,0.143320634221235,0.0067102311954498));
#14094=CARTESIAN_POINT('',(0.0324206073713403,0.145981653265694,0.0087102311954498));
#14095=CARTESIAN_POINT('',(0.0278127313315072,0.143320634221234,0.0087102311954498));
#14096=CARTESIAN_POINT('',(0.0278127313315073,0.143320634221235,0.0087102311954498));
#14097=CARTESIAN_POINT('',(0.0115667869554882,0.136588529581588,0.0087102311954498));
#14098=CARTESIAN_POINT('',(0.0115667869554882,0.136588529581588,0.0067102311954498));
#14099=CARTESIAN_POINT('',(0.0202120320752714,0.138903848639002,0.0087102311954498));
#14100=CARTESIAN_POINT('',(0.0202120320752714,0.138903848639002,0.0067102311954498));
#14101=CARTESIAN_POINT('',(0.0238545472919281,0.141034624198377,0.0087102311954498));
#14102=CARTESIAN_POINT('',(0.0238545472919281,0.141034624198377,0.0067102311954498));
#14103=CARTESIAN_POINT('',(0.0278127313315072,0.143320634221234,0.0087102311954498));
#14104=CARTESIAN_POINT('',(0.0278127313315072,0.143320634221234,0.0067102311954498));
#14105=CARTESIAN_POINT('',(0.0115667869554882,0.136588529581588,0.0067102311954498));
#14106=CARTESIAN_POINT('',(0.0126572303390812,0.136880565760098,0.0067102311954498));
#14107=CARTESIAN_POINT('',(0.0136691070718622,0.137170695387853,0.0067102311954498));
#14108=CARTESIAN_POINT('',(0.0146122870697552,0.137458946889651,0.0067102311954498));
#14109=CARTESIAN_POINT('',(0.0211468197129322,0.139456008799519,0.0067102311954498));
#14110=CARTESIAN_POINT('',(0.0243538015683772,0.141322963565244,0.0067102311954498));
#14111=CARTESIAN_POINT('',(0.0278127313315072,0.143320634221234,0.0067102311954498));
#14112=CARTESIAN_POINT('',(0.0115667869554882,0.136588529581588,0.0067102311954498));
#14113=CARTESIAN_POINT('',(0.0115667869554882,0.136588529581588,0.0087102311954498));
#14114=CARTESIAN_POINT('',(0.0126572303390812,0.136880565760098,0.0087102311954498));
#14115=CARTESIAN_POINT('',(0.0136691070718622,0.137170695387853,0.0087102311954498));
#14116=CARTESIAN_POINT('',(0.0146122870697552,0.137458946889651,0.0087102311954498));
#14117=CARTESIAN_POINT('',(0.0211468197129322,0.139456008799519,0.0087102311954498));
#14118=CARTESIAN_POINT('',(0.0243538015683772,0.141322963565244,0.0087102311954498));
#14119=CARTESIAN_POINT('',(0.0278127313315072,0.143320634221234,0.0087102311954498));
#14120=CARTESIAN_POINT('',(0.0115667869554882,0.136588529581588,0.0087102311954498));
#14121=CARTESIAN_POINT('',(0.0115667869554882,0.136588529581588,0.0087102311954498));
#14122=CARTESIAN_POINT('',(-0.0056218120959356,0.134296518795809,0.0087102311954498));
#14123=CARTESIAN_POINT('',(-0.0056218120959356,0.134296518795809,0.0067102311954498));
#14124=CARTESIAN_POINT('',(-0.0011767930959301,0.134296518795809,0.0087102311954498));
#14125=CARTESIAN_POINT('',(-0.0011767930959301,0.134296518795809,0.0067102311954498));
#14126=CARTESIAN_POINT('',(0.00291682895809464,0.134271947104377,0.0087102311954498));
#14127=CARTESIAN_POINT('',(0.00291682895809464,0.134271947104377,0.0067102311954498));
#14128=CARTESIAN_POINT('',(0.0115667869554882,0.136588529581588,0.0087102311954498));
#14129=CARTESIAN_POINT('',(0.0115667869554882,0.136588529581588,0.0067102311954498));
#14130=CARTESIAN_POINT('',(-0.0056218120959356,0.134296518795809,0.0067102311954498));
#14131=CARTESIAN_POINT('',(-0.0045640905470578,0.134296518795809,0.0067102311954498));
#14132=CARTESIAN_POINT('',(-0.0035271749189983,0.134296731213343,0.0067102311954498));
#14133=CARTESIAN_POINT('',(-0.0024462181494328,0.134327508290728,0.0067102311954498));
#14134=CARTESIAN_POINT('',(0.0010154888699742,0.134426070257146,0.0067102311954498));
#14135=CARTESIAN_POINT('',(0.0049751434379022,0.134823193163369,0.0067102311954498));
#14136=CARTESIAN_POINT('',(0.0115667869554882,0.136588529581588,0.0067102311954498));
#14137=CARTESIAN_POINT('',(-0.0056218120959356,0.134296518795809,0.0067102311954498));
#14138=CARTESIAN_POINT('',(-0.0056218120959356,0.134296518795809,0.0087102311954498));
#14139=CARTESIAN_POINT('',(-0.0045640905470578,0.134296518795809,0.0087102311954498));
#14140=CARTESIAN_POINT('',(-0.0035271749189983,0.134296731213343,0.0087102311954498));
#14141=CARTESIAN_POINT('',(-0.0024462181494328,0.134327508290728,0.0087102311954498));
#14142=CARTESIAN_POINT('',(0.0010154888699742,0.134426070257146,0.0087102311954498));
#14143=CARTESIAN_POINT('',(0.0049751434379022,0.134823193163369,0.0087102311954498));
#14144=CARTESIAN_POINT('',(0.0115667869554882,0.136588529581588,0.0087102311954498));
#14145=CARTESIAN_POINT('',(-0.0056218120959356,0.134296518795809,0.0087102311954498));
#14146=CARTESIAN_POINT('',(-0.0056218120959356,0.134296518795809,0.0087102311954498));
#14147=CARTESIAN_POINT('',(-0.0108185955959215,0.134296518795809,0.0087102311954498));
#14148=CARTESIAN_POINT('',(-0.0108185955959215,0.134296518795809,0.0067102311954498));
#14149=CARTESIAN_POINT('',(-0.0160153790959216,0.134296518795809,0.0067102311954498));
#14150=CARTESIAN_POINT('',(-0.0108185955959215,0.134296518795809,0.0087102311954498));
#14151=CARTESIAN_POINT('',(-0.0160153790959216,0.134296518795809,0.0087102311954498));
#14152=CARTESIAN_POINT('',(-0.0160153790959216,0.134296518795809,0.0087102311954498));
#14153=CARTESIAN_POINT('',(-0.0160153790959218,0.133796518795809,0.0087102311954498));
#14154=CARTESIAN_POINT('',(-0.0160153790959218,0.133796518795809,0.0067102311954498));
#14155=CARTESIAN_POINT('',(-0.0160153790959218,0.133796518795809,0.0087102311954498));
#14156=CARTESIAN_POINT('',(-0.0185261049926281,0.0995024067115129,0.0067102311954498));
#14157=CARTESIAN_POINT('',(-0.0732521900959215,0.0553527657958099,0.0067102311954498));
#14158=CARTESIAN_POINT('',(-0.0732521900959217,0.0533527657958099,0.0067102311954498));
#14159=CARTESIAN_POINT('',(-0.0752521900959217,0.0553527657958096,0.0067102311954498));
#14160=CARTESIAN_POINT('',(-0.0752521900959217,0.0798674655592516,0.0067102311954498));
#14161=CARTESIAN_POINT('',(-0.0752521900959217,0.104382165322694,0.0067102311954498));
#14162=CARTESIAN_POINT('',(-0.0800025119463846,0.105219284576441,0.0067102311954498));
#14163=CARTESIAN_POINT('',(-0.0847528337968474,0.106056403830189,0.0067102311954498));
#14164=CARTESIAN_POINT('',(-0.0845792842742826,0.107041228973663,0.0067102311954498));
#14165=CARTESIAN_POINT('',(-0.0855641043445987,0.107214807281935,0.0067102311954498));
#14166=CARTESIAN_POINT('',(-0.0837850389951322,0.117308575794811,0.0067102311954498));
#14167=CARTESIAN_POINT('',(-0.0820059736456657,0.127402344307688,0.0067102311954498));
#14168=CARTESIAN_POINT('',(-0.0810211535753497,0.127228765999415,0.0067102311954498));
#14169=CARTESIAN_POINT('',(-0.0808477335248831,0.128213613950165,0.0067102311954498));
#14170=CARTESIAN_POINT('',(-0.0780499618104024,0.127720959513965,0.0067102311954498));
#14171=CARTESIAN_POINT('',(-0.0752521900959217,0.127228305077765,0.0067102311954498));
#14172=CARTESIAN_POINT('',(-0.0752521900959217,0.129260991936787,0.0067102311954498));
#14173=CARTESIAN_POINT('',(-0.0752521900959217,0.13129367879581,0.0067102311954498));
#14174=CARTESIAN_POINT('',(-0.0732521900959215,0.13129367879581,0.0067102311954498));
#14175=CARTESIAN_POINT('',(-0.0732521900959217,0.13329367879581,0.0067102311954498));
#14176=CARTESIAN_POINT('',(-0.0451337845959217,0.13329367879581,0.0067102311954498));
#14177=CARTESIAN_POINT('',(-0.0170153790959216,0.13329367879581,0.0067102311954498));
#14178=CARTESIAN_POINT('',(-0.0170153790959216,0.13354509879581,0.0067102311954498));
#14179=CARTESIAN_POINT('',(-0.0170153790959216,0.13379651879581,0.0067102311954498));
#14180=CARTESIAN_POINT('',(-0.0160153790959216,0.13379651879581,0.0067102311954498));
#14181=CARTESIAN_POINT('',(-0.0160153790959216,0.13479651879581,0.0067102311954498));
#14182=CARTESIAN_POINT('',(-0.0108185955959215,0.13479651879581,0.0067102311954498));
#14183=CARTESIAN_POINT('',(-0.00562181209592156,0.13479651879581,0.0067102311954498));
#14184=CARTESIAN_POINT('',(-0.0056218120959216,0.200746454105535,0.0067102311954498));
#14185=CARTESIAN_POINT('',(0.0275626847792072,0.143753620042808,0.0067102311954498));
#14186=CARTESIAN_POINT('',(0.0321705608190404,0.146414639087267,0.0067102311954498));
#14187=CARTESIAN_POINT('',(0.0367784368588734,0.149075658131726,0.0067102311954498));
#14188=CARTESIAN_POINT('',(0.0372785299634731,0.148209686488581,0.0067102311954498));
#14189=CARTESIAN_POINT('',(0.0381445812658666,0.148709641628191,0.0067102311954498));
#14190=CARTESIAN_POINT('',(0.0432688534286427,0.139833080055387,0.0067102311954498));
#14191=CARTESIAN_POINT('',(0.048393125591419,0.130956518482582,0.0067102311954498));
#14192=CARTESIAN_POINT('',(0.0475270742890252,0.130456563342972,0.0067102311954498));
#14193=CARTESIAN_POINT('',(0.0480272699703087,0.129590650945309,0.0067102311954498));
#14194=CARTESIAN_POINT('',(0.0452087594371936,0.127962533828477,0.0067102311954498));
#14195=CARTESIAN_POINT('',(0.0423902489040783,0.126334416711644,0.0067102311954498));
#14196=CARTESIAN_POINT('',(0.0423902489040783,0.090843591253727,0.0067102311954498));
#14197=CARTESIAN_POINT('',(0.0423902489040783,0.0553527657958096,0.0067102311954498));
#14198=CARTESIAN_POINT('',(0.0403902489040785,0.0553527657958099,0.0067102311954498));
#14199=CARTESIAN_POINT('',(0.0403902489040784,0.0533527657958099,0.0067102311954498));
#14200=CARTESIAN_POINT('',(0.0169496969040783,0.0533527657958096,0.0067102311954498));
#14201=CARTESIAN_POINT('',(-0.00649085509592166,0.0533527657958096,0.0067102311954498));
#14202=CARTESIAN_POINT('',(-0.00649085509592166,0.0517748957958096,0.0067102311954498));
#14203=CARTESIAN_POINT('',(-0.00649085509592166,0.0501970257958096,0.0067102311954498));
#14204=CARTESIAN_POINT('',(-0.00749085509592155,0.0501970257958099,0.0067102311954498));
#14205=CARTESIAN_POINT('',(-0.00749085509592167,0.0491970257958099,0.0067102311954498));
#14206=CARTESIAN_POINT('',(-0.0182407290959216,0.0491970257958096,0.0067102311954498));
#14207=CARTESIAN_POINT('',(-0.0289906030959216,0.0491970257958096,0.0067102311954498));
#14208=CARTESIAN_POINT('',(-0.0289906030959215,0.0501970257958099,0.0067102311954498));
#14209=CARTESIAN_POINT('',(-0.0299906030959215,0.0501970257958096,0.0067102311954498));
#14210=CARTESIAN_POINT('',(-0.0299906030959217,0.0517748957958096,0.0067102311954498));
#14211=CARTESIAN_POINT('',(-0.0299906030959217,0.0533527657958096,0.0067102311954498));
#14212=CARTESIAN_POINT('',(-0.0516213965959217,0.0533527657958096,0.0067102311954498));
#14213=CARTESIAN_POINT('',(-0.0185261049926282,0.0992033561421953,0.0087102311954498));
#14214=CARTESIAN_POINT('',(-0.0516213965959217,0.0533527657958096,-0.0074897688045502));
#14215=CARTESIAN_POINT('',(-0.0299906030959217,0.0533527657958096,-0.0074897688045502));
#14216=CARTESIAN_POINT('',(-0.0732521900959217,0.0533527657958099,-0.0074897688045502));
#14217=CARTESIAN_POINT('',(-0.0299906030959217,0.0517748957958096,-0.0074897688045502));
#14218=CARTESIAN_POINT('',(-0.0299906030959215,0.0501970257958096,-0.0074897688045502));
#14219=CARTESIAN_POINT('',(-0.0289906030959215,0.0501970257958099,-0.0074897688045502));
#14220=CARTESIAN_POINT('',(-0.0289906030959216,0.0491970257958096,-0.0074897688045502));
#14221=CARTESIAN_POINT('',(-0.0182407290959216,0.0491970257958096,-0.0074897688045502));
#14222=CARTESIAN_POINT('',(-0.00749085509592167,0.0491970257958099,-0.0074897688045502));
#14223=CARTESIAN_POINT('',(-0.00749085509592155,0.0501970257958099,-0.0074897688045502));
#14224=CARTESIAN_POINT('',(-0.00649085509592166,0.0501970257958096,-0.0074897688045502));
#14225=CARTESIAN_POINT('',(-0.00649085509592166,0.0517748957958096,-0.0074897688045502));
#14226=CARTESIAN_POINT('',(-0.00649085509592166,0.0533527657958096,-0.0074897688045502));
#14227=CARTESIAN_POINT('',(0.0169496969040783,0.0533527657958096,-0.0074897688045502));
#14228=CARTESIAN_POINT('',(0.0403902489040784,0.0533527657958099,-0.0074897688045502));
#14229=CARTESIAN_POINT('',(0.0403902489040785,0.0553527657958099,-0.0074897688045502));
#14230=CARTESIAN_POINT('',(0.0423902489040783,0.0553527657958096,-0.0074897688045502));
#14231=CARTESIAN_POINT('',(0.0423902489040783,0.090843591253727,-0.0074897688045502));
#14232=CARTESIAN_POINT('',(0.0423902489040783,0.126334416711644,-0.0074897688045502));
#14233=CARTESIAN_POINT('',(0.0452087594371936,0.127962533828477,-0.0074897688045502));
#14234=CARTESIAN_POINT('',(0.0480272699703087,0.129590650945309,-0.0074897688045502));
#14235=CARTESIAN_POINT('',(0.0475270742890252,0.130456563342972,-0.0074897688045502));
#14236=CARTESIAN_POINT('',(0.048393125591419,0.130956518482582,-0.0074897688045502));
#14237=CARTESIAN_POINT('',(0.0432688534286427,0.139833080055387,-0.0074897688045502));
#14238=CARTESIAN_POINT('',(0.0381445812658666,0.148709641628191,-0.0074897688045502));
#14239=CARTESIAN_POINT('',(0.0372785299634731,0.148209686488581,-0.0074897688045502));
#14240=CARTESIAN_POINT('',(0.0367784368588734,0.149075658131726,-0.0074897688045502));
#14241=CARTESIAN_POINT('',(0.0321705608190404,0.146414639087267,-0.0074897688045502));
#14242=CARTESIAN_POINT('',(0.0275626847792072,0.143753620042808,-0.0074897688045502));
#14243=CARTESIAN_POINT('',(-0.0056218120959216,0.200746454105535,-0.0074897688045502));
#14244=CARTESIAN_POINT('',(-0.00562181209592156,0.13479651879581,-0.0074897688045502));
#14245=CARTESIAN_POINT('',(-0.0108185955959215,0.13479651879581,-0.0074897688045502));
#14246=CARTESIAN_POINT('',(-0.0160153790959216,0.13479651879581,-0.0074897688045502));
#14247=CARTESIAN_POINT('',(-0.0160153790959216,0.13379651879581,-0.0074897688045502));
#14248=CARTESIAN_POINT('',(-0.0170153790959216,0.13379651879581,-0.0074897688045502));
#14249=CARTESIAN_POINT('',(-0.0170153790959216,0.13354509879581,-0.0074897688045502));
#14250=CARTESIAN_POINT('',(-0.0170153790959216,0.13329367879581,-0.0074897688045502));
#14251=CARTESIAN_POINT('',(-0.0451337845959217,0.13329367879581,-0.0074897688045502));
#14252=CARTESIAN_POINT('',(-0.0732521900959217,0.13329367879581,-0.0074897688045502));
#14253=CARTESIAN_POINT('',(-0.0732521900959215,0.13129367879581,-0.0074897688045502));
#14254=CARTESIAN_POINT('',(-0.0752521900959215,0.13129367879581,-0.0074897688045502));
#14255=CARTESIAN_POINT('',(-0.0752521900959217,0.129260991936787,-0.0074897688045502));
#14256=CARTESIAN_POINT('',(-0.0752521900959217,0.127228305077765,-0.0074897688045502));
#14257=CARTESIAN_POINT('',(-0.0780499618104024,0.127720959513965,-0.0074897688045502));
#14258=CARTESIAN_POINT('',(-0.0808477335248832,0.128213613950165,-0.0074897688045502));
#14259=CARTESIAN_POINT('',(-0.0810211535753497,0.127228765999415,-0.0074897688045502));
#14260=CARTESIAN_POINT('',(-0.0820059736456656,0.127402344307688,-0.0074897688045502));
#14261=CARTESIAN_POINT('',(-0.0837850389951322,0.117308575794811,-0.0074897688045502));
#14262=CARTESIAN_POINT('',(-0.0855641043445987,0.107214807281935,-0.0074897688045502));
#14263=CARTESIAN_POINT('',(-0.0845792842742826,0.107041228973663,-0.0074897688045502));
#14264=CARTESIAN_POINT('',(-0.0847528337968474,0.106056403830189,-0.0074897688045502));
#14265=CARTESIAN_POINT('',(-0.0800025119463846,0.105219284576441,-0.0074897688045502));
#14266=CARTESIAN_POINT('',(-0.0752521900959217,0.104382165322694,-0.0074897688045502));
#14267=CARTESIAN_POINT('',(-0.0752521900959217,0.0798674655592516,-0.0074897688045502));
#14268=CARTESIAN_POINT('',(-0.0752521900959217,0.0553527657958096,-0.0074897688045502));
#14269=CARTESIAN_POINT('',(-0.0732521900959215,0.0553527657958099,-0.0074897688045502));
#14270=CARTESIAN_POINT('',(-0.0164309705959216,0.0471970257958096,-0.0054897688045502));
#14271=CARTESIAN_POINT('',(-0.0164309705959216,0.0471970257958096,-0.0054897688045502));
#14272=CARTESIAN_POINT('',(0.0152498424040784,0.0471970257958096,-0.0054897688045502));
#14273=CARTESIAN_POINT('',(0.0192498424040784,0.0471970257958096,-0.0054897688045502));
#14274=CARTESIAN_POINT('',(0.0192498424040784,0.0471970257958099,-0.00286489507039715));
#14275=CARTESIAN_POINT('',(0.0192498424040784,0.0471970257958096,-0.0074897688045502));
#14276=CARTESIAN_POINT('',(-0.0164309705959216,0.0471970257958096,-0.0074897688045502));
#14277=CARTESIAN_POINT('',(0.0152498424040784,0.0471970257958096,-0.0074897688045502));
#14278=CARTESIAN_POINT('',(0.0152498424040784,0.0471970257958099,-0.00286489507039715));
#14279=CARTESIAN_POINT('',(-0.0164309705959216,0.0471970257958096,-0.0054897688045502));
#14280=CARTESIAN_POINT('',(-0.0164309705959216,0.0471970257958096,-0.0054897688045502));
#14281=CARTESIAN_POINT('',(0.0236498424040783,0.0471970257958096,-0.0054897688045502));
#14282=CARTESIAN_POINT('',(0.0276498424040783,0.0471970257958096,-0.0054897688045502));
#14283=CARTESIAN_POINT('',(0.0276498424040783,0.0471970257958099,-0.00286489507039715));
#14284=CARTESIAN_POINT('',(0.0276498424040783,0.0471970257958096,-0.0074897688045502));
#14285=CARTESIAN_POINT('',(-0.0164309705959216,0.0471970257958096,-0.0074897688045502));
#14286=CARTESIAN_POINT('',(0.0236498424040783,0.0471970257958096,-0.0074897688045502));
#14287=CARTESIAN_POINT('',(0.0236498424040783,0.0471970257958099,-0.00286489507039715));
#14288=CARTESIAN_POINT('',(-0.0845792842742827,0.107041228973663,-0.0054897688045502));
#14289=CARTESIAN_POINT('',(-0.0848916734148992,0.10526854371541,-0.0054897688045502));
#14290=CARTESIAN_POINT('',(-0.0848916734148992,0.10526854371541,-0.0054897688045502));
#14291=CARTESIAN_POINT('',(-0.0845792842742827,0.107041228973663,-0.0054897688045502));
#14292=CARTESIAN_POINT('',(-0.0863519604008516,0.107353669928553,-0.0054897688045502));
#14293=CARTESIAN_POINT('',(-0.0863519604008516,0.107353669928553,-0.0054897688045502));
#14294=CARTESIAN_POINT('',(-0.0867479106022596,0.0947351292332039,-0.0054897688045502));
#14295=CARTESIAN_POINT('',(-0.0760521900959217,0.0947351292332036,-0.0054897688045502));
#14296=CARTESIAN_POINT('',(-0.0760521900959217,0.0947351292332036,-0.0054897688045502));
#14297=CARTESIAN_POINT('',(-0.0867479106022596,0.0947351292332039,-0.0054897688045502));
#14298=CARTESIAN_POINT('',(-0.0760521900959217,0.0729660775145066,-0.0054897688045502));
#14299=CARTESIAN_POINT('',(-0.0760521900959216,0.0511970257958097,-0.0054897688045502));
#14300=CARTESIAN_POINT('',(-0.0760521900959216,0.0511970257958097,-0.0054897688045502));
#14301=CARTESIAN_POINT('',(-0.0760521900959217,0.0729660775145066,-0.0054897688045502));
#14302=CARTESIAN_POINT('',(-0.0732521900959216,0.0511970257958099,-0.0054897688045502));
#14303=CARTESIAN_POINT('',(-0.0732521900959217,0.0483970257958096,-0.0054897688045502));
#14304=CARTESIAN_POINT('',(-0.0732521900959217,0.0483970257958096,-0.0054897688045502));
#14305=CARTESIAN_POINT('',(-0.0732521900959216,0.0511970257958099,-0.0054897688045502));
#14306=CARTESIAN_POINT('',(-0.0290011738459216,0.0483970257958096,-0.0054897688045502));
#14307=CARTESIAN_POINT('',(0.0403902489040784,0.0483970257958096,-0.0054897688045502));
#14308=CARTESIAN_POINT('',(0.0403902489040784,0.0483970257958096,-0.0054897688045502));
#14309=CARTESIAN_POINT('',(-0.0290011738459216,0.0483970257958096,-0.0054897688045502));
#14310=CARTESIAN_POINT('',(0.0403902489040785,0.0511970257958099,-0.0054897688045502));
#14311=CARTESIAN_POINT('',(0.0431902489040785,0.0511970257958096,-0.0054897688045502));
#14312=CARTESIAN_POINT('',(0.0431902489040785,0.0511970257958096,-0.0054897688045502));
#14313=CARTESIAN_POINT('',(0.0403902489040785,0.0511970257958099,-0.0054897688045502));
#14314=CARTESIAN_POINT('',(0.0431902489040783,0.0855107608896976,-0.0054897688045502));
#14315=CARTESIAN_POINT('',(0.0431902489040783,0.119824495983586,-0.0054897688045502));
#14316=CARTESIAN_POINT('',(0.0431902489040783,0.119824495983586,-0.0054897688045502));
#14317=CARTESIAN_POINT('',(0.0431902489040783,0.0855107608896976,-0.0054897688045502));
#14318=CARTESIAN_POINT('',(0.0536687050020395,0.119824495983586,-0.0054897688045502));
#14319=CARTESIAN_POINT('',(0.0484274265153346,0.128897921027178,-0.0054897688045502));
#14320=CARTESIAN_POINT('',(0.0484274265153346,0.128897921027178,-0.0054897688045502));
#14321=CARTESIAN_POINT('',(0.0536687050020395,0.119824495983586,-0.0054897688045502));
#14322=CARTESIAN_POINT('',(0.0475270742890271,0.130456563342972,-0.0054897688045502));
#14323=CARTESIAN_POINT('',(0.049085966633334,0.131356482594271,-0.0054897688045502));
#14324=CARTESIAN_POINT('',(0.049085966633334,0.131356482594271,-0.0054897688045502));
#14325=CARTESIAN_POINT('',(0.0475270742890271,0.130456563342972,-0.0054897688045502));
#14326=CARTESIAN_POINT('',(0.0439616944705574,0.140233044167075,-0.0054897688045502));
#14327=CARTESIAN_POINT('',(0.0388374223077809,0.149109605739879,-0.0054897688045502));
#14328=CARTESIAN_POINT('',(0.0388374223077809,0.149109605739879,-0.0054897688045502));
#14329=CARTESIAN_POINT('',(0.0439616944705574,0.140233044167075,-0.0054897688045502));
#14330=CARTESIAN_POINT('',(0.0372785299634731,0.148209686488581,-0.0054897688045502));
#14331=CARTESIAN_POINT('',(0.0363783623751935,0.149768435446242,-0.0054897688045502));
#14332=CARTESIAN_POINT('',(0.0363783623751935,0.149768435446242,-0.0054897688045502));
#14333=CARTESIAN_POINT('',(0.0372785299634731,0.148209686488581,-0.0054897688045502));
#14334=CARTESIAN_POINT('',(0.0317714368183367,0.147107965299644,-0.0054897688045502));
#14335=CARTESIAN_POINT('',(0.02716451126148,0.144447495153046,-0.0054897688045502));
#14336=CARTESIAN_POINT('',(0.02716451126148,0.144447495153046,-0.0054897688045502));
#14337=CARTESIAN_POINT('',(0.0317714368183367,0.147107965299644,-0.0054897688045502));
#14338=CARTESIAN_POINT('',(-0.00562181209592157,0.200746550567707,-0.0054897688045502));
#14339=CARTESIAN_POINT('',(-0.00562181209592157,0.13559651879581,-0.0054897688045502));
#14340=CARTESIAN_POINT('',(-0.00562181209592157,0.13559651879581,-0.0054897688045502));
#14341=CARTESIAN_POINT('',(-0.00562181209592157,0.200746550567707,-0.0054897688045502));
#14342=CARTESIAN_POINT('',(-0.0394353712565558,0.13559651879581,-0.0054897688045502));
#14343=CARTESIAN_POINT('',(-0.0732489304171901,0.13559651879581,-0.0054897688045502));
#14344=CARTESIAN_POINT('',(-0.0732489304171901,0.13559651879581,-0.0054897688045502));
#14345=CARTESIAN_POINT('',(-0.0394353712565558,0.13559651879581,-0.0054897688045502));
#14346=CARTESIAN_POINT('',(-0.0731943926212795,0.125849269412568,-0.0054897688045502));
#14347=CARTESIAN_POINT('',(-0.0827938297019185,0.127541206954306,-0.0054897688045502));
#14348=CARTESIAN_POINT('',(-0.0827938297019185,0.127541206954306,-0.0054897688045502));
#14349=CARTESIAN_POINT('',(-0.0731943926212795,0.125849269412568,-0.0054897688045502));
#14350=CARTESIAN_POINT('',(-0.084572895051385,0.117447438441429,-0.0054897688045502));
#14351=CARTESIAN_POINT('',(-0.084572895051385,0.117447438441429,-0.0054897688045502));
#14352=CARTESIAN_POINT('',(-0.0185261049926282,0.0988033561421953,-0.0054897688045502));
#14353=CARTESIAN_POINT('',(-0.0164309705959216,0.0471970257958096,-0.0054897688045502));
#14354=CARTESIAN_POINT('',(-0.0732521900959217,0.0471970257958096,-0.0054897688045502));
#14355=CARTESIAN_POINT('',(-0.0605117835959217,0.0471970257958096,-0.0054897688045502));
#14356=CARTESIAN_POINT('',(-0.0732521900959216,0.0511970257958099,-0.0054897688045502));
#14357=CARTESIAN_POINT('',(-0.0772521900959216,0.0511970257958096,-0.0054897688045502));
#14358=CARTESIAN_POINT('',(-0.0772521900959217,0.0750439475145067,-0.0054897688045502));
#14359=CARTESIAN_POINT('',(-0.0772521900959216,0.0947351292332036,-0.0054897688045502));
#14360=CARTESIAN_POINT('',(-0.0867479106022596,0.0947351292332039,-0.0054897688045502));
#14361=CARTESIAN_POINT('',(-0.0850999328419768,0.104086753543242,-0.0054897688045502));
#14362=CARTESIAN_POINT('',(-0.0845792842742827,0.107041228973663,-0.0054897688045502));
#14363=CARTESIAN_POINT('',(-0.0875337444852308,0.10756196389848,-0.0054897688045502));
#14364=CARTESIAN_POINT('',(-0.0857546791357643,0.117655732411356,-0.0054897688045502));
#14365=CARTESIAN_POINT('',(-0.0839756137862977,0.127749500924233,-0.0054897688045502));
#14366=CARTESIAN_POINT('',(-0.0731943926212795,0.125849269412568,-0.0054897688045502));
#14367=CARTESIAN_POINT('',(-0.00562181209592152,0.200746550567707,-0.0054897688045502));
#14368=CARTESIAN_POINT('',(0.0265624985700074,0.145485563329099,-0.0054897688045502));
#14369=CARTESIAN_POINT('',(0.0311703746098407,0.148146582373558,-0.0054897688045502));
#14370=CARTESIAN_POINT('',(0.0357782506496738,0.150807601418016,-0.0054897688045502));
#14371=CARTESIAN_POINT('',(0.0372785299634731,0.148209686488581,-0.0054897688045502));
#14372=CARTESIAN_POINT('',(0.0398766838706533,0.149709551907411,-0.0054897688045502));
#14373=CARTESIAN_POINT('',(0.0450009560334295,0.140832990334607,-0.0054897688045502));
#14374=CARTESIAN_POINT('',(0.0501252281962058,0.131956428761803,-0.0054897688045502));
#14375=CARTESIAN_POINT('',(0.0475270742890271,0.130456563342972,-0.0054897688045502));
#14376=CARTESIAN_POINT('',(0.049027661332873,0.127858826149983,-0.0054897688045502));
#14377=CARTESIAN_POINT('',(0.0536687050020395,0.119824495983586,-0.0054897688045502));
#14378=CARTESIAN_POINT('',(0.0443902489040783,0.119824495983586,-0.0054897688045502));
#14379=CARTESIAN_POINT('',(0.0443902489040783,0.0875886308896976,-0.0054897688045502));
#14380=CARTESIAN_POINT('',(0.0443902489040783,0.0511970257958096,-0.0054897688045502));
#14381=CARTESIAN_POINT('',(0.0403902489040785,0.0511970257958099,-0.0054897688045502));
#14382=CARTESIAN_POINT('',(0.0403902489040784,0.0471970257958099,-0.0054897688045502));
#14383=CARTESIAN_POINT('',(-0.0164309705959216,0.0471970257958096,-0.0054897688045502));
#14384=CARTESIAN_POINT('',(-0.0164309705959216,0.0471970257958096,-0.0054897688045502));
#14385=CARTESIAN_POINT('',(-0.0164309705959216,0.0471970257958096,-0.0054897688045502));
#14386=CARTESIAN_POINT('',(-0.0481117835959217,0.0471970257958096,-0.0054897688045502));
#14387=CARTESIAN_POINT('',(-0.0164309705959216,0.0471970257958096,-0.0054897688045502));
#14388=CARTESIAN_POINT('',(-0.0521117835959217,0.0471970257958096,-0.0054897688045502));
#14389=CARTESIAN_POINT('',(-0.0164309705959216,0.0471970257958096,-0.0054897688045502));
#14390=CARTESIAN_POINT('',(-0.0565117835959217,0.0471970257958096,-0.0054897688045502));
#14391=CARTESIAN_POINT('',(-0.0164309705959216,0.0471970257958096,-0.0054897688045502));
#14392=CARTESIAN_POINT('',(0.0190498424040783,0.0428970257958096,-0.0074897688045502));
#14393=CARTESIAN_POINT('',(0.0173498424040783,0.0428970257958096,-0.0074897688045502));
#14394=CARTESIAN_POINT('',(0.0190498424040783,0.0428970257958096,-0.0074897688045502));
#14395=CARTESIAN_POINT('',(0.0190498424040783,0.0428970257958096,-0.0091897688045502));
#14396=CARTESIAN_POINT('',(0.0238498424040784,0.0428970257958096,-0.0074897688045502));
#14397=CARTESIAN_POINT('',(0.0255498424040784,0.0428970257958096,-0.0074897688045502));
#14398=CARTESIAN_POINT('',(0.0238498424040784,0.0428970257958096,-0.0074897688045502));
#14399=CARTESIAN_POINT('',(0.0238498424040784,0.0428970257958096,-0.0091897688045502));
#14400=CARTESIAN_POINT('',(-0.0845792842742827,0.107041228973663,0.0097102311954498));
#14401=CARTESIAN_POINT('',(-0.0849263833194121,0.105071578686716,0.0097102311954498));
#14402=CARTESIAN_POINT('',(-0.0850999328419768,0.104086753543242,0.0097102311954498));
#14403=CARTESIAN_POINT('',(-0.0865489244149148,0.107388385590207,0.0097102311954498));
#14404=CARTESIAN_POINT('',(-0.0875337444852308,0.10756196389848,0.0097102311954498));
#14405=CARTESIAN_POINT('',(-0.0845792842742827,0.107041228973663,0.0097102311954498));
#14406=CARTESIAN_POINT('',(-0.0847698590654482,0.117482154103084,0.0097102311954498));
#14407=CARTESIAN_POINT('',(-0.0829907937159817,0.12757592261596,0.0097102311954498));
#14408=CARTESIAN_POINT('',(-0.0839756137862977,0.127749500924233,0.0097102311954498));
#14409=CARTESIAN_POINT('',(-0.0857546791357643,0.117655732411356,0.0097102311954498));
#14410=CARTESIAN_POINT('',(-0.0731943926212795,0.125849269412568,0.0097102311954498));
#14411=CARTESIAN_POINT('',(-0.0732521900959217,0.13679651879581,0.0097102311954498));
#14412=CARTESIAN_POINT('',(-0.0732521900959217,0.13679651879581,0.0099744239087902));
#14413=CARTESIAN_POINT('',(-0.0732516249856108,0.136580547039846,0.0104921948301713));
#14414=CARTESIAN_POINT('',(-0.073250207454021,0.136057196541097,0.0107102311954498));
#14415=CARTESIAN_POINT('',(-0.0732494870916456,0.13579651879581,0.0107102311954498));
#14416=CARTESIAN_POINT('',(-0.0731943926212795,0.125849269412568,0.0097102311954498));
#14417=CARTESIAN_POINT('',(0.0372785299634731,0.148209686488581,0.0097102311954498));
#14418=CARTESIAN_POINT('',(0.0390106325682598,0.149209596767801,0.0097102311954498));
#14419=CARTESIAN_POINT('',(0.0398766838706533,0.149709551907411,0.0097102311954498));
#14420=CARTESIAN_POINT('',(0.0372785299634731,0.148209686488581,0.0097102311954498));
#14421=CARTESIAN_POINT('',(0.0357782506496738,0.150807601418016,0.0097102311954498));
#14422=CARTESIAN_POINT('',(0.0362783437542736,0.149941629774872,0.0097102311954498));
#14423=CARTESIAN_POINT('',(0.0441349047310361,0.140333035194997,0.0097102311954498));
#14424=CARTESIAN_POINT('',(0.0492591768938128,0.131456473622192,0.0097102311954498));
#14425=CARTESIAN_POINT('',(0.0501252281962058,0.131956428761803,0.0097102311954498));
#14426=CARTESIAN_POINT('',(0.0450009560334295,0.140832990334607,0.0097102311954498));
#14427=CARTESIAN_POINT('',(0.0475270742890271,0.130456563342972,0.0097102311954498));
#14428=CARTESIAN_POINT('',(0.0485274656515909,0.128724738547646,0.0097102311954498));
#14429=CARTESIAN_POINT('',(0.049027661332873,0.127858826149983,0.0097102311954498));
#14430=CARTESIAN_POINT('',(0.0475270742890271,0.130456563342972,0.0097102311954498));
#14431=CARTESIAN_POINT('',(0.0403902489040785,0.0511970257958099,0.0097102311954498));
#14432=CARTESIAN_POINT('',(0.0403902489040784,0.0481970257958096,0.0097102311954498));
#14433=CARTESIAN_POINT('',(0.0403902489040784,0.0471970257958099,0.0097102311954498));
#14434=CARTESIAN_POINT('',(0.0403902489040785,0.0511970257958099,0.0097102311954498));
#14435=CARTESIAN_POINT('',(0.0443902489040783,0.0511970257958096,0.0097102311954498));
#14436=CARTESIAN_POINT('',(0.0433902489040785,0.0511970257958097,0.0097102311954498));
#14437=CARTESIAN_POINT('',(0.0152498424040784,0.0428970257958096,-0.0074897688045502));
#14438=CARTESIAN_POINT('',(0.0135498424040783,0.0428970257958096,-0.0074897688045502));
#14439=CARTESIAN_POINT('',(0.0152498424040784,0.0428970257958096,-0.0074897688045502));
#14440=CARTESIAN_POINT('',(0.0152498424040784,0.0428970257958096,-0.0091897688045502));
#14441=CARTESIAN_POINT('',(0.0192498424040784,0.0428970257958095,-0.00748976880455019));
#14442=CARTESIAN_POINT('',(0.0152498424040784,0.0428970257958095,-0.00748976880455019));
#14443=CARTESIAN_POINT('',(0.0152498424040784,0.0404221520616567,-0.00501489507039728));
#14444=CARTESIAN_POINT('',(0.0152498424040784,0.0463970257958096,-0.0074897688045502));
#14445=CARTESIAN_POINT('',(0.0192498424040784,0.0463970257958096,-0.0074897688045502));
#14446=CARTESIAN_POINT('',(0.0192498424040784,0.0463970257958096,-0.0074897688045502));
#14447=CARTESIAN_POINT('',(0.0192498424040784,0.0428970257958095,-0.00748976880455019));
#14448=CARTESIAN_POINT('',(0.0192498424040784,0.0404221520616567,-0.00501489507039728));
#14449=CARTESIAN_POINT('',(0.0192498424040784,0.0404221520616567,-0.00501489507039728));
#14450=CARTESIAN_POINT('',(0.0190498424040783,0.0428970257958096,-0.0074897688045502));
#14451=CARTESIAN_POINT('',(0.0192498424040784,0.0428970257958096,-0.0074897688045502));
#14452=CARTESIAN_POINT('',(0.0192498424040784,0.0428970257958096,-0.0091897688045502));
#14453=CARTESIAN_POINT('',(0.0238498424040784,0.0428970257958096,-0.0074897688045502));
#14454=CARTESIAN_POINT('',(0.0236498424040783,0.0428970257958096,-0.0074897688045502));
#14455=CARTESIAN_POINT('',(0.0236498424040783,0.0428970257958096,-0.0091897688045502));
#14456=CARTESIAN_POINT('',(0.0276498424040783,0.0428970257958095,-0.00748976880455019));
#14457=CARTESIAN_POINT('',(0.0236498424040783,0.0428970257958095,-0.00748976880455019));
#14458=CARTESIAN_POINT('',(0.0236498424040783,0.0404221520616567,-0.00501489507039728));
#14459=CARTESIAN_POINT('',(0.0236498424040783,0.0463970257958096,-0.0074897688045502));
#14460=CARTESIAN_POINT('',(0.0276498424040783,0.0463970257958096,-0.0074897688045502));
#14461=CARTESIAN_POINT('',(0.0276498424040783,0.0463970257958096,-0.0074897688045502));
#14462=CARTESIAN_POINT('',(0.0276498424040783,0.0428970257958095,-0.00748976880455019));
#14463=CARTESIAN_POINT('',(0.0276498424040783,0.0404221520616567,-0.00501489507039728));
#14464=CARTESIAN_POINT('',(0.0276498424040783,0.0404221520616567,-0.00501489507039728));
#14465=CARTESIAN_POINT('',(0.0276498424040783,0.0428970257958096,-0.0074897688045502));
#14466=CARTESIAN_POINT('',(0.0293498424040783,0.0428970257958096,-0.0074897688045502));
#14467=CARTESIAN_POINT('',(0.0276498424040783,0.0428970257958096,-0.0074897688045502));
#14468=CARTESIAN_POINT('',(0.0276498424040783,0.0428970257958096,-0.0091897688045502));
#14469=CARTESIAN_POINT('',(-0.0164309705959216,0.0481970257958096,0.0097102311954498));
#14470=CARTESIAN_POINT('',(-0.0732521900959217,0.0481970257958096,0.0097102311954498));
#14471=CARTESIAN_POINT('',(-0.0732521900959217,0.0471970257958096,0.0097102311954498));
#14472=CARTESIAN_POINT('',(-0.0164309705959216,0.0471970257958096,0.0097102311954498));
#14473=CARTESIAN_POINT('',(0.0276498424040783,0.0438095889287333,-0.00162745820332069));
#14474=CARTESIAN_POINT('',(0.0236498424040783,0.0438095889287333,-0.00162745820332069));
#14475=CARTESIAN_POINT('',(0.0236498424040783,0.0471970257958099,0.0017599786637559));
#14476=CARTESIAN_POINT('',(0.0276498424040783,0.0438095889287333,-0.00162745820332069));
#14477=CARTESIAN_POINT('',(0.0276498424040783,0.0471970257958099,0.0017599786637559));
#14478=CARTESIAN_POINT('',(0.0276498424040783,0.0471970257958099,0.0017599786637559));
#14479=CARTESIAN_POINT('',(0.0192498424040784,0.0438095889287333,-0.00162745820332069));
#14480=CARTESIAN_POINT('',(0.0152498424040784,0.0438095889287333,-0.00162745820332069));
#14481=CARTESIAN_POINT('',(0.0152498424040784,0.0471970257958099,0.0017599786637559));
#14482=CARTESIAN_POINT('',(0.0192498424040784,0.0438095889287333,-0.00162745820332069));
#14483=CARTESIAN_POINT('',(0.0192498424040784,0.0471970257958096,0.00175997866375563));
#14484=CARTESIAN_POINT('',(0.0192498424040784,0.0471970257958099,0.0017599786637559));
#14485=CARTESIAN_POINT('',(-0.0732521900959216,0.0511970257958099,0.0097102311954498));
#14486=CARTESIAN_POINT('',(-0.0762521900959216,0.0511970257958097,0.0097102311954498));
#14487=CARTESIAN_POINT('',(-0.0772521900959216,0.0511970257958096,0.0097102311954498));
#14488=CARTESIAN_POINT('',(-0.0732521900959216,0.0511970257958099,0.0097102311954498));
#14489=CARTESIAN_POINT('',(-0.0867479106022596,0.0947351292332039,0.0097102311954498));
#14490=CARTESIAN_POINT('',(-0.0762521900959217,0.0947351292332036,0.0097102311954498));
#14491=CARTESIAN_POINT('',(-0.0772521900959216,0.0947351292332036,0.0097102311954498));
#14492=CARTESIAN_POINT('',(-0.0867479106022596,0.0947351292332039,0.0097102311954498));
#14493=CARTESIAN_POINT('',(-0.0446337845959217,0.13579651879581,0.0097102311954498));
#14494=CARTESIAN_POINT('',(-0.00562181209592157,0.13579651879581,0.0097102311954498));
#14495=CARTESIAN_POINT('',(-0.00562181209592152,0.200746550567707,0.0097102311954498));
#14496=CARTESIAN_POINT('',(0.0270625916746075,0.144619591685953,0.0097102311954498));
#14497=CARTESIAN_POINT('',(0.0265624985700074,0.145485563329099,0.0097102311954498));
#14498=CARTESIAN_POINT('',(-0.00562181209592152,0.200746550567707,0.0097102311954498));
#14499=CARTESIAN_POINT('',(-0.0267929336997579,0.113518369033331,0.0097102311954498));
#14500=CARTESIAN_POINT('',(0.0265624985700077,0.145485563329099,0.0097102311954498));
#14501=CARTESIAN_POINT('',(0.0536687050020395,0.119824495983586,0.0097102311954498));
#14502=CARTESIAN_POINT('',(0.0433902489040783,0.119824495983586,0.0097102311954498));
#14503=CARTESIAN_POINT('',(0.0443902489040783,0.119824495983586,0.0097102311954498));
#14504=CARTESIAN_POINT('',(0.0536687050020395,0.119824495983586,0.0097102311954498));
#14505=CARTESIAN_POINT('',(0.0433902489040783,0.0992033561421953,0.0097102311954498));
#14506=CARTESIAN_POINT('',(0.0443902489040783,0.119824495983586,0.0097102311954498));
#14507=CARTESIAN_POINT('',(-0.0762521900959217,0.0750439475145067,0.0097102311954498));
#14508=CARTESIAN_POINT('',(-0.0772521900959217,0.0750439475145067,0.0097102311954498));
#14509=CARTESIAN_POINT('',(-0.0772521900959217,0.0750439475145067,0.0087122311954498));
#14510=CARTESIAN_POINT('',(-0.0772521900959216,0.0947351292332036,0.0087122311954498));
#14511=CARTESIAN_POINT('',(-0.0772521900959216,0.0511970257958096,0.0087122311954498));
#14512=CARTESIAN_POINT('',(-0.0867479106022596,0.0947351292332039,0.0087122311954498));
#14513=CARTESIAN_POINT('',(-0.0850999328419768,0.104086753543242,0.0087122311954498));
#14514=CARTESIAN_POINT('',(-0.0732521900959216,0.0511970257958099,0.0087122311954498));
#14515=CARTESIAN_POINT('',(-0.0732521900959217,0.0471970257958096,0.0087122311954498));
#14516=CARTESIAN_POINT('',(-0.0164309705959216,0.0471970257958096,0.0087122311954498));
#14517=CARTESIAN_POINT('',(-0.0481117835959217,0.0471970257958099,-0.00286489507039715));
#14518=CARTESIAN_POINT('',(-0.0481117835959217,0.0471970257958096,0.00175997866375563));
#14519=CARTESIAN_POINT('',(0.0152498424040784,0.0471970257958099,-0.00286489507039715));
#14520=CARTESIAN_POINT('',(0.0192498424040784,0.0471970257958099,-0.00286489507039715));
#14521=CARTESIAN_POINT('',(0.0236498424040783,0.0471970257958099,-0.00286489507039715));
#14522=CARTESIAN_POINT('',(0.0276498424040783,0.0471970257958099,-0.00286489507039715));
#14523=CARTESIAN_POINT('',(0.0403902489040784,0.0471970257958099,0.0087122311954498));
#14524=CARTESIAN_POINT('',(-0.0605117835959217,0.0471970257958099,-0.00286489507039715));
#14525=CARTESIAN_POINT('',(-0.0605117835959217,0.0471970257958099,0.0017599786637559));
#14526=CARTESIAN_POINT('',(-0.0605117835959217,0.0471970257958099,0.0017599786637559));
#14527=CARTESIAN_POINT('',(-0.0565117835959217,0.0471970257958096,0.00175997866375563));
#14528=CARTESIAN_POINT('',(-0.0565117835959217,0.0471970257958099,-0.00286489507039715));
#14529=CARTESIAN_POINT('',(-0.0521117835959217,0.0471970257958099,-0.00286489507039715));
#14530=CARTESIAN_POINT('',(-0.0521117835959217,0.0471970257958099,0.0017599786637559));
#14531=CARTESIAN_POINT('',(-0.0521117835959217,0.0471970257958099,0.0017599786637559));
#14532=CARTESIAN_POINT('',(0.0276498424040783,0.0432970257958097,-0.0006397688045502));
#14533=CARTESIAN_POINT('',(0.0276498424040783,0.0467970257958096,-0.0074897688045502));
#14534=CARTESIAN_POINT('',(0.0236498424040783,0.0432970257958097,-0.0006397688045502));
#14535=CARTESIAN_POINT('',(0.0236498424040783,0.0467970257958096,-0.0074897688045502));
#14536=CARTESIAN_POINT('',(0.0192498424040784,0.0432970257958097,-0.0006397688045502));
#14537=CARTESIAN_POINT('',(0.0192498424040784,0.0467970257958096,-0.0074897688045502));
#14538=CARTESIAN_POINT('',(0.0152498424040784,0.0432970257958097,-0.0006397688045502));
#14539=CARTESIAN_POINT('',(0.0152498424040784,0.0467970257958096,-0.0074897688045502));
#14540=CARTESIAN_POINT('',(0.0443902489040783,0.0875886308896976,0.0087122311954498));
#14541=CARTESIAN_POINT('',(0.0443902489040783,0.119824495983586,0.0087122311954498));
#14542=CARTESIAN_POINT('',(0.0443902489040783,0.0511970257958096,0.0087122311954498));
#14543=CARTESIAN_POINT('',(0.0536687050020395,0.119824495983586,0.0087122311954498));
#14544=CARTESIAN_POINT('',(0.049027661332873,0.127858826149983,0.0087122311954498));
#14545=CARTESIAN_POINT('',(0.0403902489040785,0.0511970257958099,0.0087122311954498));
#14546=CARTESIAN_POINT('',(0.0475270742890271,0.130456563342972,0.0087122311954498));
#14547=CARTESIAN_POINT('',(0.0501252281962058,0.131956428761803,0.0087122311954498));
#14548=CARTESIAN_POINT('',(0.0450009560334295,0.140832990334607,0.0087122311954498));
#14549=CARTESIAN_POINT('',(0.0398766838706533,0.149709551907411,0.0087122311954498));
#14550=CARTESIAN_POINT('',(0.0311703746098407,0.148146582373558,0.0087122311954498));
#14551=CARTESIAN_POINT('',(0.0265624985700074,0.145485563329099,0.0087122311954498));
#14552=CARTESIAN_POINT('',(0.0357782506496738,0.150807601418016,0.0087122311954498));
#14553=CARTESIAN_POINT('',(-0.00562181209592152,0.200746550567707,0.0087122311954498));
#14554=CARTESIAN_POINT('',(0.0372785299634731,0.148209686488581,0.0087122311954498));
#14555=CARTESIAN_POINT('',(-0.0731943926212795,0.125849269412568,0.0087122311954498));
#14556=CARTESIAN_POINT('',(-0.0839756137862977,0.127749500924233,0.0087122311954498));
#14557=CARTESIAN_POINT('',(-0.0857546791357643,0.117655732411356,0.0087122311954498));
#14558=CARTESIAN_POINT('',(-0.0875337444852308,0.10756196389848,0.0087122311954498));
#14559=CARTESIAN_POINT('',(-0.0845792842742827,0.107041228973663,0.0087122311954498));
#14560=CARTESIAN_POINT('',(-0.0185261049926281,0.0995024067115129,-0.0074897688045502));
#14561=CARTESIAN_POINT('',(-0.0185261049926281,0.0995024067115129,-0.0074897688045502));
#14562=CARTESIAN_POINT('',(-0.00803097059592166,0.137920782864522,-0.000262561010685985));
#14563=CARTESIAN_POINT('',(-0.00803097059592166,0.137920782864522,-0.000262561010685985));
#14564=CARTESIAN_POINT('',(-0.00803097059592166,0.138893575070657,0.000710231195449808));
#14565=CARTESIAN_POINT('',(-0.00863470059561977,0.13817407767456,-9.26620064731426E-6));
#14566=CARTESIAN_POINT('',(-0.00603097059592166,0.137920782864522,-0.000262561010685985));
#14567=CARTESIAN_POINT('',(-0.00803097059592166,0.0429970257958096,-0.0039897688045502));
#14568=CARTESIAN_POINT('',(-0.00803097059592166,0.14019651879581,0.00271023119544981));
#14569=CARTESIAN_POINT('',(-0.00803097059592166,0.14019651879581,0.000710231195449808));
#14570=CARTESIAN_POINT('',(-0.00603097059592166,0.0429970257958096,-0.0039897688045502));
#14571=CARTESIAN_POINT('',(-0.0248309705959216,0.137920782864521,0.0036830234015856));
#14572=CARTESIAN_POINT('',(-0.0242272405962236,0.13817407767456,0.00342972859154693));
#14573=CARTESIAN_POINT('',(-0.024958070579943,0.139045046933233,0.00255875933287367));
#14574=CARTESIAN_POINT('',(-0.0248309705959216,0.139045046933233,0.00255875933287367));
#14575=CARTESIAN_POINT('',(-0.0268309705959216,0.139045046933233,0.00255875933287367));
#14576=CARTESIAN_POINT('',(-0.0268309705959216,0.137920782864521,0.0036830234015856));
#14577=CARTESIAN_POINT('',(-0.0248309705959216,0.137920782864522,-0.000262561010685985));
#14578=CARTESIAN_POINT('',(-0.0242272405962236,0.13817407767456,-9.26620064731356E-6));
#14579=CARTESIAN_POINT('',(-0.024958070579943,0.139045046933233,0.000861703058025955));
#14580=CARTESIAN_POINT('',(-0.0268309705959216,0.137920782864522,-0.000262561010685985));
#14581=CARTESIAN_POINT('',(-0.0268309705959216,0.139045046933233,0.000861703058025955));
#14582=CARTESIAN_POINT('',(-0.0248309705959216,0.139045046933233,0.000861703058025955));
#14583=CARTESIAN_POINT('',(-0.0248309705959216,0.13819651879581,0.00171023119544978));
#14584=CARTESIAN_POINT('',(-0.025670070227099,0.13819651879581,0.00171023119544978));
#14585=CARTESIAN_POINT('',(-0.025670070227099,0.13939651879581,0.0017102311954498));
#14586=CARTESIAN_POINT('',(-0.0256700702270989,0.13819651879581,0.00171023119544978));
#14587=CARTESIAN_POINT('',(-0.0268309705959216,0.13819651879581,0.00171023119544978));
#14588=CARTESIAN_POINT('',(-0.0268309705959216,0.0429970257958096,-0.0039897688045502));
#14589=CARTESIAN_POINT('',(0.0113520255833418,0.0755277894797865,0.0103102311954498));
#14590=CARTESIAN_POINT('',(0.0101587546389863,0.0755277896879558,0.0103102311954498));
#14591=CARTESIAN_POINT('',(0.0101587546389863,0.0755277896879558,0.0103102311954498));
#14592=CARTESIAN_POINT('',(0.0113520255833418,0.0755277894797865,0.0103102311954498));
#14593=CARTESIAN_POINT('',(0.0125452965276968,0.0755277894797865,0.0103102311954498));
#14594=CARTESIAN_POINT('',(0.0125452965276968,0.0755277894797865,0.0103102311954498));
#14595=CARTESIAN_POINT('',(0.0101587546389862,0.074549889510318,0.0103102311954498));
#14596=CARTESIAN_POINT('',(0.00918078966076994,0.0745498896780353,0.0103102311954498));
#14597=CARTESIAN_POINT('',(0.00918078966076994,0.0745498896780353,0.0103102311954498));
#14598=CARTESIAN_POINT('',(0.0101587546389862,0.074549889510318,0.0103102311954498));
#14599=CARTESIAN_POINT('',(0.0101567932329937,0.0745482055189547,0.0103102311954498));
#14600=CARTESIAN_POINT('',(0.0101587544157815,0.0735720636020296,0.0103102311954498));
#14601=CARTESIAN_POINT('',(0.0101587544157815,0.0735720636020296,0.0103102311954498));
#14602=CARTESIAN_POINT('',(0.0101567932329937,0.0745482055189547,0.0103102311954498));
#14603=CARTESIAN_POINT('',(0.0135173751092552,0.0735719895408497,0.0103102311954498));
#14604=CARTESIAN_POINT('',(0.0168759957283272,0.0735719895408497,0.0103102311954498));
#14605=CARTESIAN_POINT('',(0.0168759957283272,0.0735719895408497,0.0103102311954498));
#14606=CARTESIAN_POINT('',(0.0135173751092552,0.0735719895408497,0.0103102311954498));
#14607=CARTESIAN_POINT('',(0.0168759957283272,0.0735719895408497,0.0103102311954498));
#14608=CARTESIAN_POINT('',(0.0168759957283272,0.0735719895408497,0.0107102311954498));
#14609=CARTESIAN_POINT('',(0.0174231540577038,0.0735719895408497,0.0103102311954498));
#14610=CARTESIAN_POINT('',(0.0174231540577038,0.0735719895408497,0.0107102311954498));
#14611=CARTESIAN_POINT('',(0.0178655383339455,0.0740027311543928,0.0103102311954498));
#14612=CARTESIAN_POINT('',(0.0178655383339455,0.0740027311543928,0.0107102311954498));
#14613=CARTESIAN_POINT('',(0.0178655383942063,0.0745498893985187,0.0103102311954498));
#14614=CARTESIAN_POINT('',(0.0178655383942063,0.0745498893985187,0.0107102311954498));
#14615=CARTESIAN_POINT('',(0.017865603180261,0.0745498893985116,0.0103102311954498));
#14616=CARTESIAN_POINT('',(0.017865603180261,0.0745498893985116,0.0103102311954498));
#14617=CARTESIAN_POINT('',(0.0168759957283272,0.0735719895408497,0.0103102311954498));
#14618=CARTESIAN_POINT('',(0.0174231540949703,0.0735719895408497,0.0103102311954498));
#14619=CARTESIAN_POINT('',(0.0178655383942063,0.0740027312130676,0.0103102311954498));
#14620=CARTESIAN_POINT('',(0.0178655383942063,0.074549889510318,0.0103102311954498));
#14621=CARTESIAN_POINT('',(0.0168895998415422,0.0745515737646375,0.0103102311954498));
#14622=CARTESIAN_POINT('',(0.0168876387173049,0.0755277154263558,0.0103102311954498));
#14623=CARTESIAN_POINT('',(0.0168876387173049,0.0755277154263558,0.0103102311954498));
#14624=CARTESIAN_POINT('',(0.0168895998415422,0.0745515737646375,0.0103102311954498));
#14625=CARTESIAN_POINT('',(0.0156943677629443,0.0755277894797865,0.0103102311954498));
#14626=CARTESIAN_POINT('',(0.0145010968829753,0.0755277894797865,0.0103102311954498));
#14627=CARTESIAN_POINT('',(0.0145010968829753,0.0755277894797865,0.0103102311954498));
#14628=CARTESIAN_POINT('',(0.0156943677629443,0.0755277894797865,0.0103102311954498));
#14629=CARTESIAN_POINT('',(0.0145010968829753,0.0787001434101345,0.0103102311954498));
#14630=CARTESIAN_POINT('',(0.0145011616720737,0.0818724972845763,0.0103102311954498));
#14631=CARTESIAN_POINT('',(0.0145011616720737,0.0818724972845763,0.0103102311954498));
#14632=CARTESIAN_POINT('',(0.0145010968829753,0.0787001434101345,0.0103102311954498));
#14633=CARTESIAN_POINT('',(0.0135251581515163,0.081874181716894,0.0103102311954498));
#14634=CARTESIAN_POINT('',(0.0135231940597845,0.0828505758274122,0.0103102311954498));
#14635=CARTESIAN_POINT('',(0.0135231940597845,0.0828505758274122,0.0103102311954498));
#14636=CARTESIAN_POINT('',(0.0135251581515163,0.081874181716894,0.0103102311954498));
#14637=CARTESIAN_POINT('',(0.0135293312952537,0.0818663628623754,0.0103102311954498));
#14638=CARTESIAN_POINT('',(0.0125450442659503,0.0818724998112395,0.0103102311954498));
#14639=CARTESIAN_POINT('',(0.0125450442659503,0.0818724998112395,0.0103102311954498));
#14640=CARTESIAN_POINT('',(0.0135293312952537,0.0818663628623754,0.0103102311954498));
#14641=CARTESIAN_POINT('',(0.0125452965276967,0.0787001442523556,0.0103102311954498));
#14642=CARTESIAN_POINT('',(0.0125452965276967,0.0787001442523556,0.0103102311954498));
#14643=CARTESIAN_POINT('',(-0.0143358361992152,0.0238395672037221,0.0103102311954498));
#14644=CARTESIAN_POINT('',(0.00642177959457229,0.104096440906053,0.0103102311954498));
#14645=CARTESIAN_POINT('',(0.00642184440210316,0.107274615261346,0.0103102311954498));
#14646=CARTESIAN_POINT('',(0.00642184440210316,0.107274615261346,0.0103102311954498));
#14647=CARTESIAN_POINT('',(0.00642177959457229,0.104096440906053,0.0103102311954498));
#14648=CARTESIAN_POINT('',(0.0064217795945723,0.100918263611831,0.0103102311954498));
#14649=CARTESIAN_POINT('',(0.0064217795945723,0.100918263611831,0.0103102311954498));
#14650=CARTESIAN_POINT('',(0.0054458400976093,0.107276298953056,0.0103102311954498));
#14651=CARTESIAN_POINT('',(0.00544387714659926,0.108252693867942,0.0103102311954498));
#14652=CARTESIAN_POINT('',(0.00544387714659926,0.108252693867942,0.0103102311954498));
#14653=CARTESIAN_POINT('',(0.0054458400976093,0.107276298953056,0.0103102311954498));
#14654=CARTESIAN_POINT('',(0.00545001478555828,0.107268480088374,0.0103102311954498));
#14655=CARTESIAN_POINT('',(0.00446572696023028,0.107274617788432,0.0103102311954498));
#14656=CARTESIAN_POINT('',(0.00446572696023028,0.107274617788432,0.0103102311954498));
#14657=CARTESIAN_POINT('',(0.00545001478555828,0.107268480088374,0.0103102311954498));
#14658=CARTESIAN_POINT('',(0.00446597923929827,0.103607491715494,0.0103102311954498));
#14659=CARTESIAN_POINT('',(0.00446591443176734,0.0999403664849187,0.0103102311954498));
#14660=CARTESIAN_POINT('',(0.00446591443176734,0.0999403664849187,0.0103102311954498));
#14661=CARTESIAN_POINT('',(0.00446597923929827,0.103607491715494,0.0103102311954498));
#14662=CARTESIAN_POINT('',(0.00544191873626478,0.0999386827932111,0.0103102311954498));
#14663=CARTESIAN_POINT('',(0.00544387919391012,0.0989625401685895,0.0103102311954498));
#14664=CARTESIAN_POINT('',(0.00544387919391012,0.0989625401685895,0.0103102311954498));
#14665=CARTESIAN_POINT('',(0.00544191873626478,0.0999386827932111,0.0103102311954498));
#14666=CARTESIAN_POINT('',(0.0101703967291896,0.0989624661395896,0.0103102311954498));
#14667=CARTESIAN_POINT('',(0.0148969149766699,0.0989622138390394,0.0103102311954498));
#14668=CARTESIAN_POINT('',(0.0148969149766699,0.0989622138390394,0.0103102311954498));
#14669=CARTESIAN_POINT('',(0.0101703967291896,0.0989624661395896,0.0103102311954498));
#14670=CARTESIAN_POINT('',(0.0148907771922968,0.0999465013906398,0.0103102311954498));
#14671=CARTESIAN_POINT('',(0.0158750647818801,0.099940363958069,0.0103102311954498));
#14672=CARTESIAN_POINT('',(0.0158750647818801,0.099940363958069,0.0103102311954498));
#14673=CARTESIAN_POINT('',(0.0148907771922968,0.0999465013906398,0.0103102311954498));
#14674=CARTESIAN_POINT('',(0.0158748125171184,0.103607490030853,0.0103102311954498));
#14675=CARTESIAN_POINT('',(0.0158748773101277,0.107274615261358,0.0103102311954498));
#14676=CARTESIAN_POINT('',(0.0158748773101277,0.107274615261358,0.0103102311954498));
#14677=CARTESIAN_POINT('',(0.0158748125171184,0.103607490030853,0.0103102311954498));
#14678=CARTESIAN_POINT('',(0.0148988732391378,0.107276299216009,0.0103102311954498));
#14679=CARTESIAN_POINT('',(0.0148969103467071,0.108252693875692,0.0103102311954498));
#14680=CARTESIAN_POINT('',(0.0148969103467071,0.108252693875692,0.0103102311954498));
#14681=CARTESIAN_POINT('',(0.0148988732391378,0.107276299216009,0.0103102311954498));
#14682=CARTESIAN_POINT('',(0.0149030479856629,0.107268480088377,0.0103102311954498));
#14683=CARTESIAN_POINT('',(0.0139187601603385,0.107274617788432,0.0103102311954498));
#14684=CARTESIAN_POINT('',(0.0139187601603385,0.107274617788432,0.0103102311954498));
#14685=CARTESIAN_POINT('',(0.0149030479856629,0.107268480088377,0.0103102311954498));
#14686=CARTESIAN_POINT('',(0.0139190124394063,0.104096441748415,0.0103102311954498));
#14687=CARTESIAN_POINT('',(0.0139190124394063,0.100918263611831,0.0103102311954498));
#14688=CARTESIAN_POINT('',(0.0139190124394063,0.100918263611831,0.0103102311954498));
#14689=CARTESIAN_POINT('',(0.0139190124394063,0.104096441748415,0.0103102311954498));
#14690=CARTESIAN_POINT('',(0.0125918625948387,0.100918263611831,0.0103102311954498));
#14691=CARTESIAN_POINT('',(0.0112647127502703,0.100918263611831,0.0103102311954498));
#14692=CARTESIAN_POINT('',(0.0112647127502703,0.100918263611831,0.0103102311954498));
#14693=CARTESIAN_POINT('',(0.0125918625948387,0.100918263611831,0.0103102311954498));
#14694=CARTESIAN_POINT('',(0.0112647127502703,0.104096439464537,0.0103102311954498));
#14695=CARTESIAN_POINT('',(0.0112647775578011,0.107274615261346,0.0103102311954498));
#14696=CARTESIAN_POINT('',(0.0112647775578011,0.107274615261346,0.0103102311954498));
#14697=CARTESIAN_POINT('',(0.0112647127502703,0.104096439464537,0.0103102311954498));
#14698=CARTESIAN_POINT('',(0.0102887732533043,0.107276298953054,0.0103102311954498));
#14699=CARTESIAN_POINT('',(0.0102868099260488,0.108252693866391,0.0103102311954498));
#14700=CARTESIAN_POINT('',(0.0102868099260488,0.108252693866391,0.0103102311954498));
#14701=CARTESIAN_POINT('',(0.0102887732533043,0.107276298953054,0.0103102311954498));
#14702=CARTESIAN_POINT('',(0.0102929479412528,0.107268480088377,0.0103102311954498));
#14703=CARTESIAN_POINT('',(0.00930866011592841,0.107274617788432,0.0103102311954498));
#14704=CARTESIAN_POINT('',(0.00930866011592841,0.107274617788432,0.0103102311954498));
#14705=CARTESIAN_POINT('',(0.0102929479412528,0.107268480088377,0.0103102311954498));
#14706=CARTESIAN_POINT('',(0.0093089123949963,0.10409644063818,0.0103102311954498));
#14707=CARTESIAN_POINT('',(0.00930891239499632,0.100918263611831,0.0103102311954498));
#14708=CARTESIAN_POINT('',(0.00930891239499632,0.100918263611831,0.0103102311954498));
#14709=CARTESIAN_POINT('',(0.0093089123949963,0.10409644063818,0.0103102311954498));
#14710=CARTESIAN_POINT('',(0.00786534599478431,0.100918263611831,0.0103102311954498));
#14711=CARTESIAN_POINT('',(0.00786534599478431,0.100918263611831,0.0103102311954498));
#14712=CARTESIAN_POINT('',(-0.0143358361992152,0.0238395672037221,0.0103102311954498));
#14713=CARTESIAN_POINT('',(0.0106593461058073,0.0944629611291431,0.0103102311954498));
#14714=CARTESIAN_POINT('',(0.0106593461058073,0.0937935655178565,0.0103102311954498));
#14715=CARTESIAN_POINT('',(0.0106593461058073,0.0937935655178565,0.0103102311954498));
#14716=CARTESIAN_POINT('',(0.0106593461058073,0.0944629611291431,0.0103102311954498));
#14717=CARTESIAN_POINT('',(0.0106593461058073,0.0951323567404296,0.0103102311954498));
#14718=CARTESIAN_POINT('',(0.0106593461058073,0.0951323567404296,0.0103102311954498));
#14719=CARTESIAN_POINT('',(0.00827862538687303,0.0937935655178565,0.0103102311954498));
#14720=CARTESIAN_POINT('',(0.00589790459359717,0.0937934914888567,0.0103102311954498));
#14721=CARTESIAN_POINT('',(0.00589790459359717,0.0937934914888567,0.0103102311954498));
#14722=CARTESIAN_POINT('',(0.00827862538687303,0.0937935655178565,0.0103102311954498));
#14723=CARTESIAN_POINT('',(0.00589594413594975,0.0928173488642386,0.0103102311954498));
#14724=CARTESIAN_POINT('',(0.00491987496254894,0.0928156653404147,0.0103102311954498));
#14725=CARTESIAN_POINT('',(0.00491987496254894,0.0928156653404147,0.0103102311954498));
#14726=CARTESIAN_POINT('',(0.00589594413594975,0.0928173488642386,0.0103102311954498));
#14727=CARTESIAN_POINT('',(0.0058959430744478,0.0928139820391485,0.0103102311954498));
#14728=CARTESIAN_POINT('',(0.00589790459330178,0.0918378403596878,0.0103102311954498));
#14729=CARTESIAN_POINT('',(0.00589790459330178,0.0918378403596878,0.0103102311954498));
#14730=CARTESIAN_POINT('',(0.0058959430744478,0.0928139820391485,0.0103102311954498));
#14731=CARTESIAN_POINT('',(0.00827862538677457,0.0918377662728173,0.0103102311954498));
#14732=CARTESIAN_POINT('',(0.0106593461058073,0.0918377662728173,0.0103102311954498));
#14733=CARTESIAN_POINT('',(0.0106593461058073,0.0918377662728173,0.0103102311954498));
#14734=CARTESIAN_POINT('',(0.00827862538677457,0.0918377662728173,0.0103102311954498));
#14735=CARTESIAN_POINT('',(0.0106593461058073,0.0912265786617943,0.0103102311954498));
#14736=CARTESIAN_POINT('',(0.0106593461058073,0.0906153910507713,0.0103102311954498));
#14737=CARTESIAN_POINT('',(0.0106593461058073,0.0906153910507713,0.0103102311954498));
#14738=CARTESIAN_POINT('',(0.0106593461058073,0.0912265786617943,0.0103102311954498));
#14739=CARTESIAN_POINT('',(0.00827280370833804,0.0906153910507713,0.0103102311954498));
#14740=CARTESIAN_POINT('',(0.00588626052455374,0.0906156433125181,0.0103102311954498));
#14741=CARTESIAN_POINT('',(0.00588626052455374,0.0906156433125181,0.0103102311954498));
#14742=CARTESIAN_POINT('',(0.00827280370833804,0.0906153910507713,0.0103102311954498));
#14743=CARTESIAN_POINT('',(0.00589239747341824,0.0896313562832141,0.0103102311954498));
#14744=CARTESIAN_POINT('',(0.00490804565735003,0.0896374935484489,0.0103102311954498));
#14745=CARTESIAN_POINT('',(0.00490804565735003,0.0896374935484489,0.0103102311954498));
#14746=CARTESIAN_POINT('',(0.00589239747341824,0.0896313562832141,0.0103102311954498));
#14747=CARTESIAN_POINT('',(0.00588430143732326,0.0896358066085328,0.0103102311954498));
#14748=CARTESIAN_POINT('',(0.00588626266029232,0.0886596647555172,0.0103102311954498));
#14749=CARTESIAN_POINT('',(0.00588626266029232,0.0886596647555172,0.0103102311954498));
#14750=CARTESIAN_POINT('',(0.00588430143732326,0.0896358066085328,0.0103102311954498));
#14751=CARTESIAN_POINT('',(0.00875593432882428,0.0886595906954934,0.0103102311954498));
#14752=CARTESIAN_POINT('',(0.011625606709269,0.0886593384337465,0.0103102311954498));
#14753=CARTESIAN_POINT('',(0.011625606709269,0.0886593384337465,0.0103102311954498));
#14754=CARTESIAN_POINT('',(0.00875593432882428,0.0886595906954934,0.0103102311954498));
#14755=CARTESIAN_POINT('',(0.0116194697604033,0.0896436254630507,0.0103102311954498));
#14756=CARTESIAN_POINT('',(0.0126037567897078,0.0896374885141898,0.0103102311954498));
#14757=CARTESIAN_POINT('',(0.0126037567897078,0.0896374885141898,0.0103102311954498));
#14758=CARTESIAN_POINT('',(0.0116194697604033,0.0896436254630507,0.0103102311954498));
#14759=CARTESIAN_POINT('',(0.0126035045279613,0.0928738730533881,0.0103102311954498));
#14760=CARTESIAN_POINT('',(0.0126035693354922,0.0961102567503742,0.0103102311954498));
#14761=CARTESIAN_POINT('',(0.0126035693354922,0.0961102567503742,0.0103102311954498));
#14762=CARTESIAN_POINT('',(0.0126035045279613,0.0928738730533881,0.0103102311954498));
#14763=CARTESIAN_POINT('',(0.0116275650309948,0.0961119404420819,0.0103102311954498));
#14764=CARTESIAN_POINT('',(0.0116256045733495,0.0970880830667035,0.0103102311954498));
#14765=CARTESIAN_POINT('',(0.0116256045733495,0.0970880830667035,0.0103102311954498));
#14766=CARTESIAN_POINT('',(0.0116275650309948,0.0961119404420819,0.0103102311954498));
#14767=CARTESIAN_POINT('',(0.00876175331618453,0.0970881570957033,0.0103102311954498));
#14768=CARTESIAN_POINT('',(0.00589790134684991,0.0970884093886634,0.0103102311954498));
#14769=CARTESIAN_POINT('',(0.00589790134684991,0.0970884093886634,0.0103102311954498));
#14770=CARTESIAN_POINT('',(0.00876175331618453,0.0970881570957033,0.0103102311954498));
#14771=CARTESIAN_POINT('',(0.00590403907500927,0.0961041215774005,0.0103102311954498));
#14772=CARTESIAN_POINT('',(0.00491968644163647,0.0961102588792049,0.0103102311954498));
#14773=CARTESIAN_POINT('',(0.00491968644163647,0.0961102588792049,0.0103102311954498));
#14774=CARTESIAN_POINT('',(0.00590403907500927,0.0961041215774005,0.0103102311954498));
#14775=CARTESIAN_POINT('',(0.00589594302571331,0.0961085733940505,0.0103102311954498));
#14776=CARTESIAN_POINT('',(0.00589790348335906,0.0951324307694294,0.0103102311954498));
#14777=CARTESIAN_POINT('',(0.00589790348335906,0.0951324307694294,0.0103102311954498));
#14778=CARTESIAN_POINT('',(0.00589594302571331,0.0961085733940505,0.0103102311954498));
#14779=CARTESIAN_POINT('',(0.00827862483175404,0.0951323567404296,0.0103102311954498));
#14780=CARTESIAN_POINT('',(0.00827862483175404,0.0951323567404296,0.0103102311954498));
#14781=CARTESIAN_POINT('',(-0.0143358361992152,0.0238395672037221,0.0103102311954498));
#14782=CARTESIAN_POINT('',(0.0199377541948892,0.0856793208579558,0.0103102311954498));
#14783=CARTESIAN_POINT('',(0.0199377541948892,0.0856793208579558,0.0107102311954498));
#14784=CARTESIAN_POINT('',(0.0199377541948889,0.0862148380930781,0.0103102311954498));
#14785=CARTESIAN_POINT('',(0.0199377541948889,0.0862148380930781,0.0107102311954498));
#14786=CARTESIAN_POINT('',(0.0194953713797598,0.0866455806632109,0.0103102311954498));
#14787=CARTESIAN_POINT('',(0.0194953713797598,0.0866455806632109,0.0107102311954498));
#14788=CARTESIAN_POINT('',(0.0189714951176993,0.0866572237179637,0.0103102311954498));
#14789=CARTESIAN_POINT('',(0.0189714951176993,0.0866572237179637,0.0107102311954498));
#14790=CARTESIAN_POINT('',(0.0189714951176993,0.0866572237179637,0.0103102311954498));
#14791=CARTESIAN_POINT('',(0.0189714951176993,0.0866572237179637,0.0103102311954498));
#14792=CARTESIAN_POINT('',(0.0199377541948892,0.0856632569287558,0.0103102311954498));
#14793=CARTESIAN_POINT('',(0.0199377541948892,0.0856686120958665,0.0103102311954498));
#14794=CARTESIAN_POINT('',(0.0199377541948892,0.0856739672629773,0.0103102311954498));
#14795=CARTESIAN_POINT('',(0.0199377541948892,0.0856793224300881,0.0103102311954498));
#14796=CARTESIAN_POINT('',(0.0199377541948892,0.0862148391411669,0.0103102311954498));
#14797=CARTESIAN_POINT('',(0.0194953708671072,0.0866455806746045,0.0103102311954498));
#14798=CARTESIAN_POINT('',(0.0189714951176993,0.0866572237179637,0.0103102311954498));
#14799=CARTESIAN_POINT('',(0.0199380064089591,0.0856793208579559,0.0103102311954498));
#14800=CARTESIAN_POINT('',(0.0199380064089591,0.0856793208579559,0.0103102311954498));
#14801=CARTESIAN_POINT('',(0.0177782243121221,0.0866572237179637,0.0103102311954498));
#14802=CARTESIAN_POINT('',(0.0165849535065443,0.0866572237179637,0.0103102311954498));
#14803=CARTESIAN_POINT('',(0.0165849535065443,0.0866572237179637,0.0103102311954498));
#14804=CARTESIAN_POINT('',(0.0177782243121221,0.0866572237179637,0.0103102311954498));
#14805=CARTESIAN_POINT('',(0.0165849535065443,0.0902195735954536,0.0103102311954498));
#14806=CARTESIAN_POINT('',(0.0165850183074072,0.0937819234170494,0.0103102311954498));
#14807=CARTESIAN_POINT('',(0.0165850183074072,0.0937819234170494,0.0103102311954498));
#14808=CARTESIAN_POINT('',(0.0165849535065443,0.0902195735954536,0.0103102311954498));
#14809=CARTESIAN_POINT('',(0.0156090140454423,0.0937836071816049,0.0103102311954498));
#14810=CARTESIAN_POINT('',(0.0156070513358755,0.0947600020476936,0.0103102311954498));
#14811=CARTESIAN_POINT('',(0.0156070513358755,0.0947600020476936,0.0103102311954498));
#14812=CARTESIAN_POINT('',(0.0156090140454423,0.0937836071816049,0.0103102311954498));
#14813=CARTESIAN_POINT('',(0.0156131892188958,0.0937757883166434,0.0103102311954498));
#14814=CARTESIAN_POINT('',(0.0146289014338194,0.0937819259440366,0.0103102311954498));
#14815=CARTESIAN_POINT('',(0.0146289014338194,0.0937819259440366,0.0103102311954498));
#14816=CARTESIAN_POINT('',(0.0156131892188958,0.0937757883166434,0.0103102311954498));
#14817=CARTESIAN_POINT('',(0.0146291537063842,0.0902195744377827,0.0103102311954498));
#14818=CARTESIAN_POINT('',(0.0146291537063842,0.0866572237179637,0.0103102311954498));
#14819=CARTESIAN_POINT('',(0.0146291537063842,0.0866572237179637,0.0103102311954498));
#14820=CARTESIAN_POINT('',(0.0146291537063842,0.0902195744377827,0.0103102311954498));
#14821=CARTESIAN_POINT('',(0.0134358822532723,0.0866572237179637,0.0103102311954498));
#14822=CARTESIAN_POINT('',(0.0122426100138456,0.0866574759797106,0.0103102311954498));
#14823=CARTESIAN_POINT('',(0.0122426100138456,0.0866574759797106,0.0103102311954498));
#14824=CARTESIAN_POINT('',(0.0134358822532723,0.0866572237179637,0.0103102311954498));
#14825=CARTESIAN_POINT('',(0.0122487469627108,0.0856731889504069,0.0103102311954498));
#14826=CARTESIAN_POINT('',(0.011264395143798,0.0856793255011301,0.0103102311954498));
#14827=CARTESIAN_POINT('',(0.011264395143798,0.0856793255011301,0.0103102311954498));
#14828=CARTESIAN_POINT('',(0.0122487469627108,0.0856731889504069,0.0103102311954498));
#14829=CARTESIAN_POINT('',(0.0122406509266113,0.0856776392757216,0.0103102311954498));
#14830=CARTESIAN_POINT('',(0.0122426121495844,0.0847014974227097,0.0103102311954498));
#14831=CARTESIAN_POINT('',(0.0122426121495844,0.0847014974227097,0.0103102311954498));
#14832=CARTESIAN_POINT('',(0.0122406509266113,0.0856776392757216,0.0103102311954498));
#14833=CARTESIAN_POINT('',(0.0156012340109503,0.0847014233626857,0.0103102311954498));
#14834=CARTESIAN_POINT('',(0.0189598565841608,0.0847011710607046,0.0103102311954498));
#14835=CARTESIAN_POINT('',(0.0189598565841608,0.0847011710607046,0.0103102311954498));
#14836=CARTESIAN_POINT('',(0.0156012340109503,0.0847014233626857,0.0103102311954498));
#14837=CARTESIAN_POINT('',(0.0189537211584082,0.0856854562278947,0.0103102311954498));
#14838=CARTESIAN_POINT('',(0.0189537211584082,0.0856854562278947,0.0103102311954498));
#14839=CARTESIAN_POINT('',(-0.0143358361992152,0.0238395672037221,0.0103102311954498));
#14840=CARTESIAN_POINT('',(0.00672599612048774,0.0813953623079514,0.0103102311954498));
#14841=CARTESIAN_POINT('',(0.00672599612048774,0.0813953623079514,0.0107102311954498));
#14842=CARTESIAN_POINT('',(0.00672446143167191,0.0791369932581101,0.0107102311954498));
#14843=CARTESIAN_POINT('',(0.00446558456106138,0.0813951901547822,0.0107102311954498));
#14844=CARTESIAN_POINT('',(0.00446592480524643,0.0813951898267034,0.0103102311954498));
#14845=CARTESIAN_POINT('',(0.00446592480524643,0.0813951898267034,0.0103102311954498));
#14846=CARTESIAN_POINT('',(0.00672599612048774,0.0813953623079514,0.0103102311954498));
#14847=CARTESIAN_POINT('',(0.00672446155429309,0.0791366528374326,0.0103102311954498));
#14848=CARTESIAN_POINT('',(0.00672446155429309,0.0791366528374326,0.0103102311954498));
#14849=CARTESIAN_POINT('',(0.00672463274226576,0.0813936559743259,0.0103102311954498));
#14850=CARTESIAN_POINT('',(0.00672463274226576,0.0813936559743259,0.0107102311954498));
#14851=CARTESIAN_POINT('',(0.00672446294224087,0.0836540661763024,0.0107102311954498));
#14852=CARTESIAN_POINT('',(0.0067244626139635,0.0836537257557613,0.0103102311954498));
#14853=CARTESIAN_POINT('',(0.0067244626139635,0.0836537257557613,0.0103102311954498));
#14854=CARTESIAN_POINT('',(0.00672463274226576,0.0813936559743259,0.0103102311954498));
#14855=CARTESIAN_POINT('',(0.00672292804777022,0.0813950162852369,0.0103102311954498));
#14856=CARTESIAN_POINT('',(0.00672292804777022,0.0813950162852369,0.0107102311954498));
#14857=CARTESIAN_POINT('',(0.00898334006758125,0.0813951552441845,0.0107102311954498));
#14858=CARTESIAN_POINT('',(0.00898299936301589,0.0813951887664905,0.0103102311954498));
#14859=CARTESIAN_POINT('',(0.00898299936301589,0.0813951887664905,0.0103102311954498));
#14860=CARTESIAN_POINT('',(0.00672292804777022,0.0813950162852369,0.0103102311954498));
#14861=CARTESIAN_POINT('',(0.0109271033511102,0.0814068317848388,0.0103102311954498));
#14862=CARTESIAN_POINT('',(0.0109271033511102,0.0814068317848388,0.0107102311954498));
#14863=CARTESIAN_POINT('',(0.0109271033511103,0.0837235231850488,0.0103102311954498));
#14864=CARTESIAN_POINT('',(0.0109271033511103,0.0837235231850488,0.0107102311954498));
#14865=CARTESIAN_POINT('',(0.00904115348433829,0.0856094730518213,0.0103102311954498));
#14866=CARTESIAN_POINT('',(0.00904115348433829,0.0856094730518213,0.0107102311954498));
#14867=CARTESIAN_POINT('',(0.00672446208412827,0.0856094730518213,0.0103102311954498));
#14868=CARTESIAN_POINT('',(0.00672446208412827,0.0856094730518213,0.0107102311954498));
#14869=CARTESIAN_POINT('',(0.00672446208412827,0.0856094730518213,0.0103102311954498));
#14870=CARTESIAN_POINT('',(0.00672446208412827,0.0856094730518213,0.0103102311954498));
#14871=CARTESIAN_POINT('',(0.0109271033511102,0.0814068317848388,0.0103102311954498));
#14872=CARTESIAN_POINT('',(0.0109271033511103,0.0837235231850488,0.0103102311954498));
#14873=CARTESIAN_POINT('',(0.00904115348433829,0.0856094730518213,0.0103102311954498));
#14874=CARTESIAN_POINT('',(0.00672446208412827,0.0856094730518213,0.0103102311954498));
#14875=CARTESIAN_POINT('',(0.0109271033511102,0.0814068317848388,0.0103102311954498));
#14876=CARTESIAN_POINT('',(0.0109271033511102,0.0814068317848388,0.0103102311954498));
#14877=CARTESIAN_POINT('',(0.00672446208412827,0.0856094730518213,0.0103102311954498));
#14878=CARTESIAN_POINT('',(0.00672446208412827,0.0856094730518213,0.0107102311954498));
#14879=CARTESIAN_POINT('',(0.00440777068391829,0.0856094730518213,0.0103102311954498));
#14880=CARTESIAN_POINT('',(0.00440777068391829,0.0856094730518213,0.0107102311954498));
#14881=CARTESIAN_POINT('',(0.00252182081714527,0.0837235231850488,0.0103102311954498));
#14882=CARTESIAN_POINT('',(0.00252182081714527,0.0837235231850488,0.0107102311954498));
#14883=CARTESIAN_POINT('',(0.00252182081714525,0.0814068317848388,0.0103102311954498));
#14884=CARTESIAN_POINT('',(0.00252182081714525,0.0814068317848388,0.0107102311954498));
#14885=CARTESIAN_POINT('',(0.00252182081714525,0.0814068317848388,0.0103102311954498));
#14886=CARTESIAN_POINT('',(0.00252182081714525,0.0814068317848388,0.0103102311954498));
#14887=CARTESIAN_POINT('',(0.00672446208412827,0.0856094730518213,0.0103102311954498));
#14888=CARTESIAN_POINT('',(0.00440777068391829,0.0856094730518213,0.0103102311954498));
#14889=CARTESIAN_POINT('',(0.00252182081714527,0.0837235231850488,0.0103102311954498));
#14890=CARTESIAN_POINT('',(0.00252182081714525,0.0814068317848388,0.0103102311954498));
#14891=CARTESIAN_POINT('',(0.00252182081714525,0.0814068317848388,0.0103102311954498));
#14892=CARTESIAN_POINT('',(0.00252182081714525,0.0814068317848388,0.0107102311954498));
#14893=CARTESIAN_POINT('',(0.00252182081714525,0.0790901403846288,0.0103102311954498));
#14894=CARTESIAN_POINT('',(0.00252182081714525,0.0790901403846288,0.0107102311954498));
#14895=CARTESIAN_POINT('',(0.00440777068391826,0.0772041902403,0.0103102311954498));
#14896=CARTESIAN_POINT('',(0.00440777068391826,0.0772041902403,0.0107102311954498));
#14897=CARTESIAN_POINT('',(0.00672446208412825,0.0772041902403,0.0103102311954498));
#14898=CARTESIAN_POINT('',(0.00672446208412825,0.0772041902403,0.0107102311954498));
#14899=CARTESIAN_POINT('',(0.00672446208412825,0.0772041902403,0.0103102311954498));
#14900=CARTESIAN_POINT('',(0.00672446208412825,0.0772041902403,0.0103102311954498));
#14901=CARTESIAN_POINT('',(0.00252182081714525,0.0814068317848388,0.0103102311954498));
#14902=CARTESIAN_POINT('',(0.00252182081714525,0.0790901403846288,0.0103102311954498));
#14903=CARTESIAN_POINT('',(0.00440777068391826,0.0772041902403,0.0103102311954498));
#14904=CARTESIAN_POINT('',(0.00672446208412825,0.0772041902403,0.0103102311954498));
#14905=CARTESIAN_POINT('',(0.00672446208412825,0.0772041902403,0.0103102311954498));
#14906=CARTESIAN_POINT('',(0.00672446208412825,0.0772041902403,0.0107102311954498));
#14907=CARTESIAN_POINT('',(0.00904115348433826,0.0772041902403,0.0103102311954498));
#14908=CARTESIAN_POINT('',(0.00904115348433826,0.0772041902403,0.0107102311954498));
#14909=CARTESIAN_POINT('',(0.0109271033511102,0.0790901403846288,0.0103102311954498));
#14910=CARTESIAN_POINT('',(0.0109271033511102,0.0790901403846288,0.0107102311954498));
#14911=CARTESIAN_POINT('',(0.0109271033511102,0.0814068317848388,0.0103102311954498));
#14912=CARTESIAN_POINT('',(0.0109271033511102,0.0814068317848388,0.0107102311954498));
#14913=CARTESIAN_POINT('',(0.00672446208412825,0.0772041902403,0.0103102311954498));
#14914=CARTESIAN_POINT('',(0.00904115348433826,0.0772041902403,0.0103102311954498));
#14915=CARTESIAN_POINT('',(0.0109271033511102,0.0790901403846288,0.0103102311954498));
#14916=CARTESIAN_POINT('',(0.0109271033511102,0.0814068317848388,0.0103102311954498));
#14917=CARTESIAN_POINT('',(0.00672429142599127,0.0813967226188726,0.0103102311954498));
#14918=CARTESIAN_POINT('',(0.00672429142599127,0.0813967226188726,0.0107102311954498));
#14919=CARTESIAN_POINT('',(0.00672429142599127,0.0813967226188726,0.0103102311954498));
#14920=CARTESIAN_POINT('',(-0.0143358361992152,0.0238395672037221,0.0103102311954498));
#14921=CARTESIAN_POINT('',(0.0122367909717287,0.112094264718487,0.0103102311954498));
#14922=CARTESIAN_POINT('',(0.00785370170212701,0.112094517011446,0.0103102311954498));
#14923=CARTESIAN_POINT('',(0.00785370170212701,0.112094517011446,0.0103102311954498));
#14924=CARTESIAN_POINT('',(0.0122367909717287,0.112094264718487,0.0103102311954498));
#14925=CARTESIAN_POINT('',(0.0166198795292711,0.112094190635187,0.0103102311954498));
#14926=CARTESIAN_POINT('',(0.0166198795292711,0.112094190635187,0.0103102311954498));
#14927=CARTESIAN_POINT('',(0.0078598394302828,0.111110229200189,0.0103102311954498));
#14928=CARTESIAN_POINT('',(0.0068754867997609,0.111116367216816,0.0103102311954498));
#14929=CARTESIAN_POINT('',(0.0068754867997609,0.111116367216816,0.0103102311954498));
#14930=CARTESIAN_POINT('',(0.0078598394302828,0.111110229200189,0.0103102311954498));
#14931=CARTESIAN_POINT('',(0.00785174338098881,0.111114681016831,0.0103102311954498));
#14932=CARTESIAN_POINT('',(0.0078537038386362,0.110138538392212,0.0103102311954498));
#14933=CARTESIAN_POINT('',(0.0078537038386362,0.110138538392212,0.0103102311954498));
#14934=CARTESIAN_POINT('',(0.00785174338098881,0.111114681016831,0.0103102311954498));
#14935=CARTESIAN_POINT('',(0.0122367923959885,0.110138464363212,0.0103102311954498));
#14936=CARTESIAN_POINT('',(0.0166198816655417,0.110138212062662,0.0103102311954498));
#14937=CARTESIAN_POINT('',(0.0166198816655417,0.110138212062662,0.0103102311954498));
#14938=CARTESIAN_POINT('',(0.0122367923959885,0.110138464363212,0.0103102311954498));
#14939=CARTESIAN_POINT('',(0.0166137438811703,0.111122499614261,0.0103102311954498));
#14940=CARTESIAN_POINT('',(0.0175980962274051,0.111116362579768,0.0103102311954498));
#14941=CARTESIAN_POINT('',(0.0175980962274051,0.111116362579768,0.0103102311954498));
#14942=CARTESIAN_POINT('',(0.0166137438811703,0.111122499614261,0.0103102311954498));
#14943=CARTESIAN_POINT('',(0.0166218414590243,0.111118049808989,0.0103102311954498));
#14944=CARTESIAN_POINT('',(0.0166218414590243,0.111118049808989,0.0103102311954498));
#14945=CARTESIAN_POINT('',(-0.0143358361992152,0.0238395672037221,0.0103102311954498));
#14946=CARTESIAN_POINT('',(-0.0185261049926282,0.0992033561421953,0.0107102311954498));
#14947=CARTESIAN_POINT('',(-0.0605117835959217,0.0467970257958096,-0.0074897688045502));
#14948=CARTESIAN_POINT('',(-0.0565117835959217,0.0467970257958096,-0.0074897688045502));
#14949=CARTESIAN_POINT('',(-0.0565117835959217,0.0471970257958096,-0.0074897688045502));
#14950=CARTESIAN_POINT('',(-0.0565117835959217,0.0463970257958096,-0.0074897688045502));
#14951=CARTESIAN_POINT('',(-0.0605117835959217,0.0463970257958096,-0.0074897688045502));
#14952=CARTESIAN_POINT('',(-0.0605117835959217,0.0463970257958096,-0.0074897688045502));
#14953=CARTESIAN_POINT('',(-0.0605117835959217,0.0467970257958096,-0.0074897688045502));
#14954=CARTESIAN_POINT('',(-0.0605117835959217,0.0471970257958096,-0.0074897688045502));
#14955=CARTESIAN_POINT('',(-0.0605117835959217,0.0471970257958096,-0.0074897688045502));
#14956=CARTESIAN_POINT('',(-0.0605117835959217,0.0428970257958095,-0.00748976880455019));
#14957=CARTESIAN_POINT('',(-0.0565117835959217,0.0428970257958095,-0.00748976880455019));
#14958=CARTESIAN_POINT('',(-0.0565117835959217,0.0404221520616567,-0.00501489507039728));
#14959=CARTESIAN_POINT('',(-0.0605117835959217,0.0404221520616567,-0.00501489507039728));
#14960=CARTESIAN_POINT('',(-0.0605117835959217,0.0404221520616567,-0.00501489507039728));
#14961=CARTESIAN_POINT('',(-0.0605117835959217,0.0428970257958095,-0.00748976880455019));
#14962=CARTESIAN_POINT('',(-0.0605117835959217,0.0438095889287333,-0.00162745820332069));
#14963=CARTESIAN_POINT('',(-0.0565117835959217,0.0438095889287333,-0.00162745820332069));
#14964=CARTESIAN_POINT('',(-0.0605117835959217,0.0438095889287333,-0.00162745820332069));
#14965=CARTESIAN_POINT('',(-0.0605117835959217,0.0471970257958099,-0.00286489507039715));
#14966=CARTESIAN_POINT('',(-0.0605117835959217,0.0471970257958099,-0.00286489507039715));
#14967=CARTESIAN_POINT('',(-0.0565117835959217,0.0471970257958099,-0.00286489507039715));
#14968=CARTESIAN_POINT('',(-0.0605117835959217,0.0432970257958097,-0.0006397688045502));
#14969=CARTESIAN_POINT('',(-0.0605117835959217,0.0428970257958096,-0.0074897688045502));
#14970=CARTESIAN_POINT('',(-0.0605117835959217,0.0428970257958096,-0.0057897688045502));
#14971=CARTESIAN_POINT('',(-0.0565117835959217,0.0432970257958097,-0.0006397688045502));
#14972=CARTESIAN_POINT('',(-0.0565117835959217,0.0428970257958096,-0.0074897688045502));
#14973=CARTESIAN_POINT('',(-0.0565117835959217,0.0428970257958096,-0.0091897688045502));
#14974=CARTESIAN_POINT('',(-0.0521117835959217,0.0467970257958096,-0.0074897688045502));
#14975=CARTESIAN_POINT('',(-0.0481117835959217,0.0467970257958096,-0.0074897688045502));
#14976=CARTESIAN_POINT('',(-0.0481117835959217,0.0471970257958096,-0.0074897688045502));
#14977=CARTESIAN_POINT('',(-0.0481117835959217,0.0463970257958096,-0.0074897688045502));
#14978=CARTESIAN_POINT('',(-0.0521117835959217,0.0463970257958096,-0.0074897688045502));
#14979=CARTESIAN_POINT('',(-0.0521117835959217,0.0463970257958096,-0.0074897688045502));
#14980=CARTESIAN_POINT('',(-0.0521117835959217,0.0467970257958096,-0.0074897688045502));
#14981=CARTESIAN_POINT('',(-0.0521117835959217,0.0471970257958096,-0.0074897688045502));
#14982=CARTESIAN_POINT('',(-0.0521117835959217,0.0471970257958096,-0.0074897688045502));
#14983=CARTESIAN_POINT('',(-0.0521117835959217,0.0428970257958095,-0.00748976880455019));
#14984=CARTESIAN_POINT('',(-0.0481117835959217,0.0428970257958095,-0.00748976880455019));
#14985=CARTESIAN_POINT('',(-0.0481117835959217,0.0404221520616567,-0.00501489507039728));
#14986=CARTESIAN_POINT('',(-0.0521117835959217,0.0404221520616567,-0.00501489507039728));
#14987=CARTESIAN_POINT('',(-0.0521117835959217,0.0404221520616567,-0.00501489507039728));
#14988=CARTESIAN_POINT('',(-0.0521117835959217,0.0428970257958095,-0.00748976880455019));
#14989=CARTESIAN_POINT('',(-0.0521117835959217,0.0438095889287333,-0.00162745820332069));
#14990=CARTESIAN_POINT('',(-0.0481117835959217,0.0438095889287333,-0.00162745820332069));
#14991=CARTESIAN_POINT('',(-0.0521117835959217,0.0438095889287333,-0.00162745820332069));
#14992=CARTESIAN_POINT('',(-0.0521117835959217,0.0471970257958099,-0.00286489507039715));
#14993=CARTESIAN_POINT('',(-0.0521117835959217,0.0471970257958099,-0.00286489507039715));
#14994=CARTESIAN_POINT('',(-0.0481117835959217,0.0471970257958099,-0.00286489507039715));
#14995=CARTESIAN_POINT('',(-0.0521117835959217,0.0432970257958097,-0.0006397688045502));
#14996=CARTESIAN_POINT('',(-0.0521117835959217,0.0428970257958096,-0.0074897688045502));
#14997=CARTESIAN_POINT('',(-0.0521117835959217,0.0428970257958096,-0.0091897688045502));
#14998=CARTESIAN_POINT('',(-0.0481117835959217,0.0432970257958097,-0.0006397688045502));
#14999=CARTESIAN_POINT('',(-0.0481117835959217,0.0428970257958096,-0.0074897688045502));
#15000=CARTESIAN_POINT('',(-0.0481117835959217,0.0428970257958096,-0.0057897688045502));
#15001=CARTESIAN_POINT('',(-0.0605117835959217,0.0428970257958096,-0.0074897688045502));
#15002=CARTESIAN_POINT('',(-0.0622117835959217,0.0428970257958096,-0.0074897688045502));
#15003=CARTESIAN_POINT('',(-0.0481117835959217,0.0428970257958096,-0.0074897688045502));
#15004=CARTESIAN_POINT('',(-0.0464117835959217,0.0428970257958096,-0.0074897688045502));
#15005=CARTESIAN_POINT('',(-0.0519117835959217,0.0428970257958096,-0.0074897688045502));
#15006=CARTESIAN_POINT('',(-0.0519117835959217,0.0428970257958096,-0.0074897688045502));
#15007=CARTESIAN_POINT('',(-0.0519117835959217,0.0428970257958096,-0.0057897688045502));
#15008=CARTESIAN_POINT('',(-0.0519117835959217,0.0428970257958096,-0.0074897688045502));
#15009=CARTESIAN_POINT('',(-0.0502117835959217,0.0428970257958096,-0.0074897688045502));
#15010=CARTESIAN_POINT('',(-0.0567117835959217,0.0428970257958096,-0.0074897688045502));
#15011=CARTESIAN_POINT('',(-0.0567117835959217,0.0428970257958096,-0.0074897688045502));
#15012=CARTESIAN_POINT('',(-0.0567117835959217,0.0428970257958096,-0.0057897688045502));
#15013=CARTESIAN_POINT('',(-0.0567117835959217,0.0428970257958096,-0.0074897688045502));
#15014=CARTESIAN_POINT('',(-0.0584117835959217,0.0428970257958096,-0.0074897688045502));
#15015=CARTESIAN_POINT('',(-0.0252505204115103,0.14019651879581,0.00221023119544981));
#15016=CARTESIAN_POINT('',(-0.025670070227099,0.14019651879581,0.0017102311954498));
#15017=CARTESIAN_POINT('',(-0.0252505204115103,0.14019651879581,0.00121023119544981));
#15018=CARTESIAN_POINT('',(-0.00761142078033302,0.14019651879581,0.00121023119544981));
#15019=CARTESIAN_POINT('',(-0.00719187096474438,0.14019651879581,0.0017102311954498));
#15020=CARTESIAN_POINT('',(-0.00761142078033302,0.14019651879581,0.00221023119544981));
#15021=CARTESIAN_POINT('',(0.,0.,0.));
#15022=CARTESIAN_POINT('',(-0.0164309705959216,0.0385970257958096,0.0087122311954498));
#15023=CARTESIAN_POINT('',(-0.0647117835959217,0.0385970257958096,-0.00286489507039728));
#15024=CARTESIAN_POINT('',(-0.0647117835959217,0.0385970257958096,-0.0074897688045502));
#15025=CARTESIAN_POINT('',(-0.0647117835959217,0.0385970257958096,0.00175997866375564));
#15026=CARTESIAN_POINT('',(-0.0647117835959217,0.0385970257958096,-0.0074897688045502));
#15027=CARTESIAN_POINT('',(-0.0607117835959217,0.0385970257958096,-0.0074897688045502));
#15028=CARTESIAN_POINT('',(-0.0607117835959217,0.0385970257958096,-0.00286489507039728));
#15029=CARTESIAN_POINT('',(-0.0607117835959217,0.0385970257958096,0.00175997866375564));
#15030=CARTESIAN_POINT('',(-0.0647117835959217,0.0385970257958096,0.00175997866375564));
#15031=CARTESIAN_POINT('',(-0.0563117835959217,0.0385970257958096,-0.00286489507039728));
#15032=CARTESIAN_POINT('',(-0.0563117835959217,0.0385970257958096,-0.0074897688045502));
#15033=CARTESIAN_POINT('',(-0.0563117835959217,0.0385970257958096,0.00175997866375564));
#15034=CARTESIAN_POINT('',(-0.0563117835959217,0.0385970257958096,-0.0074897688045502));
#15035=CARTESIAN_POINT('',(-0.0523117835959217,0.0385970257958096,-0.0074897688045502));
#15036=CARTESIAN_POINT('',(-0.0523117835959217,0.0385970257958096,-0.00286489507039728));
#15037=CARTESIAN_POINT('',(-0.0523117835959217,0.0385970257958096,0.00175997866375564));
#15038=CARTESIAN_POINT('',(-0.0563117835959217,0.0385970257958096,0.00175997866375564));
#15039=CARTESIAN_POINT('',(0.0110498424040783,0.0385970257958096,-0.00286489507039728));
#15040=CARTESIAN_POINT('',(0.0110498424040783,0.0385970257958096,0.00175997866375564));
#15041=CARTESIAN_POINT('',(0.0110498424040783,0.0385970257958096,-0.0074897688045502));
#15042=CARTESIAN_POINT('',(-0.0164309705959216,0.0385970257958096,-0.0074897688045502));
#15043=CARTESIAN_POINT('',(0.0150498424040783,0.0385970257958096,-0.0074897688045502));
#15044=CARTESIAN_POINT('',(0.0150498424040783,0.0385970257958096,-0.00286489507039728));
#15045=CARTESIAN_POINT('',(0.0150498424040783,0.0385970257958096,0.00175997866375564));
#15046=CARTESIAN_POINT('',(0.0110498424040783,0.0385970257958096,0.00175997866375564));
#15047=CARTESIAN_POINT('',(0.0194498424040783,0.0385970257958096,-0.00286489507039728));
#15048=CARTESIAN_POINT('',(0.0194498424040783,0.0385970257958096,0.00175997866375564));
#15049=CARTESIAN_POINT('',(0.0194498424040783,0.0385970257958096,-0.0074897688045502));
#15050=CARTESIAN_POINT('',(-0.0164309705959216,0.0385970257958096,-0.0074897688045502));
#15051=CARTESIAN_POINT('',(0.0234498424040783,0.0385970257958096,-0.0074897688045502));
#15052=CARTESIAN_POINT('',(0.0234498424040783,0.0385970257958096,-0.00286489507039728));
#15053=CARTESIAN_POINT('',(0.0234498424040783,0.0385970257958096,0.00175997866375564));
#15054=CARTESIAN_POINT('',(0.0234498424040783,0.0385970257958096,0.00175997866375564));
#15055=CARTESIAN_POINT('',(0.0278498424040784,0.0385970257958096,-0.00286489507039728));
#15056=CARTESIAN_POINT('',(0.0278498424040784,0.0385970257958096,0.00175997866375564));
#15057=CARTESIAN_POINT('',(0.0278498424040784,0.0385970257958096,-0.0074897688045502));
#15058=CARTESIAN_POINT('',(-0.0164309705959216,0.0385970257958096,-0.0074897688045502));
#15059=CARTESIAN_POINT('',(0.0318498424040784,0.0385970257958096,-0.0074897688045502));
#15060=CARTESIAN_POINT('',(0.0318498424040784,0.0385970257958096,-0.00286489507039728));
#15061=CARTESIAN_POINT('',(0.0318498424040784,0.0385970257958096,0.00175997866375564));
#15062=CARTESIAN_POINT('',(0.0318498424040784,0.0385970257958096,0.00175997866375564));
#15063=CARTESIAN_POINT('',(-0.0164309705959216,0.0385970257958096,-0.0094897688045502));
#15064=CARTESIAN_POINT('',(-0.0732521900959217,0.0385970257958096,-0.0094897688045502));
#15065=CARTESIAN_POINT('',(0.0403902489040784,0.0385970257958093,-0.0094897688045502));
#15066=CARTESIAN_POINT('',(-0.0732521900959217,0.0385970257958096,0.0087122311954498));
#15067=CARTESIAN_POINT('',(-0.0732521900959217,0.0385970257958096,0.0097102311954498));
#15068=CARTESIAN_POINT('',(-0.0164309705959216,0.0385970257958096,0.0097102311954498));
#15069=CARTESIAN_POINT('',(0.0403902489040784,0.0385970257958093,0.0097102311954498));
#15070=CARTESIAN_POINT('',(0.0403902489040784,0.0385970257958093,0.0087122311954498));
#15071=CARTESIAN_POINT('',(-0.0439117835959217,0.0385970257958096,-0.0074897688045502));
#15072=CARTESIAN_POINT('',(-0.0439117835959217,0.0385970257958096,-0.0074897688045502));
#15073=CARTESIAN_POINT('',(-0.0479117835959217,0.0385970257958096,-0.0074897688045502));
#15074=CARTESIAN_POINT('',(-0.0439117835959217,0.0385970257958096,-0.00286489507039728));
#15075=CARTESIAN_POINT('',(-0.0439117835959217,0.0385970257958096,0.00175997866375564));
#15076=CARTESIAN_POINT('',(-0.0439117835959217,0.0385970257958096,0.00175997866375564));
#15077=CARTESIAN_POINT('',(-0.0479117835959217,0.0385970257958096,0.00175997866375564));
#15078=CARTESIAN_POINT('',(-0.0479117835959217,0.0385970257958096,-0.00286489507039728));
#15079=CARTESIAN_POINT('',(-0.0446337845959217,-0.0510024672041905,0.0087122311954498));
#15080=CARTESIAN_POINT('',(-0.0446337845959217,-0.0510024672041905,-0.0094897688045502));
#15081=CARTESIAN_POINT('',(-0.0244309705959216,-0.0510024672041905,-0.0094897688045502));
#15082=CARTESIAN_POINT('',(-0.0732521900959217,-0.0510024672041905,-0.0094897688045502));
#15083=CARTESIAN_POINT('',(-0.0244309705959216,-0.0510024672041905,-0.0058897688045502));
#15084=CARTESIAN_POINT('',(-0.0244309705959216,-0.0510024672041905,0.000524444757822895));
#15085=CARTESIAN_POINT('',(-0.00843097059592166,-0.0510024672041905,0.000524444757822895));
#15086=CARTESIAN_POINT('',(-0.00843097059592166,-0.0510024672041905,0.000524444757822908));
#15087=CARTESIAN_POINT('',(-0.00843097059592166,-0.0510024672041905,-0.0058897688045502));
#15088=CARTESIAN_POINT('',(-0.00843097059592166,-0.0510024672041905,-0.0094897688045502));
#15089=CARTESIAN_POINT('',(-0.0446337845959217,-0.0510024672041905,-0.0094897688045502));
#15090=CARTESIAN_POINT('',(-0.00562181209592156,-0.0510024672041905,-0.0094897688045502));
#15091=CARTESIAN_POINT('',(-0.00562181209592156,-0.0510024672041905,0.0087122311954498));
#15092=CARTESIAN_POINT('',(-0.00562181209592156,-0.0510024672041905,0.0097102311954498));
#15093=CARTESIAN_POINT('',(-0.0446337845959217,-0.0510024672041905,0.0097102311954498));
#15094=CARTESIAN_POINT('',(-0.0732521900959217,-0.0510024672041905,0.0097102311954498));
#15095=CARTESIAN_POINT('',(-0.0732521900959217,-0.0510024672041905,0.0087122311954498));
#15096=CARTESIAN_POINT('',(-0.0185261049926281,-0.0137083551198938,-0.0074897688045502));
#15097=CARTESIAN_POINT('',(-0.0516213965959217,0.0324412857958096,-0.0074897688045502));
#15098=CARTESIAN_POINT('',(-0.0732521900959217,0.0324412857958093,-0.0074897688045502));
#15099=CARTESIAN_POINT('',(-0.0299906030959217,0.0324412857958096,-0.0074897688045502));
#15100=CARTESIAN_POINT('',(-0.0732521900959215,0.0304412857958093,-0.0074897688045502));
#15101=CARTESIAN_POINT('',(-0.0752521900959217,0.0304412857958096,-0.0074897688045502));
#15102=CARTESIAN_POINT('',(-0.0752521900959217,0.00592658603236757,-0.0074897688045502));
#15103=CARTESIAN_POINT('',(-0.0752521900959217,-0.0185881137310745,-0.0074897688045502));
#15104=CARTESIAN_POINT('',(-0.0800025119463846,-0.0194252329848221,-0.0074897688045502));
#15105=CARTESIAN_POINT('',(-0.0847528337968474,-0.0202623522385702,-0.0074897688045502));
#15106=CARTESIAN_POINT('',(-0.0845792842742826,-0.0212471773820436,-0.0074897688045502));
#15107=CARTESIAN_POINT('',(-0.0855641043445987,-0.0214207556903159,-0.0074897688045502));
#15108=CARTESIAN_POINT('',(-0.0837850389951322,-0.0315145242031923,-0.0074897688045502));
#15109=CARTESIAN_POINT('',(-0.0820059736456656,-0.0416082927160688,-0.0074897688045502));
#15110=CARTESIAN_POINT('',(-0.0810211535753497,-0.0414347144077963,-0.0074897688045502));
#15111=CARTESIAN_POINT('',(-0.0808477335248832,-0.0424195623585457,-0.0074897688045502));
#15112=CARTESIAN_POINT('',(-0.0780499618104024,-0.0419269079223456,-0.0074897688045502));
#15113=CARTESIAN_POINT('',(-0.0752521900959217,-0.0414342534861456,-0.0074897688045502));
#15114=CARTESIAN_POINT('',(-0.0752521900959217,-0.0434669403451681,-0.0074897688045502));
#15115=CARTESIAN_POINT('',(-0.0752521900959215,-0.0454996272041907,-0.0074897688045502));
#15116=CARTESIAN_POINT('',(-0.0732521900959215,-0.0454996272041907,-0.0074897688045502));
#15117=CARTESIAN_POINT('',(-0.0732521900959217,-0.0474996272041904,-0.0074897688045502));
#15118=CARTESIAN_POINT('',(-0.0451337845959217,-0.0474996272041904,-0.0074897688045502));
#15119=CARTESIAN_POINT('',(-0.0170153790959216,-0.0474996272041904,-0.0074897688045502));
#15120=CARTESIAN_POINT('',(-0.0170153790959216,-0.0477510472041904,-0.0074897688045502));
#15121=CARTESIAN_POINT('',(-0.0170153790959216,-0.0480024672041904,-0.0074897688045502));
#15122=CARTESIAN_POINT('',(-0.0160153790959216,-0.0480024672041907,-0.0074897688045502));
#15123=CARTESIAN_POINT('',(-0.0160153790959216,-0.0490024672041907,-0.0074897688045502));
#15124=CARTESIAN_POINT('',(-0.0108185955959215,-0.0490024672041904,-0.0074897688045502));
#15125=CARTESIAN_POINT('',(-0.00562181209592156,-0.0490024672041904,-0.0074897688045502));
#15126=CARTESIAN_POINT('',(-0.0056218120959216,-0.114952402513916,-0.0074897688045502));
#15127=CARTESIAN_POINT('',(0.0275626847792072,-0.0579595684511889,-0.0074897688045502));
#15128=CARTESIAN_POINT('',(0.0321705608190404,-0.0606205874956479,-0.0074897688045502));
#15129=CARTESIAN_POINT('',(0.0367784368588734,-0.063281606540107,-0.0074897688045502));
#15130=CARTESIAN_POINT('',(0.0372785299634731,-0.0624156348969623,-0.0074897688045502));
#15131=CARTESIAN_POINT('',(0.0381445812658666,-0.0629155900365717,-0.0074897688045502));
#15132=CARTESIAN_POINT('',(0.0432688534286427,-0.0540390284637674,-0.0074897688045502));
#15133=CARTESIAN_POINT('',(0.048393125591419,-0.0451624668909633,-0.0074897688045502));
#15134=CARTESIAN_POINT('',(0.0475270742890252,-0.0446625117513529,-0.0074897688045502));
#15135=CARTESIAN_POINT('',(0.0480272699703087,-0.0437965993536899,-0.0074897688045502));
#15136=CARTESIAN_POINT('',(0.0452087594371936,-0.0421684822368575,-0.0074897688045502));
#15137=CARTESIAN_POINT('',(0.0423902489040783,-0.0405403651200253,-0.0074897688045502));
#15138=CARTESIAN_POINT('',(0.0423902489040783,-0.00504953966210786,-0.0074897688045502));
#15139=CARTESIAN_POINT('',(0.0423902489040783,0.0304412857958096,-0.0074897688045502));
#15140=CARTESIAN_POINT('',(0.0403902489040785,0.0304412857958093,-0.0074897688045502));
#15141=CARTESIAN_POINT('',(0.0403902489040784,0.0324412857958093,-0.0074897688045502));
#15142=CARTESIAN_POINT('',(0.0169496969040783,0.0324412857958096,-0.0074897688045502));
#15143=CARTESIAN_POINT('',(-0.00649085509592166,0.0324412857958096,-0.0074897688045502));
#15144=CARTESIAN_POINT('',(-0.00649085509592166,0.0340191557958095,-0.0074897688045502));
#15145=CARTESIAN_POINT('',(-0.00649085509592166,0.0355970257958095,-0.0074897688045502));
#15146=CARTESIAN_POINT('',(-0.00749085509592155,0.0355970257958093,-0.0074897688045502));
#15147=CARTESIAN_POINT('',(-0.00749085509592167,0.0365970257958093,-0.0074897688045502));
#15148=CARTESIAN_POINT('',(-0.0182407290959216,0.0365970257958095,-0.0074897688045502));
#15149=CARTESIAN_POINT('',(-0.0289906030959216,0.0365970257958095,-0.0074897688045502));
#15150=CARTESIAN_POINT('',(-0.0289906030959215,0.0355970257958093,-0.0074897688045502));
#15151=CARTESIAN_POINT('',(-0.0299906030959215,0.0355970257958095,-0.0074897688045502));
#15152=CARTESIAN_POINT('',(-0.0299906030959217,0.0340191557958095,-0.0074897688045502));
#15153=CARTESIAN_POINT('',(-0.0867479106022595,-0.00894107764158472,-0.0074897688045502));
#15154=CARTESIAN_POINT('',(-0.0764521900959217,-0.00894107764158442,-0.0074897688045502));
#15155=CARTESIAN_POINT('',(-0.0849610932239251,-0.019080562066402,-0.0074897688045502));
#15156=CARTESIAN_POINT('',(-0.0764521900959217,0.0128279740771126,-0.0074897688045502));
#15157=CARTESIAN_POINT('',(-0.0764521900959217,0.0345970257958095,-0.0074897688045502));
#15158=CARTESIAN_POINT('',(-0.0732521900959216,0.0345970257958093,-0.0074897688045502));
#15159=CARTESIAN_POINT('',(-0.0732521900959217,0.0377970257958095,-0.0074897688045502));
#15160=CARTESIAN_POINT('',(0.0361200456540784,0.0377970257958095,-0.0074897688045502));
#15161=CARTESIAN_POINT('',(0.0403902489040784,0.0377970257958095,-0.0074897688045502));
#15162=CARTESIAN_POINT('',(0.0403902489040785,0.0345970257958093,-0.0074897688045502));
#15163=CARTESIAN_POINT('',(0.0435902489040785,0.0345970257958095,-0.0074897688045502));
#15164=CARTESIAN_POINT('',(0.0435902489040784,0.000283290701921547,-0.0074897688045502));
#15165=CARTESIAN_POINT('',(0.0435902489040784,-0.0340304443919664,-0.0074897688045502));
#15166=CARTESIAN_POINT('',(0.0536687050020393,-0.0340304443919664,-0.0074897688045502));
#15167=CARTESIAN_POINT('',(0.0486275047878473,-0.0427575044764942,-0.0074897688045502));
#15168=CARTESIAN_POINT('',(0.0475270742890271,-0.0446625117513524,-0.0074897688045502));
#15169=CARTESIAN_POINT('',(0.0494323871542913,-0.0457624130584954,-0.0074897688045502));
#15170=CARTESIAN_POINT('',(0.0443081149915149,-0.0546389746312996,-0.0074897688045502));
#15171=CARTESIAN_POINT('',(0.0391838428287387,-0.063515536204104,-0.0074897688045502));
#15172=CARTESIAN_POINT('',(0.0372785299634731,-0.0624156348969623,-0.0074897688045502));
#15173=CARTESIAN_POINT('',(0.0361783251333537,-0.0643207725118814,-0.0074897688045502));
#15174=CARTESIAN_POINT('',(0.0315710837289658,-0.061660119965347,-0.0074897688045502));
#15175=CARTESIAN_POINT('',(0.0269638423245778,-0.0589994674188126,-0.0074897688045502));
#15176=CARTESIAN_POINT('',(-0.00562181209592152,-0.114952498976088,-0.0074897688045502));
#15177=CARTESIAN_POINT('',(-0.00562181209592159,-0.0502024672041904,-0.0074897688045502));
#15178=CARTESIAN_POINT('',(-0.0394359251466841,-0.0502024672041905,-0.0074897688045502));
#15179=CARTESIAN_POINT('',(-0.0732500381974466,-0.0502024672041905,-0.0074897688045502));
#15180=CARTESIAN_POINT('',(-0.0731943926212795,-0.0400552178209488,-0.0074897688045502));
#15181=CARTESIAN_POINT('',(-0.0831877577300449,-0.0418165866859957,-0.0074897688045502));
#15182=CARTESIAN_POINT('',(-0.0849668230795114,-0.0317228181731192,-0.0074897688045502));
#15183=CARTESIAN_POINT('',(-0.086745888428978,-0.0216290496602427,-0.0074897688045502));
#15184=CARTESIAN_POINT('',(-0.0845792842742827,-0.0212471773820435,-0.0074897688045502));
#15185=CARTESIAN_POINT('',(-0.0165153790959218,-0.0475010472041907,0.0087102311954498));
#15186=CARTESIAN_POINT('',(-0.0165153790959218,-0.0475010472041907,0.0067102311954498));
#15187=CARTESIAN_POINT('',(-0.0165153790959218,-0.0264898402041902,0.0067102311954498));
#15188=CARTESIAN_POINT('',(-0.0165153790959218,-0.0480024672041907,0.0067102311954498));
#15189=CARTESIAN_POINT('',(-0.0165153790959218,-0.0264898402041902,0.0087102311954498));
#15190=CARTESIAN_POINT('',(-0.0165153790959218,-0.0264898402041902,0.0087102311954498));
#15191=CARTESIAN_POINT('',(-0.0165153790959218,-0.0475010472041907,0.0087102311954498));
#15192=CARTESIAN_POINT('',(-0.0165153790959218,-0.0480024672041907,0.0087102311954498));
#15193=CARTESIAN_POINT('',(-0.0165153790959218,-0.0480024672041907,0.0087102311954498));
#15194=CARTESIAN_POINT('',(0.0202351404040782,-0.0264898402041902,0.0087102311954498));
#15195=CARTESIAN_POINT('',(0.0202351404040782,-0.0264898402041902,0.0067102311954498));
#15196=CARTESIAN_POINT('',(-0.0100703760959218,-0.0264898402041902,0.0067102311954498));
#15197=CARTESIAN_POINT('',(-0.0100703760959218,-0.0264898402041902,0.0087102311954498));
#15198=CARTESIAN_POINT('',(-0.0100703760959218,-0.0264898402041902,0.0087102311954498));
#15199=CARTESIAN_POINT('',(0.0202351404040782,-0.0264898402041902,0.0087102311954498));
#15200=CARTESIAN_POINT('',(-0.0100703760959218,-0.0156911589750162,0.0087102311954498));
#15201=CARTESIAN_POINT('',(-0.0100703760959218,-0.0156911589750162,0.0067102311954498));
#15202=CARTESIAN_POINT('',(-0.0100703760959218,-0.0178815032041902,0.0067102311954498));
#15203=CARTESIAN_POINT('',(-0.0100703760959218,-0.0178815032041902,0.0087102311954498));
#15204=CARTESIAN_POINT('',(-0.0100703760959218,-0.0178815032041902,0.0087102311954498));
#15205=CARTESIAN_POINT('',(-0.0100703760959218,-0.0156911589750162,0.0087102311954498));
#15206=CARTESIAN_POINT('',(0.0118742689040782,-0.0178815032041902,0.0087102311954498));
#15207=CARTESIAN_POINT('',(0.0118742689040782,-0.0178815032041902,0.0067102311954498));
#15208=CARTESIAN_POINT('',(-0.0267921190959217,-0.0178815032041902,0.0067102311954498));
#15209=CARTESIAN_POINT('',(-0.0267921190959217,-0.0178815032041902,0.0087102311954498));
#15210=CARTESIAN_POINT('',(-0.0267921190959217,-0.0178815032041902,0.0087102311954498));
#15211=CARTESIAN_POINT('',(0.0118742689040782,-0.0178815032041902,0.0087102311954498));
#15212=CARTESIAN_POINT('',(-0.0264261849552212,-0.0231063341380842,0.0087102311954498));
#15213=CARTESIAN_POINT('',(-0.0264261849552212,-0.0231063341380842,0.0067102311954498));
#15214=CARTESIAN_POINT('',(-0.0261324210959217,-0.0273007132041906,0.0067102311954498));
#15215=CARTESIAN_POINT('',(-0.0261324210959217,-0.0273007132041906,0.0087102311954498));
#15216=CARTESIAN_POINT('',(-0.0261324210959217,-0.0273007132041906,0.0087102311954498));
#15217=CARTESIAN_POINT('',(-0.0264261849552212,-0.0231063341380842,0.0087102311954498));
#15218=CARTESIAN_POINT('',(0.0034472214101362,-0.0252311183333681,0.0087102311954498));
#15219=CARTESIAN_POINT('',(0.0034472214101362,-0.0252311183333681,0.0067102311954498));
#15220=CARTESIAN_POINT('',(-0.0442335320959217,-0.0285671912041906,0.0067102311954498));
#15221=CARTESIAN_POINT('',(-0.0442335320959217,-0.0285671912041906,0.0087102311954498));
#15222=CARTESIAN_POINT('',(-0.0442335320959217,-0.0285671912041906,0.0087102311954498));
#15223=CARTESIAN_POINT('',(0.0034472214101362,-0.0252311183333681,0.0087102311954498));
#15224=CARTESIAN_POINT('',(-0.0429735649355777,-0.0357162654429532,0.0087102311954498));
#15225=CARTESIAN_POINT('',(-0.0429735649355777,-0.0357162654429532,0.0067102311954498));
#15226=CARTESIAN_POINT('',(-0.0419933830959218,-0.0412778332041905,0.0067102311954498));
#15227=CARTESIAN_POINT('',(-0.0419933830959218,-0.0412778332041905,0.0087102311954498));
#15228=CARTESIAN_POINT('',(-0.0419933830959218,-0.0412778332041905,0.0087102311954498));
#15229=CARTESIAN_POINT('',(-0.0429735649355777,-0.0357162654429532,0.0087102311954498));
#15230=CARTESIAN_POINT('',(-0.0043491019938687,-0.0346396061091181,0.0087102311954498));
#15231=CARTESIAN_POINT('',(-0.0043491019938687,-0.0346396061091181,0.0067102311954498));
#15232=CARTESIAN_POINT('',(-0.0611986930959218,-0.0446645152041905,0.0067102311954498));
#15233=CARTESIAN_POINT('',(-0.0611986930959218,-0.0446645152041905,0.0087102311954498));
#15234=CARTESIAN_POINT('',(-0.0611986930959218,-0.0446645152041905,0.0087102311954498));
#15235=CARTESIAN_POINT('',(-0.0043491019938687,-0.0346396061091181,0.0087102311954498));
#15236=CARTESIAN_POINT('',(-0.0628409431403493,-0.0353409165760541,0.0087102311954498));
#15237=CARTESIAN_POINT('',(-0.0628409431403493,-0.0353409165760541,0.0067102311954498));
#15238=CARTESIAN_POINT('',(-0.0625216160959219,-0.0371538422041901,0.0067102311954498));
#15239=CARTESIAN_POINT('',(-0.0625216160959219,-0.0371538422041901,0.0087102311954498));
#15240=CARTESIAN_POINT('',(-0.0625216160959219,-0.0371538422041901,0.0087102311954498));
#15241=CARTESIAN_POINT('',(-0.0628409431403493,-0.0353409165760541,0.0087102311954498));
#15242=CARTESIAN_POINT('',(-0.014549624025817,-0.0286994107180082,0.0087102311954498));
#15243=CARTESIAN_POINT('',(-0.014549624025817,-0.0286994107180082,0.0067102311954498));
#15244=CARTESIAN_POINT('',(-0.0802770030959218,-0.04028299520419,0.0067102311954498));
#15245=CARTESIAN_POINT('',(-0.0802770030959218,-0.04028299520419,0.0087102311954498));
#15246=CARTESIAN_POINT('',(-0.0802770030959218,-0.0402829952041899,0.0087102311954498));
#15247=CARTESIAN_POINT('',(-0.014549624025817,-0.0286994107180082,0.0087102311954498));
#15248=CARTESIAN_POINT('',(-0.0822011085215561,-0.0293740977829322,0.0087102311954498));
#15249=CARTESIAN_POINT('',(-0.0822011085215561,-0.0293740977829322,0.0067102311954498));
#15250=CARTESIAN_POINT('',(-0.0834908230959218,-0.0220619392041901,0.0067102311954498));
#15251=CARTESIAN_POINT('',(-0.0834908230959218,-0.0220619392041901,0.0087102311954498));
#15252=CARTESIAN_POINT('',(-0.0834908230959218,-0.0220619392041901,0.0087102311954498));
#15253=CARTESIAN_POINT('',(-0.0822011085215561,-0.0293740977829322,0.0087102311954498));
#15254=CARTESIAN_POINT('',(-0.0088965218009554,-0.00890260343732455,0.0087102311954498));
#15255=CARTESIAN_POINT('',(-0.0088965218009554,-0.00890260343732455,0.0067102311954498));
#15256=CARTESIAN_POINT('',(-0.0657526241172889,-0.0189322658035268,0.0067102311954498));
#15257=CARTESIAN_POINT('',(-0.0657526241172889,-0.0189322658035268,0.0087102311954498));
#15258=CARTESIAN_POINT('',(-0.0657525864059339,-0.0189324795720808,0.0087102311954498));
#15259=CARTESIAN_POINT('',(-0.0088965218009554,-0.00890260343732455,0.0087102311954498));
#15260=CARTESIAN_POINT('',(-0.0667572962033626,-0.0132026309704158,0.0087102311954498));
#15261=CARTESIAN_POINT('',(-0.0667572962033626,-0.0132026309704158,0.0067102311954498));
#15262=CARTESIAN_POINT('',(-0.0703074570959218,0.00704236079580981,0.0067102311954498));
#15263=CARTESIAN_POINT('',(-0.0703074570959218,0.00704236079580981,0.0087102311954498));
#15264=CARTESIAN_POINT('',(-0.0703074570959217,0.00704236079580983,0.0087102311954498));
#15265=CARTESIAN_POINT('',(-0.0667572962033626,-0.0132026309704158,0.0087102311954498));
#15266=CARTESIAN_POINT('',(-0.00248388687905179,0.0189984044694512,0.0087102311954498));
#15267=CARTESIAN_POINT('',(-0.00248388687905179,0.0189984044694512,0.0067102311954498));
#15268=CARTESIAN_POINT('',(-0.0483539960959218,0.0109123507958098,0.0067102311954498));
#15269=CARTESIAN_POINT('',(-0.0483539960959218,0.0109123507958098,0.0087102311954498));
#15270=CARTESIAN_POINT('',(-0.0483539960959218,0.0109123507958098,0.0087102311954498));
#15271=CARTESIAN_POINT('',(-0.00248388687905179,0.0189984044694512,0.0087102311954498));
#15272=CARTESIAN_POINT('',(-0.0477127631234327,0.00172471531409224,0.0087102311954498));
#15273=CARTESIAN_POINT('',(-0.0477127631234327,0.00172471531409224,0.0067102311954498));
#15274=CARTESIAN_POINT('',(-0.0492465270959218,0.0237006037958099,0.0067102311954498));
#15275=CARTESIAN_POINT('',(-0.0492465270959218,0.0237006037958099,0.0087102311954498));
#15276=CARTESIAN_POINT('',(-0.0492465270959218,0.0237006037958099,0.0087102311954498));
#15277=CARTESIAN_POINT('',(-0.0477127631234327,0.00172471531409224,0.0087102311954498));
#15278=CARTESIAN_POINT('',(0.00970389574628421,0.0278145640021779,0.0087102311954498));
#15279=CARTESIAN_POINT('',(0.00970389574628421,0.0278145640021779,0.0067102311954498));
#15280=CARTESIAN_POINT('',(-0.0280656530959218,0.0251787487958099,0.0067102311954498));
#15281=CARTESIAN_POINT('',(-0.0280656530959218,0.0251787487958099,0.0087102311954498));
#15282=CARTESIAN_POINT('',(-0.0280656530959218,0.0251787487958099,0.0087102311954498));
#15283=CARTESIAN_POINT('',(0.00970389574628421,0.0278145640021779,0.0087102311954498));
#15284=CARTESIAN_POINT('',(-0.0280656530959218,0.0105468080249838,0.0087102311954498));
#15285=CARTESIAN_POINT('',(-0.0280656530959218,0.0105468080249838,0.0067102311954498));
#15286=CARTESIAN_POINT('',(-0.0280656530959218,0.0345944307958099,0.0067102311954498));
#15287=CARTESIAN_POINT('',(-0.0280656530959218,0.0345944307958099,0.0087102311954498));
#15288=CARTESIAN_POINT('',(-0.0280656530959218,0.0345944307958099,0.0087102311954498));
#15289=CARTESIAN_POINT('',(-0.0280656530959218,0.0105468080249838,0.0087102311954498));
#15290=CARTESIAN_POINT('',(0.0209883244040782,0.0345944307958099,0.0087102311954498));
#15291=CARTESIAN_POINT('',(0.0209883244040782,0.0345944307958099,0.0067102311954498));
#15292=CARTESIAN_POINT('',(-0.0085640080959218,0.0345944307958099,0.0067102311954498));
#15293=CARTESIAN_POINT('',(-0.0085640080959218,0.0345944307958099,0.0087102311954498));
#15294=CARTESIAN_POINT('',(-0.0085640080959218,0.0345944307958099,0.0087102311954498));
#15295=CARTESIAN_POINT('',(0.0209883244040782,0.0345944307958099,0.0087102311954498));
#15296=CARTESIAN_POINT('',(-0.0085640080959218,0.00631169152498384,0.0087102311954498));
#15297=CARTESIAN_POINT('',(-0.0085640080959218,0.00631169152498384,0.0067102311954498));
#15298=CARTESIAN_POINT('',(-0.0085640080959218,0.0261241977958099,0.0067102311954498));
#15299=CARTESIAN_POINT('',(-0.0085640080959218,0.0261241977958099,0.0087102311954498));
#15300=CARTESIAN_POINT('',(-0.0085640080959218,0.0261241977958099,0.0087102311954498));
#15301=CARTESIAN_POINT('',(-0.0085640080959218,0.00631169152498384,0.0087102311954498));
#15302=CARTESIAN_POINT('',(0.0299841989040782,0.0261241977958099,0.0087102311954498));
#15303=CARTESIAN_POINT('',(0.0299841989040782,0.0261241977958099,0.0067102311954498));
#15304=CARTESIAN_POINT('',(0.00942774090407821,0.0261241977958099,0.0067102311954498));
#15305=CARTESIAN_POINT('',(0.00942774090407821,0.0261241977958099,0.0087102311954498));
#15306=CARTESIAN_POINT('',(0.00942774090407821,0.0261241977958099,0.0087102311954498));
#15307=CARTESIAN_POINT('',(0.0299841989040782,0.0261241977958099,0.0087102311954498));
#15308=CARTESIAN_POINT('',(0.00942774090407821,0.00497113002498385,0.0087102311954498));
#15309=CARTESIAN_POINT('',(0.00942774090407821,0.00497113002498385,0.0067102311954498));
#15310=CARTESIAN_POINT('',(0.00942774090407821,0.0234430747958098,0.0067102311954498));
#15311=CARTESIAN_POINT('',(0.00942774090407821,0.0234430747958098,0.0087102311954498));
#15312=CARTESIAN_POINT('',(0.00942774090407821,0.0234430747958098,0.0087102311954498));
#15313=CARTESIAN_POINT('',(0.00942774090407821,0.00497113002498385,0.0087102311954498));
#15314=CARTESIAN_POINT('',(0.0389800739040782,0.0234430747958098,0.0087102311954498));
#15315=CARTESIAN_POINT('',(0.0389800739040782,0.0234430747958098,0.0067102311954498));
#15316=CARTESIAN_POINT('',(0.0274194909040782,0.0234430747958098,0.0067102311954498));
#15317=CARTESIAN_POINT('',(0.0274194909040782,0.0234430747958098,0.0087102311954498));
#15318=CARTESIAN_POINT('',(0.0274194909040782,0.0234430747958098,0.0087102311954498));
#15319=CARTESIAN_POINT('',(0.0389800739040782,0.0234430747958098,0.0087102311954498));
#15320=CARTESIAN_POINT('',(0.0274194909040782,-0.0229871862106141,0.0087102311954498));
#15321=CARTESIAN_POINT('',(0.0274194909040782,-0.0229871862106141,0.0067102311954498));
#15322=CARTESIAN_POINT('',(0.0274194909040782,-0.0324735576753864,0.0067102311954498));
#15323=CARTESIAN_POINT('',(0.0274194909040782,-0.0324735576753864,0.0087102311954498));
#15324=CARTESIAN_POINT('',(0.0274194909040782,-0.0324735576753864,0.0087102311954498));
#15325=CARTESIAN_POINT('',(0.0274194909040782,-0.0229871862106141,0.0087102311954498));
#15326=CARTESIAN_POINT('',(0.0425167724354562,-0.0411899772315591,0.0087102311954498));
#15327=CARTESIAN_POINT('',(0.0425167724354562,-0.0411899772315591,0.0067102311954498));
#15328=CARTESIAN_POINT('',(0.0418901462127072,-0.0408285499996264,0.0067102311954498));
#15329=CARTESIAN_POINT('',(0.0418901462127072,-0.0408285499996264,0.0087102311954498));
#15330=CARTESIAN_POINT('',(0.041890069191558,-0.0408286833169351,0.0087102311954498));
#15331=CARTESIAN_POINT('',(0.0425167724354562,-0.0411899772315591,0.0087102311954498));
#15332=CARTESIAN_POINT('',(0.0448337105168733,-0.0425292602446896,0.0087102311954498));
#15333=CARTESIAN_POINT('',(0.0448337105168733,-0.0425292602446896,0.0067102311954498));
#15334=CARTESIAN_POINT('',(0.0477771721296678,-0.0442295555525211,0.0067102311954498));
#15335=CARTESIAN_POINT('',(0.0477771721296678,-0.0442295555525211,0.0087102311954498));
#15336=CARTESIAN_POINT('',(0.0477771721296675,-0.0442295555525217,0.0087102311954498));
#15337=CARTESIAN_POINT('',(0.0448337105168733,-0.0425292602446896,0.0087102311954498));
#15338=CARTESIAN_POINT('',(0.0475270742890262,-0.0446625117513531,0.0087102311954498));
#15339=CARTESIAN_POINT('',(0.0475270742890262,-0.0446625117513531,0.0067102311954498));
#15340=CARTESIAN_POINT('',(0.0479600999402226,-0.0449124893211588,0.0067102311954498));
#15341=CARTESIAN_POINT('',(0.0479600999402226,-0.0449124893211588,0.0087102311954498));
#15342=CARTESIAN_POINT('',(0.0479600999402217,-0.0449124893211588,0.0087102311954498));
#15343=CARTESIAN_POINT('',(0.0475270742890262,-0.0446625117513531,0.0087102311954498));
#15344=CARTESIAN_POINT('',(0.0428358277774457,-0.0537890508939623,0.0087102311954498));
#15345=CARTESIAN_POINT('',(0.0428358277774457,-0.0537890508939623,0.0067102311954498));
#15346=CARTESIAN_POINT('',(0.0377115556146695,-0.0626656124667662,0.0067102311954498));
#15347=CARTESIAN_POINT('',(0.0377115556146695,-0.0626656124667662,0.0087102311954498));
#15348=CARTESIAN_POINT('',(0.0377115556146699,-0.0626656124667664,0.0087102311954498));
#15349=CARTESIAN_POINT('',(0.0428358277774457,-0.0537890508939623,0.0087102311954498));
#15350=CARTESIAN_POINT('',(0.0372785299634732,-0.0624156348969612,0.0087102311954498));
#15351=CARTESIAN_POINT('',(0.0372785299634732,-0.0624156348969612,0.0067102311954498));
#15352=CARTESIAN_POINT('',(0.0370284834111734,-0.0628486207185339,0.0067102311954498));
#15353=CARTESIAN_POINT('',(0.0370284834111734,-0.0628486207185339,0.0087102311954498));
#15354=CARTESIAN_POINT('',(0.0370284834111734,-0.0628486207185342,0.0087102311954498));
#15355=CARTESIAN_POINT('',(0.0372785299634732,-0.0624156348969612,0.0087102311954498));
#15356=CARTESIAN_POINT('',(0.0324206073713403,-0.0601876016740751,0.0087102311954498));
#15357=CARTESIAN_POINT('',(0.0324206073713403,-0.0601876016740751,0.0067102311954498));
#15358=CARTESIAN_POINT('',(0.0278127313315073,-0.0575265826296161,0.0067102311954498));
#15359=CARTESIAN_POINT('',(0.0278127313315073,-0.0575265826296161,0.0087102311954498));
#15360=CARTESIAN_POINT('',(0.0278127313315072,-0.0575265826296152,0.0087102311954498));
#15361=CARTESIAN_POINT('',(0.0324206073713403,-0.0601876016740751,0.0087102311954498));
#15362=CARTESIAN_POINT('',(0.0115667869554882,-0.0507944779899691,0.0087102311954498));
#15363=CARTESIAN_POINT('',(0.0115667869554882,-0.0507944779899691,0.0067102311954498));
#15364=CARTESIAN_POINT('',(0.0202120320752714,-0.0531097970473837,0.0087102311954498));
#15365=CARTESIAN_POINT('',(0.0202120320752714,-0.0531097970473837,0.0067102311954498));
#15366=CARTESIAN_POINT('',(0.0238545472919281,-0.0552405726067578,0.0087102311954498));
#15367=CARTESIAN_POINT('',(0.0238545472919281,-0.0552405726067578,0.0067102311954498));
#15368=CARTESIAN_POINT('',(0.0278127313315072,-0.0575265826296152,0.0087102311954498));
#15369=CARTESIAN_POINT('',(0.0278127313315072,-0.0575265826296152,0.0067102311954498));
#15370=CARTESIAN_POINT('',(0.0115667869554882,-0.0507944779899691,0.0067102311954498));
#15371=CARTESIAN_POINT('',(0.0126572303390812,-0.0510865141684792,0.0067102311954498));
#15372=CARTESIAN_POINT('',(0.0136691070718622,-0.0513766437962342,0.0067102311954498));
#15373=CARTESIAN_POINT('',(0.0146122870697552,-0.0516648952980321,0.0067102311954498));
#15374=CARTESIAN_POINT('',(0.0211468197129322,-0.0536619572079002,0.0067102311954498));
#15375=CARTESIAN_POINT('',(0.0243538015683772,-0.0555289119736252,0.0067102311954498));
#15376=CARTESIAN_POINT('',(0.0278127313315072,-0.0575265826296152,0.0067102311954498));
#15377=CARTESIAN_POINT('',(0.0115667869554882,-0.0507944779899691,0.0067102311954498));
#15378=CARTESIAN_POINT('',(0.0115667869554882,-0.0507944779899691,0.0087102311954498));
#15379=CARTESIAN_POINT('',(0.0115667869554882,-0.0507944779899691,0.0087102311954498));
#15380=CARTESIAN_POINT('',(0.0115667869554882,-0.0507944779899691,0.0087102311954498));
#15381=CARTESIAN_POINT('',(0.0126572303390812,-0.0510865141684792,0.0087102311954498));
#15382=CARTESIAN_POINT('',(0.0136691070718622,-0.0513766437962342,0.0087102311954498));
#15383=CARTESIAN_POINT('',(0.0146122870697552,-0.0516648952980321,0.0087102311954498));
#15384=CARTESIAN_POINT('',(0.0211468197129322,-0.0536619572079002,0.0087102311954498));
#15385=CARTESIAN_POINT('',(0.0243538015683772,-0.0555289119736252,0.0087102311954498));
#15386=CARTESIAN_POINT('',(0.0278127313315072,-0.0575265826296152,0.0087102311954498));
#15387=CARTESIAN_POINT('',(-0.0056218120959356,-0.0485024672041902,0.0087102311954498));
#15388=CARTESIAN_POINT('',(-0.0056218120959356,-0.0485024672041902,0.0067102311954498));
#15389=CARTESIAN_POINT('',(-0.0011767930959301,-0.0485024672041902,0.0087102311954498));
#15390=CARTESIAN_POINT('',(-0.0011767930959301,-0.0485024672041902,0.0067102311954498));
#15391=CARTESIAN_POINT('',(0.00291682895809464,-0.0484778955127579,0.0087102311954498));
#15392=CARTESIAN_POINT('',(0.00291682895809464,-0.0484778955127579,0.0067102311954498));
#15393=CARTESIAN_POINT('',(0.0115667869554882,-0.0507944779899691,0.0087102311954498));
#15394=CARTESIAN_POINT('',(0.0115667869554882,-0.0507944779899691,0.0067102311954498));
#15395=CARTESIAN_POINT('',(-0.0056218120959356,-0.0485024672041902,0.0067102311954498));
#15396=CARTESIAN_POINT('',(-0.0045640905470578,-0.0485024672041902,0.0067102311954498));
#15397=CARTESIAN_POINT('',(-0.0035271749189983,-0.0485026796217242,0.0067102311954498));
#15398=CARTESIAN_POINT('',(-0.0024462181494328,-0.0485334566991091,0.0067102311954498));
#15399=CARTESIAN_POINT('',(0.0010154888699742,-0.0486320186655272,0.0067102311954498));
#15400=CARTESIAN_POINT('',(0.0049751434379022,-0.0490291415717502,0.0067102311954498));
#15401=CARTESIAN_POINT('',(0.0115667869554882,-0.0507944779899691,0.0067102311954498));
#15402=CARTESIAN_POINT('',(-0.0056218120959356,-0.0485024672041902,0.0067102311954498));
#15403=CARTESIAN_POINT('',(-0.0056218120959356,-0.0485024672041902,0.0087102311954498));
#15404=CARTESIAN_POINT('',(-0.0056218120959356,-0.0485024672041902,0.0087102311954498));
#15405=CARTESIAN_POINT('',(-0.0056218120959356,-0.0485024672041902,0.0087102311954498));
#15406=CARTESIAN_POINT('',(-0.0045640905470578,-0.0485024672041902,0.0087102311954498));
#15407=CARTESIAN_POINT('',(-0.0035271749189983,-0.0485026796217242,0.0087102311954498));
#15408=CARTESIAN_POINT('',(-0.0024462181494328,-0.0485334566991091,0.0087102311954498));
#15409=CARTESIAN_POINT('',(0.0010154888699742,-0.0486320186655272,0.0087102311954498));
#15410=CARTESIAN_POINT('',(0.0049751434379022,-0.0490291415717502,0.0087102311954498));
#15411=CARTESIAN_POINT('',(0.0115667869554882,-0.0507944779899691,0.0087102311954498));
#15412=CARTESIAN_POINT('',(-0.0108185955959215,-0.0485024672041902,0.0087102311954498));
#15413=CARTESIAN_POINT('',(-0.0108185955959215,-0.0485024672041902,0.0067102311954498));
#15414=CARTESIAN_POINT('',(-0.0160153790959216,-0.0485024672041902,0.0067102311954498));
#15415=CARTESIAN_POINT('',(-0.0160153790959216,-0.0485024672041902,0.0087102311954498));
#15416=CARTESIAN_POINT('',(-0.0160153790959216,-0.0485024672041902,0.0087102311954498));
#15417=CARTESIAN_POINT('',(-0.0108185955959215,-0.0485024672041902,0.0087102311954498));
#15418=CARTESIAN_POINT('',(-0.0160153790959218,-0.0480024672041902,0.0087102311954498));
#15419=CARTESIAN_POINT('',(-0.0160153790959218,-0.0480024672041902,0.0067102311954498));
#15420=CARTESIAN_POINT('',(-0.0160153790959218,-0.0480024672041902,0.0087102311954498));
#15421=CARTESIAN_POINT('',(-0.0185261049926281,-0.0137083551198938,0.0067102311954498));
#15422=CARTESIAN_POINT('',(-0.0732521900959215,0.0304412857958093,0.0067102311954498));
#15423=CARTESIAN_POINT('',(-0.0732521900959217,0.0324412857958093,0.0067102311954498));
#15424=CARTESIAN_POINT('',(-0.0752521900959217,0.0304412857958096,0.0067102311954498));
#15425=CARTESIAN_POINT('',(-0.0516213965959217,0.0324412857958096,0.0067102311954498));
#15426=CARTESIAN_POINT('',(-0.0299906030959217,0.0324412857958096,0.0067102311954498));
#15427=CARTESIAN_POINT('',(-0.0299906030959217,0.0340191557958095,0.0067102311954498));
#15428=CARTESIAN_POINT('',(-0.0299906030959215,0.0355970257958095,0.0067102311954498));
#15429=CARTESIAN_POINT('',(-0.0289906030959215,0.0355970257958093,0.0067102311954498));
#15430=CARTESIAN_POINT('',(-0.0289906030959216,0.0365970257958095,0.0067102311954498));
#15431=CARTESIAN_POINT('',(-0.0182407290959216,0.0365970257958095,0.0067102311954498));
#15432=CARTESIAN_POINT('',(-0.00749085509592167,0.0365970257958093,0.0067102311954498));
#15433=CARTESIAN_POINT('',(-0.00749085509592155,0.0355970257958093,0.0067102311954498));
#15434=CARTESIAN_POINT('',(-0.00649085509592166,0.0355970257958095,0.0067102311954498));
#15435=CARTESIAN_POINT('',(-0.00649085509592166,0.0340191557958095,0.0067102311954498));
#15436=CARTESIAN_POINT('',(-0.00649085509592166,0.0324412857958096,0.0067102311954498));
#15437=CARTESIAN_POINT('',(0.0169496969040783,0.0324412857958096,0.0067102311954498));
#15438=CARTESIAN_POINT('',(0.0403902489040784,0.0324412857958093,0.0067102311954498));
#15439=CARTESIAN_POINT('',(0.0403902489040785,0.0304412857958093,0.0067102311954498));
#15440=CARTESIAN_POINT('',(0.0423902489040783,0.0304412857958096,0.0067102311954498));
#15441=CARTESIAN_POINT('',(0.0423902489040783,-0.00504953966210786,0.0067102311954498));
#15442=CARTESIAN_POINT('',(0.0423902489040783,-0.0405403651200253,0.0067102311954498));
#15443=CARTESIAN_POINT('',(0.0452087594371936,-0.0421684822368575,0.0067102311954498));
#15444=CARTESIAN_POINT('',(0.0480272699703087,-0.0437965993536899,0.0067102311954498));
#15445=CARTESIAN_POINT('',(0.0475270742890252,-0.0446625117513529,0.0067102311954498));
#15446=CARTESIAN_POINT('',(0.048393125591419,-0.0451624668909633,0.0067102311954498));
#15447=CARTESIAN_POINT('',(0.0432688534286427,-0.0540390284637674,0.0067102311954498));
#15448=CARTESIAN_POINT('',(0.0381445812658666,-0.0629155900365717,0.0067102311954498));
#15449=CARTESIAN_POINT('',(0.0372785299634731,-0.0624156348969623,0.0067102311954498));
#15450=CARTESIAN_POINT('',(0.0367784368588734,-0.063281606540107,0.0067102311954498));
#15451=CARTESIAN_POINT('',(0.0321705608190404,-0.0606205874956479,0.0067102311954498));
#15452=CARTESIAN_POINT('',(0.0275626847792072,-0.0579595684511889,0.0067102311954498));
#15453=CARTESIAN_POINT('',(-0.0056218120959216,-0.114952402513916,0.0067102311954498));
#15454=CARTESIAN_POINT('',(-0.00562181209592156,-0.0490024672041905,0.0067102311954498));
#15455=CARTESIAN_POINT('',(-0.0108185955959215,-0.0490024672041904,0.0067102311954498));
#15456=CARTESIAN_POINT('',(-0.0160153790959216,-0.0490024672041907,0.0067102311954498));
#15457=CARTESIAN_POINT('',(-0.0160153790959216,-0.0480024672041907,0.0067102311954498));
#15458=CARTESIAN_POINT('',(-0.0170153790959216,-0.0480024672041904,0.0067102311954498));
#15459=CARTESIAN_POINT('',(-0.0170153790959216,-0.0477510472041904,0.0067102311954498));
#15460=CARTESIAN_POINT('',(-0.0170153790959216,-0.0474996272041904,0.0067102311954498));
#15461=CARTESIAN_POINT('',(-0.0451337845959217,-0.0474996272041904,0.0067102311954498));
#15462=CARTESIAN_POINT('',(-0.0732521900959217,-0.0474996272041907,0.0067102311954498));
#15463=CARTESIAN_POINT('',(-0.0732521900959215,-0.0454996272041907,0.0067102311954498));
#15464=CARTESIAN_POINT('',(-0.0752521900959217,-0.0454996272041907,0.0067102311954498));
#15465=CARTESIAN_POINT('',(-0.0752521900959217,-0.0434669403451681,0.0067102311954498));
#15466=CARTESIAN_POINT('',(-0.0752521900959217,-0.0414342534861455,0.0067102311954498));
#15467=CARTESIAN_POINT('',(-0.0780499618104024,-0.0419269079223456,0.0067102311954498));
#15468=CARTESIAN_POINT('',(-0.0808477335248831,-0.042419562358546,0.0067102311954498));
#15469=CARTESIAN_POINT('',(-0.0810211535753497,-0.0414347144077963,0.0067102311954498));
#15470=CARTESIAN_POINT('',(-0.0820059736456657,-0.0416082927160688,0.0067102311954498));
#15471=CARTESIAN_POINT('',(-0.0837850389951322,-0.0315145242031923,0.0067102311954498));
#15472=CARTESIAN_POINT('',(-0.0855641043445987,-0.0214207556903158,0.0067102311954498));
#15473=CARTESIAN_POINT('',(-0.0845792842742826,-0.0212471773820436,0.0067102311954498));
#15474=CARTESIAN_POINT('',(-0.0847528337968474,-0.0202623522385699,0.0067102311954498));
#15475=CARTESIAN_POINT('',(-0.0800025119463846,-0.0194252329848221,0.0067102311954498));
#15476=CARTESIAN_POINT('',(-0.0752521900959217,-0.0185881137310745,0.0067102311954498));
#15477=CARTESIAN_POINT('',(-0.0752521900959217,0.00592658603236757,0.0067102311954498));
#15478=CARTESIAN_POINT('',(-0.0185261049926282,-0.0134093045505762,0.0087102311954498));
#15479=CARTESIAN_POINT('',(-0.0516213965959217,0.0324412857958096,-0.0074897688045502));
#15480=CARTESIAN_POINT('',(-0.0732521900959217,0.0324412857958093,-0.0074897688045502));
#15481=CARTESIAN_POINT('',(-0.0299906030959217,0.0324412857958096,-0.0074897688045502));
#15482=CARTESIAN_POINT('',(-0.0299906030959217,0.0340191557958095,-0.0074897688045502));
#15483=CARTESIAN_POINT('',(-0.0299906030959215,0.0355970257958095,-0.0074897688045502));
#15484=CARTESIAN_POINT('',(-0.0289906030959215,0.0355970257958093,-0.0074897688045502));
#15485=CARTESIAN_POINT('',(-0.0289906030959216,0.0365970257958095,-0.0074897688045502));
#15486=CARTESIAN_POINT('',(-0.0182407290959216,0.0365970257958095,-0.0074897688045502));
#15487=CARTESIAN_POINT('',(-0.00749085509592167,0.0365970257958093,-0.0074897688045502));
#15488=CARTESIAN_POINT('',(-0.00749085509592155,0.0355970257958093,-0.0074897688045502));
#15489=CARTESIAN_POINT('',(-0.00649085509592166,0.0355970257958095,-0.0074897688045502));
#15490=CARTESIAN_POINT('',(-0.00649085509592166,0.0340191557958095,-0.0074897688045502));
#15491=CARTESIAN_POINT('',(-0.00649085509592166,0.0324412857958096,-0.0074897688045502));
#15492=CARTESIAN_POINT('',(0.0169496969040783,0.0324412857958096,-0.0074897688045502));
#15493=CARTESIAN_POINT('',(0.0403902489040784,0.0324412857958093,-0.0074897688045502));
#15494=CARTESIAN_POINT('',(0.0403902489040785,0.0304412857958093,-0.0074897688045502));
#15495=CARTESIAN_POINT('',(0.0423902489040783,0.0304412857958096,-0.0074897688045502));
#15496=CARTESIAN_POINT('',(0.0423902489040783,-0.00504953966210786,-0.0074897688045502));
#15497=CARTESIAN_POINT('',(0.0423902489040783,-0.0405403651200253,-0.0074897688045502));
#15498=CARTESIAN_POINT('',(0.0452087594371936,-0.0421684822368575,-0.0074897688045502));
#15499=CARTESIAN_POINT('',(0.0480272699703087,-0.0437965993536899,-0.0074897688045502));
#15500=CARTESIAN_POINT('',(0.0475270742890252,-0.0446625117513529,-0.0074897688045502));
#15501=CARTESIAN_POINT('',(0.048393125591419,-0.0451624668909633,-0.0074897688045502));
#15502=CARTESIAN_POINT('',(0.0432688534286427,-0.0540390284637674,-0.0074897688045502));
#15503=CARTESIAN_POINT('',(0.0381445812658666,-0.0629155900365717,-0.0074897688045502));
#15504=CARTESIAN_POINT('',(0.0372785299634731,-0.0624156348969623,-0.0074897688045502));
#15505=CARTESIAN_POINT('',(0.0367784368588734,-0.063281606540107,-0.0074897688045502));
#15506=CARTESIAN_POINT('',(0.0321705608190404,-0.0606205874956479,-0.0074897688045502));
#15507=CARTESIAN_POINT('',(0.0275626847792072,-0.0579595684511889,-0.0074897688045502));
#15508=CARTESIAN_POINT('',(-0.0056218120959216,-0.114952402513916,-0.0074897688045502));
#15509=CARTESIAN_POINT('',(-0.00562181209592156,-0.0490024672041904,-0.0074897688045502));
#15510=CARTESIAN_POINT('',(-0.0108185955959215,-0.0490024672041904,-0.0074897688045502));
#15511=CARTESIAN_POINT('',(-0.0160153790959216,-0.0490024672041907,-0.0074897688045502));
#15512=CARTESIAN_POINT('',(-0.0160153790959216,-0.0480024672041907,-0.0074897688045502));
#15513=CARTESIAN_POINT('',(-0.0170153790959216,-0.0480024672041904,-0.0074897688045502));
#15514=CARTESIAN_POINT('',(-0.0170153790959216,-0.0477510472041904,-0.0074897688045502));
#15515=CARTESIAN_POINT('',(-0.0170153790959216,-0.0474996272041904,-0.0074897688045502));
#15516=CARTESIAN_POINT('',(-0.0451337845959217,-0.0474996272041904,-0.0074897688045502));
#15517=CARTESIAN_POINT('',(-0.0732521900959217,-0.0474996272041904,-0.0074897688045502));
#15518=CARTESIAN_POINT('',(-0.0732521900959215,-0.0454996272041907,-0.0074897688045502));
#15519=CARTESIAN_POINT('',(-0.0752521900959215,-0.0454996272041907,-0.0074897688045502));
#15520=CARTESIAN_POINT('',(-0.0752521900959217,-0.0434669403451681,-0.0074897688045502));
#15521=CARTESIAN_POINT('',(-0.0752521900959217,-0.0414342534861456,-0.0074897688045502));
#15522=CARTESIAN_POINT('',(-0.0780499618104024,-0.0419269079223456,-0.0074897688045502));
#15523=CARTESIAN_POINT('',(-0.0808477335248832,-0.0424195623585457,-0.0074897688045502));
#15524=CARTESIAN_POINT('',(-0.0810211535753497,-0.0414347144077963,-0.0074897688045502));
#15525=CARTESIAN_POINT('',(-0.0820059736456656,-0.0416082927160688,-0.0074897688045502));
#15526=CARTESIAN_POINT('',(-0.0837850389951322,-0.0315145242031923,-0.0074897688045502));
#15527=CARTESIAN_POINT('',(-0.0855641043445987,-0.0214207556903159,-0.0074897688045502));
#15528=CARTESIAN_POINT('',(-0.0845792842742826,-0.0212471773820436,-0.0074897688045502));
#15529=CARTESIAN_POINT('',(-0.0847528337968474,-0.0202623522385702,-0.0074897688045502));
#15530=CARTESIAN_POINT('',(-0.0800025119463846,-0.0194252329848221,-0.0074897688045502));
#15531=CARTESIAN_POINT('',(-0.0752521900959217,-0.0185881137310745,-0.0074897688045502));
#15532=CARTESIAN_POINT('',(-0.0752521900959217,0.00592658603236757,-0.0074897688045502));
#15533=CARTESIAN_POINT('',(-0.0752521900959217,0.0304412857958096,-0.0074897688045502));
#15534=CARTESIAN_POINT('',(-0.0732521900959215,0.0304412857958093,-0.0074897688045502));
#15535=CARTESIAN_POINT('',(-0.0867479106022595,-0.00894107764158472,-0.0094897688045502));
#15536=CARTESIAN_POINT('',(-0.0849610932239251,-0.019080562066402,-0.0094897688045502));
#15537=CARTESIAN_POINT('',(-0.0849610932239251,-0.019080562066402,-0.0094897688045502));
#15538=CARTESIAN_POINT('',(-0.0867479106022595,-0.00894107764158472,-0.0094897688045502));
#15539=CARTESIAN_POINT('',(-0.0764521900959217,-0.00894107764158442,-0.0094897688045502));
#15540=CARTESIAN_POINT('',(-0.0764521900959217,-0.00894107764158442,-0.0094897688045502));
#15541=CARTESIAN_POINT('',(-0.0845792842742827,-0.0212471773820435,-0.0094897688045502));
#15542=CARTESIAN_POINT('',(-0.086745888428978,-0.0216290496602427,-0.0094897688045502));
#15543=CARTESIAN_POINT('',(-0.086745888428978,-0.0216290496602427,-0.0094897688045502));
#15544=CARTESIAN_POINT('',(-0.0845792842742827,-0.0212471773820435,-0.0094897688045502));
#15545=CARTESIAN_POINT('',(-0.0849668230795114,-0.0317228181731192,-0.0094897688045502));
#15546=CARTESIAN_POINT('',(-0.0831877577300449,-0.0418165866859957,-0.0094897688045502));
#15547=CARTESIAN_POINT('',(-0.0831877577300449,-0.0418165866859957,-0.0094897688045502));
#15548=CARTESIAN_POINT('',(-0.0849668230795114,-0.0317228181731192,-0.0094897688045502));
#15549=CARTESIAN_POINT('',(-0.0731943926212795,-0.0400552178209488,-0.0094897688045502));
#15550=CARTESIAN_POINT('',(-0.0732500381974466,-0.0502024672041905,-0.0094897688045502));
#15551=CARTESIAN_POINT('',(-0.0732500381974466,-0.0502024672041905,-0.0094897688045502));
#15552=CARTESIAN_POINT('',(-0.0731943926212795,-0.0400552178209488,-0.0094897688045502));
#15553=CARTESIAN_POINT('',(-0.0394359251466841,-0.0502024672041905,-0.0094897688045502));
#15554=CARTESIAN_POINT('',(-0.00562181209592159,-0.0502024672041904,-0.0094897688045502));
#15555=CARTESIAN_POINT('',(-0.00562181209592159,-0.0502024672041904,-0.0094897688045502));
#15556=CARTESIAN_POINT('',(-0.0394359251466841,-0.0502024672041905,-0.0094897688045502));
#15557=CARTESIAN_POINT('',(-0.00562181209592152,-0.114952498976088,-0.0094897688045502));
#15558=CARTESIAN_POINT('',(0.0269638423245778,-0.0589994674188126,-0.0094897688045502));
#15559=CARTESIAN_POINT('',(0.0269638423245778,-0.0589994674188126,-0.0094897688045502));
#15560=CARTESIAN_POINT('',(-0.00562181209592152,-0.114952498976088,-0.0094897688045502));
#15561=CARTESIAN_POINT('',(0.0315710837289658,-0.061660119965347,-0.0094897688045502));
#15562=CARTESIAN_POINT('',(0.0361783251333537,-0.0643207725118814,-0.0094897688045502));
#15563=CARTESIAN_POINT('',(0.0361783251333537,-0.0643207725118814,-0.0094897688045502));
#15564=CARTESIAN_POINT('',(0.0315710837289658,-0.061660119965347,-0.0094897688045502));
#15565=CARTESIAN_POINT('',(0.0372785299634731,-0.0624156348969623,-0.0094897688045502));
#15566=CARTESIAN_POINT('',(0.0391838428287387,-0.063515536204104,-0.0094897688045502));
#15567=CARTESIAN_POINT('',(0.0391838428287387,-0.063515536204104,-0.0094897688045502));
#15568=CARTESIAN_POINT('',(0.0372785299634731,-0.0624156348969623,-0.0094897688045502));
#15569=CARTESIAN_POINT('',(0.0443081149915149,-0.0546389746312996,-0.0094897688045502));
#15570=CARTESIAN_POINT('',(0.0494323871542913,-0.0457624130584954,-0.0094897688045502));
#15571=CARTESIAN_POINT('',(0.0494323871542913,-0.0457624130584954,-0.0094897688045502));
#15572=CARTESIAN_POINT('',(0.0443081149915149,-0.0546389746312996,-0.0094897688045502));
#15573=CARTESIAN_POINT('',(0.0475270742890271,-0.0446625117513524,-0.0094897688045502));
#15574=CARTESIAN_POINT('',(0.0486275047878473,-0.0427575044764942,-0.0094897688045502));
#15575=CARTESIAN_POINT('',(0.0486275047878473,-0.0427575044764942,-0.0094897688045502));
#15576=CARTESIAN_POINT('',(0.0475270742890271,-0.0446625117513524,-0.0094897688045502));
#15577=CARTESIAN_POINT('',(0.0536687050020393,-0.0340304443919664,-0.0094897688045502));
#15578=CARTESIAN_POINT('',(0.0435902489040784,-0.0340304443919664,-0.0094897688045502));
#15579=CARTESIAN_POINT('',(0.0435902489040784,-0.0340304443919664,-0.0094897688045502));
#15580=CARTESIAN_POINT('',(0.0536687050020393,-0.0340304443919664,-0.0094897688045502));
#15581=CARTESIAN_POINT('',(0.0435902489040784,0.000283290701921547,-0.0094897688045502));
#15582=CARTESIAN_POINT('',(0.0435902489040785,0.0345970257958095,-0.0094897688045502));
#15583=CARTESIAN_POINT('',(0.0435902489040785,0.0345970257958095,-0.0094897688045502));
#15584=CARTESIAN_POINT('',(0.0435902489040784,0.000283290701921547,-0.0094897688045502));
#15585=CARTESIAN_POINT('',(0.0403902489040785,0.0345970257958093,-0.0094897688045502));
#15586=CARTESIAN_POINT('',(0.0403902489040784,0.0377970257958095,-0.0094897688045502));
#15587=CARTESIAN_POINT('',(0.0403902489040784,0.0377970257958095,-0.0094897688045502));
#15588=CARTESIAN_POINT('',(0.0403902489040785,0.0345970257958093,-0.0094897688045502));
#15589=CARTESIAN_POINT('',(0.0361200456540784,0.0377970257958095,-0.0094897688045502));
#15590=CARTESIAN_POINT('',(-0.0732521900959217,0.0377970257958095,-0.0094897688045502));
#15591=CARTESIAN_POINT('',(-0.0732521900959217,0.0377970257958095,-0.0094897688045502));
#15592=CARTESIAN_POINT('',(0.0361200456540784,0.0377970257958095,-0.0094897688045502));
#15593=CARTESIAN_POINT('',(-0.0732521900959216,0.0345970257958093,-0.0094897688045502));
#15594=CARTESIAN_POINT('',(-0.0764521900959216,0.0345970257958095,-0.0094897688045502));
#15595=CARTESIAN_POINT('',(-0.0764521900959216,0.0345970257958095,-0.0094897688045502));
#15596=CARTESIAN_POINT('',(-0.0732521900959216,0.0345970257958093,-0.0094897688045502));
#15597=CARTESIAN_POINT('',(-0.0764521900959217,0.0128279740771126,-0.0094897688045502));
#15598=CARTESIAN_POINT('',(-0.0764521900959217,0.0128279740771126,-0.0094897688045502));
#15599=CARTESIAN_POINT('',(-0.0185261049926282,-0.0130093045505762,-0.0094897688045502));
#15600=CARTESIAN_POINT('',(-0.0867479106022596,-0.00894107764158472,-0.0094897688045502));
#15601=CARTESIAN_POINT('',(-0.0850999328419768,-0.0182927019516233,-0.0094897688045502));
#15602=CARTESIAN_POINT('',(-0.0772521900959216,-0.00894107764158444,-0.0094897688045502));
#15603=CARTESIAN_POINT('',(-0.0772521900959217,0.0107501040771124,-0.0094897688045502));
#15604=CARTESIAN_POINT('',(-0.0772521900959216,0.0345970257958095,-0.0094897688045502));
#15605=CARTESIAN_POINT('',(-0.0732521900959216,0.0345970257958093,-0.0094897688045502));
#15606=CARTESIAN_POINT('',(0.0403902489040785,0.0345970257958093,-0.0094897688045502));
#15607=CARTESIAN_POINT('',(0.0443902489040783,0.0345970257958095,-0.0094897688045502));
#15608=CARTESIAN_POINT('',(0.0443902489040783,-0.00179457929807842,-0.0094897688045502));
#15609=CARTESIAN_POINT('',(0.0443902489040783,-0.0340304443919664,-0.0094897688045502));
#15610=CARTESIAN_POINT('',(0.0536687050020395,-0.0340304443919664,-0.0094897688045502));
#15611=CARTESIAN_POINT('',(0.049027661332873,-0.0420647745583636,-0.0094897688045502));
#15612=CARTESIAN_POINT('',(0.0475270742890271,-0.0446625117513524,-0.0094897688045502));
#15613=CARTESIAN_POINT('',(0.0501252281962058,-0.0461623771701839,-0.0094897688045502));
#15614=CARTESIAN_POINT('',(0.0450009560334295,-0.055038938742988,-0.0094897688045502));
#15615=CARTESIAN_POINT('',(0.0398766838706533,-0.0639155003157922,-0.0094897688045502));
#15616=CARTESIAN_POINT('',(0.0372785299634731,-0.0624156348969623,-0.0094897688045502));
#15617=CARTESIAN_POINT('',(0.0357782506496738,-0.0650135498263976,-0.0094897688045502));
#15618=CARTESIAN_POINT('',(0.0311703746098407,-0.0623525307819385,-0.0094897688045502));
#15619=CARTESIAN_POINT('',(0.0265624985700074,-0.05969151173748,-0.0094897688045502));
#15620=CARTESIAN_POINT('',(-0.00562181209592152,-0.114952498976088,-0.0094897688045502));
#15621=CARTESIAN_POINT('',(-0.00843097059592166,-0.0512024672041905,-0.00948976880455019));
#15622=CARTESIAN_POINT('',(-0.00843097059592166,-0.0514024672041905,-0.00948976880455019));
#15623=CARTESIAN_POINT('',(-0.00843097059592166,-0.0514024672041905,-0.00948976880455019));
#15624=CARTESIAN_POINT('',(-0.0244309705959216,-0.0514024672041905,-0.00948976880455019));
#15625=CARTESIAN_POINT('',(-0.0244309705959216,-0.0512024672041905,-0.00948976880455019));
#15626=CARTESIAN_POINT('',(-0.0731943926212795,-0.0400552178209488,-0.0094897688045502));
#15627=CARTESIAN_POINT('',(-0.0839756137862977,-0.0419554493326137,-0.0094897688045502));
#15628=CARTESIAN_POINT('',(-0.0857546791357643,-0.0318616808197371,-0.0094897688045502));
#15629=CARTESIAN_POINT('',(-0.0875337444852308,-0.0217679123068607,-0.0094897688045502));
#15630=CARTESIAN_POINT('',(-0.0845792842742827,-0.0212471773820436,-0.0094897688045502));
#15631=CARTESIAN_POINT('',(0.0148498424040783,0.0428970257958096,-0.0074897688045502));
#15632=CARTESIAN_POINT('',(0.0131498424040783,0.0428970257958096,-0.0074897688045502));
#15633=CARTESIAN_POINT('',(0.0148498424040783,0.0428970257958096,-0.0074897688045502));
#15634=CARTESIAN_POINT('',(0.0148498424040783,0.0428970257958096,-0.0091897688045502));
#15635=CARTESIAN_POINT('',(0.0280498424040783,0.0428970257958096,-0.0074897688045502));
#15636=CARTESIAN_POINT('',(0.0297498424040783,0.0428970257958096,-0.0074897688045502));
#15637=CARTESIAN_POINT('',(0.0280498424040783,0.0428970257958096,-0.0074897688045502));
#15638=CARTESIAN_POINT('',(0.0280498424040783,0.0428970257958096,-0.0091897688045502));
#15639=CARTESIAN_POINT('',(-0.0185261049926282,-0.0134093045505762,0.0107102311954498));
#15640=CARTESIAN_POINT('',(0.0130235209999179,0.00176699782834266,0.0107102311954498));
#15641=CARTESIAN_POINT('',(0.0115924292104846,-0.00060566292722795,0.0107102311954498));
#15642=CARTESIAN_POINT('',(0.0144545674935871,0.00413968531636695,0.0107102311954498));
#15643=CARTESIAN_POINT('',(0.0107247856738099,-9.33224718411505E-5,0.0107102311954498));
#15644=CARTESIAN_POINT('',(0.0107127858939715,-0.00110114491229259,0.0107102311954498));
#15645=CARTESIAN_POINT('',(0.00983309334924068,-0.00060568882029155,0.0107102311954498));
#15646=CARTESIAN_POINT('',(0.0100189436331133,-0.000915439096477358,0.0107102311954498));
#15647=CARTESIAN_POINT('',(0.0103534739077636,-0.00108889967652356,0.0107102311954498));
#15648=CARTESIAN_POINT('',(0.0107127841808767,-0.00110128878955086,0.0107102311954498));
#15649=CARTESIAN_POINT('',(0.00983309334924076,-0.00060568882029169,0.0107102311954498));
#15650=CARTESIAN_POINT('',(0.00840204740410427,0.00176699824803758,0.0107102311954498));
#15651=CARTESIAN_POINT('',(0.00697099578825283,0.00413968189616886,0.0107102311954498));
#15652=CARTESIAN_POINT('',(0.00786232730358608,0.00467727356781785,0.0107102311954498));
#15653=CARTESIAN_POINT('',(0.00731793631968937,0.0055645132433135,0.0107102311954498));
#15654=CARTESIAN_POINT('',(0.00785550881376977,0.00467321049178425,0.0107102311954498));
#15655=CARTESIAN_POINT('',(0.00874274285087675,0.00521759799460202,0.0107102311954498));
#15656=CARTESIAN_POINT('',(0.00972777796169606,0.00358213438335197,0.0107102311954498));
#15657=CARTESIAN_POINT('',(0.0107127835900749,0.00194665279379407,0.0107102311954498));
#15658=CARTESIAN_POINT('',(0.0116977896059232,0.00358213453622086,0.0107102311954498));
#15659=CARTESIAN_POINT('',(0.0126826986733984,0.0052176747853197,0.0107102311954498));
#15660=CARTESIAN_POINT('',(0.0135670160705753,0.00468418602652024,0.0107102311954498));
#15661=CARTESIAN_POINT('',(0.0141076507571977,0.0055645429463826,0.0107102311954498));
#15662=CARTESIAN_POINT('',(0.0144545674935871,0.00413968531636695,0.0107102311954498));
#15663=CARTESIAN_POINT('',(0.0147519274751422,0.00463528528562623,0.0107102311954498));
#15664=CARTESIAN_POINT('',(0.0146032474843649,0.00526717613263644,0.0107102311954498));
#15665=CARTESIAN_POINT('',(0.0141076469243048,0.00556453670498915,0.0107102311954498));
#15666=CARTESIAN_POINT('',(0.0164369699733493,-0.00147298935729505,0.0107102311954498));
#15667=CARTESIAN_POINT('',(0.0139837461036342,-0.00147294994693645,0.0107102311954498));
#15668=CARTESIAN_POINT('',(0.0188901968858794,-0.00147256850816483,0.0107102311954498));
#15669=CARTESIAN_POINT('',(0.013981658810207,-0.000434020771990865,0.0107102311954498));
#15670=CARTESIAN_POINT('',(0.0129433715678997,-0.000432219364823041,0.0107102311954498));
#15671=CARTESIAN_POINT('',(0.013973538842031,-0.000422020754374374,0.0107102311954498));
#15672=CARTESIAN_POINT('',(0.0139837404401502,0.000608112024848282,0.0107102311954498));
#15673=CARTESIAN_POINT('',(0.0164369673526457,0.000608532876794743,0.0107102311954498));
#15674=CARTESIAN_POINT('',(0.0188901912223311,0.000608493470111843,0.0107102311954498));
#15675=CARTESIAN_POINT('',(0.0188922784203146,-0.000430435549196455,0.0107102311954498));
#15676=CARTESIAN_POINT('',(0.0199309150000642,-0.000432234857486351,0.0107102311954498));
#15677=CARTESIAN_POINT('',(0.0189003986058146,-0.000442436108678367,0.0107102311954498));
#15678=CARTESIAN_POINT('',(0.00500824456071787,-0.00564116670954835,0.0107102311954498));
#15679=CARTESIAN_POINT('',(0.00501337754553716,-0.00224045429346348,0.0107102311954498));
#15680=CARTESIAN_POINT('',(0.00840895693911228,-0.00563603156356373,0.0107102311954498));
#15681=CARTESIAN_POINT('',(0.00500824377059247,-0.00563089775927537,0.0107102311954498));
#15682=CARTESIAN_POINT('',(0.00501337808601741,-0.00903161099673984,0.0107102311954498));
#15683=CARTESIAN_POINT('',(0.00501851348218499,-0.00563089775927527,0.0107102311954498));
#15684=CARTESIAN_POINT('',(0.00161780024639589,-0.00563603318428734,0.0107102311954498));
#15685=CARTESIAN_POINT('',(0.00501851348218169,-0.00564116752847656,0.0107102311954498));
#15686=CARTESIAN_POINT('',(0.0164318338070043,-0.00564116789862556,0.0107102311954498));
#15687=CARTESIAN_POINT('',(0.0164369677673075,-0.00224045433800806,0.0107102311954498));
#15688=CARTESIAN_POINT('',(0.019832547438838,-0.00563603156313824,0.0107102311954498));
#15689=CARTESIAN_POINT('',(0.0164318328893073,-0.00563089649663775,0.0107102311954498));
#15690=CARTESIAN_POINT('',(0.0164369677673021,-0.00903161109571581,0.0107102311954498));
#15691=CARTESIAN_POINT('',(0.0164421030504538,-0.00563089809096355,0.0107102311954498));
#15692=CARTESIAN_POINT('',(0.0130413901913834,-0.00563603318426024,0.0107102311954498));
#15693=CARTESIAN_POINT('',(0.0164421030504501,-0.00564116719678775,0.0107102311954498));
#15694=CARTESIAN_POINT('',(0.0107233807621647,-0.00487815368277125,0.0107102311954498));
#15695=CARTESIAN_POINT('',(0.0096844507010149,-0.00488024097560327,0.0107102311954498));
#15696=CARTESIAN_POINT('',(0.0107251799112373,-0.00383951696150719,0.0107102311954498));
#15697=CARTESIAN_POINT('',(0.0107353811777092,-0.00487003332994775,0.0107102311954498));
#15698=CARTESIAN_POINT('',(0.0117657932329433,-0.00488023670582935,0.0107102311954498));
#15699=CARTESIAN_POINT('',(0.0117659332293478,-0.00784145372655243,0.0107102311954498));
#15700=CARTESIAN_POINT('',(0.0117663368004646,-0.0108026708962536,0.0107102311954498));
#15701=CARTESIAN_POINT('',(0.0107186451917961,-0.0107961392133427,0.0107102311954498));
#15702=CARTESIAN_POINT('',(0.0107251755689678,-0.0118434444988682,0.0107102311954498));
#15703=CARTESIAN_POINT('',(0.0107230865776435,-0.0108044590887561,0.0107102311954498));
#15704=CARTESIAN_POINT('',(0.00968430842131896,-0.0108026671082648,0.0107102311954498));
#15705=CARTESIAN_POINT('',(0.00968441099525608,-0.007841454140805,0.0107102311954498));
#15706=CARTESIAN_POINT('',(0.0107251751949874,-0.0145816221326177,0.0107102311954498));
#15707=CARTESIAN_POINT('',(0.0082719514363102,-0.0145815827387684,0.0107102311954498));
#15708=CARTESIAN_POINT('',(0.0131784019962322,-0.0145812012994212,0.0107102311954498));
#15709=CARTESIAN_POINT('',(0.00826986495740648,-0.0135426527591223,0.0107102311954498));
#15710=CARTESIAN_POINT('',(0.00723157688576642,-0.0135408521405711,0.0107102311954498));
#15711=CARTESIAN_POINT('',(0.00826174458572299,-0.0135306539010647,0.0107102311954498));
#15712=CARTESIAN_POINT('',(0.00827194577338602,-0.0125005207154941,0.0107102311954498));
#15713=CARTESIAN_POINT('',(0.0107251722790717,-0.0125000998985279,0.0107102311954498));
#15714=CARTESIAN_POINT('',(0.0131783957423024,-0.0125001392924123,0.0107102311954498));
#15715=CARTESIAN_POINT('',(0.0131804822216101,-0.0135390692717068,0.0107102311954498));
#15716=CARTESIAN_POINT('',(0.0142191198132548,-0.0135408676317265,0.0107102311954498));
#15717=CARTESIAN_POINT('',(0.0131886031208624,-0.0135510685644181,0.0107102311954498));
#15718=CARTESIAN_POINT('',(0.0164369682568231,-0.0180879928013248,0.0107102311954498));
#15719=CARTESIAN_POINT('',(0.0130378599831574,-0.0180879928013248,0.0107102311954498));
#15720=CARTESIAN_POINT('',(0.00500824337911479,-0.0180931268669952,0.0107102311954498));
#15721=CARTESIAN_POINT('',(0.00501337690450971,-0.0146924144877858,0.0107102311954498));
#15722=CARTESIAN_POINT('',(0.00840895575832406,-0.018087992261088,0.0107102311954498));
#15723=CARTESIAN_POINT('',(0.00500824337911109,-0.0180828587356513,0.0107102311954498));
#15724=CARTESIAN_POINT('',(0.00501337690452721,-0.0214835711164956,0.0107102311954498));
#15725=CARTESIAN_POINT('',(0.00501851151045918,-0.0180828587356514,0.0107102311954498));
#15726=CARTESIAN_POINT('',(0.00161779913124627,-0.0180879933415777,0.0107102311954498));
#15727=CARTESIAN_POINT('',(0.00501851151045599,-0.0180931268669954,0.0107102311954498));
#15728=CARTESIAN_POINT('',(0.0050133793460312,-0.00147298935729505,0.0107102311954498));
#15729=CARTESIAN_POINT('',(0.00256015558699723,-0.00147294994693645,0.0107102311954498));
#15730=CARTESIAN_POINT('',(0.00746660614810262,-0.00147256849048421,0.0107102311954498));
#15731=CARTESIAN_POINT('',(0.00255806829357008,-0.000434020771990746,0.0107102311954498));
#15732=CARTESIAN_POINT('',(0.00151978107618236,-0.000432219364019116,0.0107102311954498));
#15733=CARTESIAN_POINT('',(0.00254994794074938,-0.00042202035644935,0.0107102311954498));
#15734=CARTESIAN_POINT('',(0.00256014992307094,0.0006081120099839,0.0107102311954498));
#15735=CARTESIAN_POINT('',(0.00501337672514241,0.000608532876794743,0.0107102311954498));
#15736=CARTESIAN_POINT('',(0.00746660048417632,0.000608493466436119,0.0107102311954498));
#15737=CARTESIAN_POINT('',(0.00746868777760389,-0.000430435708509565,0.0107102311954498));
#15738=CARTESIAN_POINT('',(0.00850732449886696,-0.000432234857582399,0.0107102311954498));
#15739=CARTESIAN_POINT('',(0.00747680813042438,-0.000442436124050867,0.0107102311954498));
#15740=CARTESIAN_POINT('',(0.0164369688476246,0.00881072004844453,0.0107102311954498));
#15741=CARTESIAN_POINT('',(0.0130446796783649,0.00881072004844453,0.0107102311954498));
#15742=CARTESIAN_POINT('',(0.00502063406522478,0.00882824522767605,0.0107102311954498));
#15743=CARTESIAN_POINT('',(0.00842134729587336,0.00882310974864343,0.0107102311954498));
#15744=CARTESIAN_POINT('',(0.00502577000165839,0.0054275319926592,0.0107102311954498));
#15745=CARTESIAN_POINT('',(0.00503090418628178,0.00882824562273733,0.0107102311954498));
#15746=CARTESIAN_POINT('',(0.0016301905246204,0.00882310818867631,0.0107102311954498));
#15747=CARTESIAN_POINT('',(0.00503090446878728,0.00881797512379015,0.0107102311954498));
#15748=CARTESIAN_POINT('',(0.00502576563010089,0.0122186890494664,0.0107102311954498));
#15749=CARTESIAN_POINT('',(0.00502063357798797,0.00881797532132145,0.0107102311954498));
#15750=CARTESIAN_POINT('',(0.0131804830186073,0.0138552466537808,0.0107102311954498));
#15751=CARTESIAN_POINT('',(0.0131783957424994,0.0148941758722152,0.0107102311954498));
#15752=CARTESIAN_POINT('',(0.0142191198060208,0.0138534477714072,0.0107102311954498));
#15753=CARTESIAN_POINT('',(0.0131886047890905,0.0138432455246474,0.0107102311954498));
#15754=CARTESIAN_POINT('',(0.0131784011993267,0.012812833800947,0.0107102311954498));
#15755=CARTESIAN_POINT('',(0.0124721675293726,0.0128126934927143,0.0107102311954498));
#15756=CARTESIAN_POINT('',(0.0117659332293478,0.0128126934927141,0.0107102311954498));
#15757=CARTESIAN_POINT('',(0.0117659332293478,0.0106568315532994,0.0107102311954498));
#15758=CARTESIAN_POINT('',(0.011765894409791,0.00850096953470008,0.0107102311954498));
#15759=CARTESIAN_POINT('',(0.0107269670072492,0.00849888224127534,0.0107102311954498));
#15760=CARTESIAN_POINT('',(0.0107251678587201,0.00746024551170247,0.0107102311954498));
#15761=CARTESIAN_POINT('',(0.0107149669896367,0.00849076227310266,0.0107102311954498));
#15762=CARTESIAN_POINT('',(0.00968483361946779,0.00850096385696724,0.0107102311954498));
#15763=CARTESIAN_POINT('',(0.00968441099525608,0.010656830242957,0.0107102311954498));
#15764=CARTESIAN_POINT('',(0.00968441099525608,0.0128126934927141,0.0107102311954498));
#15765=CARTESIAN_POINT('',(0.008978182436883,0.0128126934927143,0.0107102311954498));
#15766=CARTESIAN_POINT('',(0.00827195143611904,0.0128127329036879,0.0107102311954498));
#15767=CARTESIAN_POINT('',(0.00826986418546429,0.0138516621472686,0.0107102311954498));
#15768=CARTESIAN_POINT('',(0.00723122739689751,0.013853461005269,0.0107102311954498));
#15769=CARTESIAN_POINT('',(0.00826174383011348,0.0138636619851723,0.0107102311954498));
#15770=CARTESIAN_POINT('',(0.00827194577218587,0.0148937944148926,0.0107102311954498));
#15771=CARTESIAN_POINT('',(0.0107251722788624,0.0148942152837046,0.0107102311954498));
#15772=CARTESIAN_POINT('',(0.00722059080286959,-0.0297119112387055,0.0107102311954498));
#15773=CARTESIAN_POINT('',(0.0082595207964065,-0.0297098247246772,0.0107102311954498));
#15774=CARTESIAN_POINT('',(0.00721879246163246,-0.0307505487730491,0.0107102311954498));
#15775=CARTESIAN_POINT('',(0.00720859040073369,-0.0297200331403614,0.0107102311954498));
#15776=CARTESIAN_POINT('',(0.00617817826504425,-0.0297098290000703,0.0107102311954498));
#15777=CARTESIAN_POINT('',(0.00617803796334379,-0.0266063716294469,0.0107102311954498));
#15778=CARTESIAN_POINT('',(0.00617803796334379,-0.0235029159919595,0.0107102311954498));
#15779=CARTESIAN_POINT('',(0.00723167669809118,-0.0235029159919591,0.0107102311954498));
#15780=CARTESIAN_POINT('',(0.00723167669809105,-0.0224492772572119,0.0107102311954498));
#15781=CARTESIAN_POINT('',(0.00845804384667349,-0.0224492772572122,0.0107102311954498));
#15782=CARTESIAN_POINT('',(0.00968441099525594,-0.0224492772572122,0.0107102311954498));
#15783=CARTESIAN_POINT('',(0.00968441099525608,-0.0194756749992223,0.0107102311954498));
#15784=CARTESIAN_POINT('',(0.00968445041494388,-0.0165020726619993,0.0107102311954498));
#15785=CARTESIAN_POINT('',(0.0107233787713022,-0.0164999845891748,0.0107102311954498));
#15786=CARTESIAN_POINT('',(0.0107251787282084,-0.0154613486809885,0.0107102311954498));
#15787=CARTESIAN_POINT('',(0.0107353792002461,-0.0164918657851888,0.0107102311954498));
#15788=CARTESIAN_POINT('',(0.0117655123922663,-0.0165020669991029,0.0107102311954498));
#15789=CARTESIAN_POINT('',(0.0117659332293478,-0.0194756736890303,0.0107102311954498));
#15790=CARTESIAN_POINT('',(0.0117659332293478,-0.0224492772572124,0.0107102311954498));
#15791=CARTESIAN_POINT('',(0.0129987395612916,-0.0224492772572122,0.0107102311954498));
#15792=CARTESIAN_POINT('',(0.0142315459723454,-0.0224493166469381,0.0107102311954498));
#15793=CARTESIAN_POINT('',(0.0142336323889402,-0.0234882463508512,0.0107102311954498));
#15794=CARTESIAN_POINT('',(0.0152724099936162,-0.0234900386122057,0.0107102311954498));
#15795=CARTESIAN_POINT('',(0.0152723065566607,-0.026599931569412,0.0107102311954498));
#15796=CARTESIAN_POINT('',(0.0152722671479151,-0.029709824724756,0.0107102311954498));
#15797=CARTESIAN_POINT('',(0.0142333373984281,-0.0297119115213933,0.0107102311954498));
#15798=CARTESIAN_POINT('',(0.0142315391161055,-0.0307505487851694,0.0107102311954498));
#15799=CARTESIAN_POINT('',(0.0142213370553608,-0.0297200331403602,0.0107102311954498));
#15800=CARTESIAN_POINT('',(0.0131912055145099,-0.0297098303896333,0.0107102311954498));
#15801=CARTESIAN_POINT('',(0.0131907846179696,-0.0271203133791179,0.0107102311954498));
#15802=CARTESIAN_POINT('',(0.0131907846179696,-0.0245307994913014,0.0107102311954498));
#15803=CARTESIAN_POINT('',(0.0124783589236585,-0.0245307994913012,0.0107102311954498));
#15804=CARTESIAN_POINT('',(0.0117659332293476,-0.0245307994913012,0.0107102311954498));
#15805=CARTESIAN_POINT('',(0.0117659332293478,-0.0271203120684212,0.0107102311954498));
#15806=CARTESIAN_POINT('',(0.0117658938283183,-0.0297098247246772,0.0107102311954498));
#15807=CARTESIAN_POINT('',(0.0107269638347816,-0.0297119112387058,0.0107102311954498));
#15808=CARTESIAN_POINT('',(0.0107251654935444,-0.0307505487730492,0.0107102311954498));
#15809=CARTESIAN_POINT('',(0.010714963432647,-0.0297200331403604,0.0107102311954498));
#15810=CARTESIAN_POINT('',(0.00968483189179637,-0.0297098303896333,0.0107102311954498));
#15811=CARTESIAN_POINT('',(0.00968441099525608,-0.0271203133791179,0.0107102311954498));
#15812=CARTESIAN_POINT('',(0.00968441099525608,-0.0245307994913014,0.0107102311954498));
#15813=CARTESIAN_POINT('',(0.00897198559634589,-0.0245307994913012,0.0107102311954498));
#15814=CARTESIAN_POINT('',(0.00825956019743585,-0.0245307994913012,0.0107102311954498));
#15815=CARTESIAN_POINT('',(0.00825956019743598,-0.0271203120684212,0.0107102311954498));
#15816=CARTESIAN_POINT('',(-0.0185261049926281,-0.0500024672041905,0.0107102311954498));
#15817=CARTESIAN_POINT('',(-0.0732494870916453,-0.0500024672041905,0.0107102311954498));
#15818=CARTESIAN_POINT('',(-0.00562181209592157,-0.0500024672041904,0.0107102311954498));
#15819=CARTESIAN_POINT('',(-0.00562181209592152,-0.114952498976088,0.0107102311954498));
#15820=CARTESIAN_POINT('',(0.0270657747345343,-0.0588273782911545,0.0107102311954498));
#15821=CARTESIAN_POINT('',(0.0362783437542736,-0.0641475781832523,0.0107102311954498));
#15822=CARTESIAN_POINT('',(0.0362783437542735,-0.0641475781832524,0.0107102311954498));
#15823=CARTESIAN_POINT('',(0.0372785299634731,-0.0624156348969623,0.0107102311954498));
#15824=CARTESIAN_POINT('',(0.0390106325682596,-0.0634155451761821,0.0107102311954498));
#15825=CARTESIAN_POINT('',(0.0462810712811148,-0.0508212693754619,0.0107102311954498));
#15826=CARTESIAN_POINT('',(0.0492591768938126,-0.0456624220305737,0.0107102311954498));
#15827=CARTESIAN_POINT('',(0.0475270742890271,-0.0446625117513524,0.0107102311954498));
#15828=CARTESIAN_POINT('',(0.048527465651591,-0.0429306869560268,0.0107102311954498));
#15829=CARTESIAN_POINT('',(0.0536687050020395,-0.0340304443919664,0.0107102311954498));
#15830=CARTESIAN_POINT('',(0.0433902489040783,-0.0340304443919664,0.0107102311954498));
#15831=CARTESIAN_POINT('',(0.0433902489040783,0.0345970257958095,0.0107102311954498));
#15832=CARTESIAN_POINT('',(0.0433902489040785,0.0345970257958095,0.0107102311954498));
#15833=CARTESIAN_POINT('',(0.0403902489040785,0.0345970257958093,0.0107102311954498));
#15834=CARTESIAN_POINT('',(0.0403902489040784,0.0375970257958095,0.0107102311954498));
#15835=CARTESIAN_POINT('',(-0.0185261049926282,0.0375970257958095,0.0107102311954498));
#15836=CARTESIAN_POINT('',(-0.0732521900959217,0.0375970257958093,0.0107102311954498));
#15837=CARTESIAN_POINT('',(-0.0732521900959216,0.0345970257958093,0.0107102311954498));
#15838=CARTESIAN_POINT('',(-0.0762521900959217,0.0345970257958095,0.0107102311954498));
#15839=CARTESIAN_POINT('',(-0.0762521900959217,-0.0134093045505762,0.0107102311954498));
#15840=CARTESIAN_POINT('',(-0.0762521900959217,-0.00894107764158441,0.0107102311954498));
#15841=CARTESIAN_POINT('',(-0.0867479106022596,-0.00894107764158472,0.0107102311954498));
#15842=CARTESIAN_POINT('',(-0.0849263833194121,-0.0192775270950967,0.0107102311954498));
#15843=CARTESIAN_POINT('',(-0.0845792842742827,-0.0212471773820436,0.0107102311954498));
#15844=CARTESIAN_POINT('',(-0.0865489244149148,-0.0215943339985882,0.0107102311954498));
#15845=CARTESIAN_POINT('',(-0.0858986124770984,-0.0252839669642617,0.0107102311954498));
#15846=CARTESIAN_POINT('',(-0.0829907937159817,-0.0417818710243412,0.0107102311954498));
#15847=CARTESIAN_POINT('',(-0.0731943926212795,-0.0400552178209488,0.0107102311954498));
#15848=CARTESIAN_POINT('',(0.0148498424040783,0.0428970257958096,-0.0074897688045502));
#15849=CARTESIAN_POINT('',(0.0150498424040783,0.0428970257958096,-0.0074897688045502));
#15850=CARTESIAN_POINT('',(0.0150498424040783,0.0428970257958096,-0.0091897688045502));
#15851=CARTESIAN_POINT('',(0.0194498424040783,0.0428970257958096,-0.0074897688045502));
#15852=CARTESIAN_POINT('',(0.0177498424040783,0.0428970257958096,-0.0074897688045502));
#15853=CARTESIAN_POINT('',(0.0194498424040783,0.0428970257958096,-0.0074897688045502));
#15854=CARTESIAN_POINT('',(0.0194498424040783,0.0428970257958096,-0.0091897688045502));
#15855=CARTESIAN_POINT('',(0.0234498424040783,0.0428970257958096,-0.0074897688045502));
#15856=CARTESIAN_POINT('',(0.0251498424040783,0.0428970257958096,-0.0074897688045502));
#15857=CARTESIAN_POINT('',(0.0234498424040783,0.0428970257958096,-0.0074897688045502));
#15858=CARTESIAN_POINT('',(0.0234498424040783,0.0428970257958096,-0.0091897688045502));
#15859=CARTESIAN_POINT('',(0.0280498424040783,0.0428970257958096,-0.0074897688045502));
#15860=CARTESIAN_POINT('',(0.0278498424040784,0.0428970257958096,-0.0074897688045502));
#15861=CARTESIAN_POINT('',(0.0278498424040784,0.0428970257958096,-0.0091897688045502));
#15862=CARTESIAN_POINT('',(-0.0762521900959217,0.0107501040771124,0.0097102311954498));
#15863=CARTESIAN_POINT('',(-0.0762521900959216,0.0345970257958095,0.0097102311954498));
#15864=CARTESIAN_POINT('',(-0.0772521900959216,0.0345970257958095,0.0097102311954498));
#15865=CARTESIAN_POINT('',(-0.0772521900959217,0.0107501040771124,0.0097102311954498));
#15866=CARTESIAN_POINT('',(-0.0772521900959216,-0.00894107764158444,0.0097102311954498));
#15867=CARTESIAN_POINT('',(-0.0762521900959217,-0.00894107764158441,0.0097102311954498));
#15868=CARTESIAN_POINT('',(-0.0732521900959216,0.0345970257958093,0.0097102311954498));
#15869=CARTESIAN_POINT('',(-0.0732521900959217,0.0375970257958095,0.0097102311954498));
#15870=CARTESIAN_POINT('',(-0.0732521900959216,0.0345970257958093,0.0097102311954498));
#15871=CARTESIAN_POINT('',(0.0403902489040785,0.0345970257958093,0.0097102311954498));
#15872=CARTESIAN_POINT('',(0.0403902489040784,0.0375970257958095,0.0097102311954498));
#15873=CARTESIAN_POINT('',(0.0433902489040785,0.0345970257958095,0.0097102311954498));
#15874=CARTESIAN_POINT('',(0.0443902489040783,0.0345970257958095,0.0097102311954498));
#15875=CARTESIAN_POINT('',(0.0403902489040785,0.0345970257958093,0.0097102311954498));
#15876=CARTESIAN_POINT('',(0.0433902489040783,-0.0134093045505762,0.0097102311954498));
#15877=CARTESIAN_POINT('',(0.0433902489040783,-0.0340304443919664,0.0097102311954498));
#15878=CARTESIAN_POINT('',(0.0443902489040783,-0.0340304443919664,0.0097102311954498));
#15879=CARTESIAN_POINT('',(0.0443902489040783,-0.0340304443919664,0.0097102311954498));
#15880=CARTESIAN_POINT('',(0.0536687050020395,-0.0340304443919664,0.0097102311954498));
#15881=CARTESIAN_POINT('',(0.0485274656515909,-0.0429306869560267,0.0097102311954498));
#15882=CARTESIAN_POINT('',(0.049027661332873,-0.0420647745583636,0.0097102311954498));
#15883=CARTESIAN_POINT('',(0.0536687050020395,-0.0340304443919664,0.0097102311954498));
#15884=CARTESIAN_POINT('',(0.0475270742890271,-0.0446625117513524,0.0097102311954498));
#15885=CARTESIAN_POINT('',(0.0492591768938128,-0.0456624220305734,0.0097102311954498));
#15886=CARTESIAN_POINT('',(0.0501252281962058,-0.0461623771701839,0.0097102311954498));
#15887=CARTESIAN_POINT('',(0.0475270742890271,-0.0446625117513524,0.0097102311954498));
#15888=CARTESIAN_POINT('',(0.0441349047310361,-0.0545389836033777,0.0097102311954498));
#15889=CARTESIAN_POINT('',(0.0390106325682598,-0.0634155451761818,0.0097102311954498));
#15890=CARTESIAN_POINT('',(0.0398766838706533,-0.0639155003157922,0.0097102311954498));
#15891=CARTESIAN_POINT('',(0.0450009560334295,-0.055038938742988,0.0097102311954498));
#15892=CARTESIAN_POINT('',(0.0372785299634731,-0.0624156348969623,0.0097102311954498));
#15893=CARTESIAN_POINT('',(0.0362783437542736,-0.0641475781832525,0.0097102311954498));
#15894=CARTESIAN_POINT('',(0.0357782506496738,-0.0650135498263976,0.0097102311954498));
#15895=CARTESIAN_POINT('',(0.0372785299634731,-0.0624156348969623,0.0097102311954498));
#15896=CARTESIAN_POINT('',(-0.0267929336997579,-0.0277243174417115,0.0097102311954498));
#15897=CARTESIAN_POINT('',(0.0270625916746075,-0.0588255400943342,0.0097102311954498));
#15898=CARTESIAN_POINT('',(0.0265624985700074,-0.05969151173748,0.0097102311954498));
#15899=CARTESIAN_POINT('',(0.0265624985700077,-0.0596915117374795,0.0097102311954498));
#15900=CARTESIAN_POINT('',(-0.00562181209592152,-0.114952498976088,0.0097102311954498));
#15901=CARTESIAN_POINT('',(-0.00562181209592157,-0.0500024672041904,0.0097102311954498));
#15902=CARTESIAN_POINT('',(-0.00562181209592152,-0.114952498976088,0.0097102311954498));
#15903=CARTESIAN_POINT('',(-0.0446337845959217,-0.0500024672041905,0.0097102311954498));
#15904=CARTESIAN_POINT('',(-0.0732521900959217,-0.0510024672041905,0.0097102311954498));
#15905=CARTESIAN_POINT('',(-0.0732521900959217,-0.0510024672041905,0.0099744239087902));
#15906=CARTESIAN_POINT('',(-0.0732516249855641,-0.0507864954482266,0.0104921948301713));
#15907=CARTESIAN_POINT('',(-0.073250207454021,-0.0502631449494782,0.0107102311954498));
#15908=CARTESIAN_POINT('',(-0.0732494870916456,-0.0500024672041905,0.0107102311954498));
#15909=CARTESIAN_POINT('',(-0.0731943926212795,-0.0400552178209488,0.0097102311954498));
#15910=CARTESIAN_POINT('',(-0.0829907937159817,-0.0417818710243412,0.0097102311954498));
#15911=CARTESIAN_POINT('',(-0.0839756137862977,-0.0419554493326137,0.0097102311954498));
#15912=CARTESIAN_POINT('',(-0.0731943926212795,-0.0400552178209488,0.0097102311954498));
#15913=CARTESIAN_POINT('',(-0.0847698590654482,-0.0316881025114648,0.0097102311954498));
#15914=CARTESIAN_POINT('',(-0.0865489244149148,-0.0215943339985882,0.0097102311954498));
#15915=CARTESIAN_POINT('',(-0.0875337444852308,-0.0217679123068607,0.0097102311954498));
#15916=CARTESIAN_POINT('',(-0.0857546791357643,-0.0318616808197371,0.0097102311954498));
#15917=CARTESIAN_POINT('',(-0.0845792842742827,-0.0212471773820436,0.0097102311954498));
#15918=CARTESIAN_POINT('',(-0.0849263833194121,-0.0192775270950967,0.0097102311954498));
#15919=CARTESIAN_POINT('',(-0.0850999328419768,-0.0182927019516233,0.0097102311954498));
#15920=CARTESIAN_POINT('',(-0.0845792842742827,-0.0212471773820436,0.0097102311954498));
#15921=CARTESIAN_POINT('',(-0.0867479106022596,-0.00894107764158472,0.0097102311954498));
#15922=CARTESIAN_POINT('',(-0.0867479106022596,-0.00894107764158472,0.0097102311954498));
#15923=CARTESIAN_POINT('',(0.0110498424040783,0.0428970257958095,-0.00748976880455019));
#15924=CARTESIAN_POINT('',(0.0150498424040783,0.0428970257958095,-0.00748976880455019));
#15925=CARTESIAN_POINT('',(0.0150498424040783,0.0393970257958096,-0.0074897688045502));
#15926=CARTESIAN_POINT('',(0.0150498424040783,0.0453718995299625,-0.00501489507039728));
#15927=CARTESIAN_POINT('',(0.0110498424040783,0.0393970257958096,-0.0074897688045502));
#15928=CARTESIAN_POINT('',(0.0110498424040783,0.0393970257958096,-0.0074897688045502));
#15929=CARTESIAN_POINT('',(0.0110498424040783,0.0428970257958095,-0.00748976880455019));
#15930=CARTESIAN_POINT('',(0.0110498424040783,0.0453718995299625,-0.00501489507039728));
#15931=CARTESIAN_POINT('',(0.0110498424040783,0.0453718995299625,-0.00501489507039728));
#15932=CARTESIAN_POINT('',(0.0234498424040783,0.0428970257958095,-0.00748976880455019));
#15933=CARTESIAN_POINT('',(0.0194498424040783,0.0428970257958095,-0.00748976880455019));
#15934=CARTESIAN_POINT('',(0.0194498424040783,0.0393970257958096,-0.0074897688045502));
#15935=CARTESIAN_POINT('',(0.0194498424040783,0.0453718995299625,-0.00501489507039728));
#15936=CARTESIAN_POINT('',(0.0234498424040783,0.0453718995299625,-0.00501489507039728));
#15937=CARTESIAN_POINT('',(0.0234498424040783,0.0453718995299625,-0.00501489507039728));
#15938=CARTESIAN_POINT('',(0.0234498424040783,0.0428970257958095,-0.00748976880455019));
#15939=CARTESIAN_POINT('',(0.0234498424040783,0.0393970257958096,-0.0074897688045502));
#15940=CARTESIAN_POINT('',(0.0234498424040783,0.0393970257958096,-0.0074897688045502));
#15941=CARTESIAN_POINT('',(0.0318498424040784,0.0428970257958095,-0.00748976880455019));
#15942=CARTESIAN_POINT('',(0.0278498424040784,0.0428970257958095,-0.00748976880455019));
#15943=CARTESIAN_POINT('',(0.0278498424040784,0.0393970257958096,-0.0074897688045502));
#15944=CARTESIAN_POINT('',(0.0278498424040784,0.0453718995299625,-0.00501489507039728));
#15945=CARTESIAN_POINT('',(0.0318498424040784,0.0453718995299625,-0.00501489507039728));
#15946=CARTESIAN_POINT('',(0.0318498424040784,0.0453718995299625,-0.00501489507039728));
#15947=CARTESIAN_POINT('',(0.0318498424040784,0.0428970257958095,-0.00748976880455019));
#15948=CARTESIAN_POINT('',(0.0318498424040784,0.0393970257958096,-0.0074897688045502));
#15949=CARTESIAN_POINT('',(0.0318498424040784,0.0393970257958096,-0.0074897688045502));
#15950=CARTESIAN_POINT('',(0.0318498424040784,0.0404970257958095,-0.000139768804550199));
#15951=CARTESIAN_POINT('',(0.0318498424040784,0.0419844626628861,-0.00162745820332083));
#15952=CARTESIAN_POINT('',(0.0318498424040784,0.0389970257958096,-0.0074897688045502));
#15953=CARTESIAN_POINT('',(-0.0164309705959216,0.0375970257958095,0.0097102311954498));
#15954=CARTESIAN_POINT('',(0.0110498424040783,0.0404970257958095,-0.000139768804550199));
#15955=CARTESIAN_POINT('',(0.0110498424040783,0.0419844626628861,-0.00162745820332083));
#15956=CARTESIAN_POINT('',(0.0110498424040783,0.0389970257958096,-0.0074897688045502));
#15957=CARTESIAN_POINT('',(0.0110498424040783,0.0419844626628861,-0.00162745820332083));
#15958=CARTESIAN_POINT('',(0.0150498424040783,0.0419844626628861,-0.00162745820332083));
#15959=CARTESIAN_POINT('',(-0.0185261049926281,-0.0137083551198938,-0.0074897688045502));
#15960=CARTESIAN_POINT('',(0.0150498424040783,0.0389970257958096,-0.0074897688045502));
#15961=CARTESIAN_POINT('',(0.0150498424040783,0.0404970257958095,-0.000139768804550199));
#15962=CARTESIAN_POINT('',(0.0194498424040783,0.0404970257958095,-0.000139768804550199));
#15963=CARTESIAN_POINT('',(0.0194498424040783,0.0419844626628861,-0.00162745820332083));
#15964=CARTESIAN_POINT('',(0.0194498424040783,0.0389970257958096,-0.0074897688045502));
#15965=CARTESIAN_POINT('',(0.0234498424040783,0.0419844626628861,-0.00162745820332083));
#15966=CARTESIAN_POINT('',(0.0234498424040783,0.0419844626628861,-0.00162745820332083));
#15967=CARTESIAN_POINT('',(-0.0185261049926281,-0.0137083551198938,-0.0074897688045502));
#15968=CARTESIAN_POINT('',(0.0234498424040783,0.0389970257958096,-0.0074897688045502));
#15969=CARTESIAN_POINT('',(0.0234498424040783,0.0404970257958095,-0.000139768804550199));
#15970=CARTESIAN_POINT('',(-0.0185261049926281,-0.0137083551198938,-0.0074897688045502));
#15971=CARTESIAN_POINT('',(0.0278498424040784,0.0389970257958096,-0.0074897688045502));
#15972=CARTESIAN_POINT('',(0.0278498424040784,0.0404970257958095,-0.000139768804550199));
#15973=CARTESIAN_POINT('',(0.0278498424040784,0.0419844626628861,-0.00162745820332083));
#15974=CARTESIAN_POINT('',(0.0318498424040784,0.0419844626628861,-0.00162745820332083));
#15975=CARTESIAN_POINT('',(-0.0867479106022596,-0.00894107764158472,0.0087122311954498));
#15976=CARTESIAN_POINT('',(-0.0850999328419768,-0.0182927019516233,0.0087122311954498));
#15977=CARTESIAN_POINT('',(-0.0772521900959216,-0.00894107764158444,0.0087122311954498));
#15978=CARTESIAN_POINT('',(-0.0845792842742827,-0.0212471773820436,0.0087122311954498));
#15979=CARTESIAN_POINT('',(-0.0875337444852308,-0.0217679123068607,0.0087122311954498));
#15980=CARTESIAN_POINT('',(-0.0857546791357643,-0.0318616808197371,0.0087122311954498));
#15981=CARTESIAN_POINT('',(-0.0839756137862977,-0.0419554493326137,0.0087122311954498));
#15982=CARTESIAN_POINT('',(-0.0731943926212795,-0.0400552178209488,0.0087122311954498));
#15983=CARTESIAN_POINT('',(-0.00562181209592152,-0.114952498976088,0.0087122311954498));
#15984=CARTESIAN_POINT('',(0.0265624985700074,-0.05969151173748,0.0087122311954498));
#15985=CARTESIAN_POINT('',(0.0311703746098407,-0.0623525307819385,0.0087122311954498));
#15986=CARTESIAN_POINT('',(0.0357782506496738,-0.0650135498263976,0.0087122311954498));
#15987=CARTESIAN_POINT('',(0.0372785299634731,-0.0624156348969623,0.0087122311954498));
#15988=CARTESIAN_POINT('',(0.0398766838706533,-0.0639155003157922,0.0087122311954498));
#15989=CARTESIAN_POINT('',(0.0450009560334295,-0.055038938742988,0.0087122311954498));
#15990=CARTESIAN_POINT('',(0.0501252281962058,-0.0461623771701839,0.0087122311954498));
#15991=CARTESIAN_POINT('',(0.0475270742890271,-0.0446625117513524,0.0087122311954498));
#15992=CARTESIAN_POINT('',(0.049027661332873,-0.0420647745583636,0.0087122311954498));
#15993=CARTESIAN_POINT('',(0.0536687050020395,-0.0340304443919664,0.0087122311954498));
#15994=CARTESIAN_POINT('',(0.0443902489040783,-0.0340304443919664,0.0087122311954498));
#15995=CARTESIAN_POINT('',(0.0443902489040783,-0.00179457929807842,0.0087122311954498));
#15996=CARTESIAN_POINT('',(0.0443902489040783,0.0345970257958095,0.0087122311954498));
#15997=CARTESIAN_POINT('',(0.0403902489040785,0.0345970257958093,0.0087122311954498));
#15998=CARTESIAN_POINT('',(-0.0732521900959216,0.0345970257958093,0.0087122311954498));
#15999=CARTESIAN_POINT('',(-0.0772521900959216,0.0345970257958095,0.0087122311954498));
#16000=CARTESIAN_POINT('',(-0.0772521900959217,0.0107501040771124,0.0087122311954498));
#16001=CARTESIAN_POINT('',(-0.00843097059592166,-0.0514024672041905,-0.0130897688045502));
#16002=CARTESIAN_POINT('',(-0.0244309705959216,-0.0514024672041905,-0.0130897688045502));
#16003=CARTESIAN_POINT('',(-0.0244309705959216,-0.0514024672041905,-0.0166897688045502));
#16004=CARTESIAN_POINT('',(-0.00843097059592166,-0.0514024672041905,-0.0130897688045502));
#16005=CARTESIAN_POINT('',(-0.00843097059592166,-0.0514024672041905,-0.0166897688045502));
#16006=CARTESIAN_POINT('',(-0.00843097059592166,-0.0514024672041905,-0.0166897688045502));
#16007=CARTESIAN_POINT('',(-0.00843097059592166,-0.0520560205947837,-0.000529108632770379));
#16008=CARTESIAN_POINT('',(-0.0244309705959216,-0.0520560205947837,-0.000529108632770379));
#16009=CARTESIAN_POINT('',(-0.0244309705959216,-0.053109573985377,-0.00158266202336366));
#16010=CARTESIAN_POINT('',(-0.00843097059592166,-0.053109573985377,-0.00158266202336366));
#16011=CARTESIAN_POINT('',(-0.00843097059592166,-0.053109573985377,-0.00158266202336366));
#16012=CARTESIAN_POINT('',(-0.00843097059592166,-0.0520560205947837,-0.000529108632770379));
#16013=CARTESIAN_POINT('',(-0.00843097059592166,-0.0524024672041905,-0.00228976880455017));
#16014=CARTESIAN_POINT('',(-0.0244309705959216,-0.0524024672041905,-0.00228976880455017));
#16015=CARTESIAN_POINT('',(-0.0244309705959216,-0.0534024672041904,-0.0022897688045502));
#16016=CARTESIAN_POINT('',(-0.00843097059592166,-0.0534024672041904,-0.0022897688045502));
#16017=CARTESIAN_POINT('',(-0.00843097059592166,-0.0534024672041904,-0.0022897688045502));
#16018=CARTESIAN_POINT('',(-0.00843097059592166,-0.0524024672041905,-0.00228976880455017));
#16019=CARTESIAN_POINT('',(-0.00843097059592166,-0.0534024672041905,-0.0058897688045502));
#16020=CARTESIAN_POINT('',(-0.0244309705959216,-0.0534024672041905,-0.0058897688045502));
#16021=CARTESIAN_POINT('',(-0.0244309705959216,-0.0534024672041905,-0.0166897688045502));
#16022=CARTESIAN_POINT('',(-0.00843097059592166,-0.0534024672041905,-0.0166897688045502));
#16023=CARTESIAN_POINT('',(-0.00843097059592166,-0.0534024672041905,-0.0166897688045502));
#16024=CARTESIAN_POINT('',(-0.00843097059592166,-0.0534024672041905,-0.0058897688045502));
#16025=CARTESIAN_POINT('',(-0.00843097059592166,-0.0524024672041905,-0.0166897688045502));
#16026=CARTESIAN_POINT('',(-0.0244309705959216,-0.0524024672041905,-0.0166897688045502));
#16027=CARTESIAN_POINT('',(-0.00843097059592166,-0.0524024672041905,-0.0166897688045502));
#16028=CARTESIAN_POINT('',(-0.00843097059592166,0.0429970257958096,-0.0039897688045502));
#16029=CARTESIAN_POINT('',(-0.00843097059592166,-0.0524024672041905,-0.0166897688045502));
#16030=CARTESIAN_POINT('',(-0.0244309705959216,0.0429970257958096,-0.0039897688045502));
#16031=CARTESIAN_POINT('',(-0.0244309705959216,-0.0524024672041905,-0.0166897688045502));
#16032=CARTESIAN_POINT('',(-0.0244309705959216,-0.0524024672041905,-0.0166897688045502));
#16033=CARTESIAN_POINT('',(-0.025270070227099,-0.0524024672041905,-0.0166897688045502));
#16034=CARTESIAN_POINT('',(-0.00843097059592166,-0.0524024672041905,-0.0166897688045502));
#16035=CARTESIAN_POINT('',(-0.00759187096474438,-0.0524024672041905,-0.0166897688045502));
#16036=CARTESIAN_POINT('',(0.00617803796334379,-0.0266063716294469,0.0103102311954498));
#16037=CARTESIAN_POINT('',(0.00617831856760478,-0.0297098286567674,0.0103102311954498));
#16038=CARTESIAN_POINT('',(0.00617831856760478,-0.0297098286567674,0.0103102311954498));
#16039=CARTESIAN_POINT('',(0.00617803796334379,-0.0266063716294469,0.0103102311954498));
#16040=CARTESIAN_POINT('',(0.00617803796334379,-0.0235029159919595,0.0103102311954498));
#16041=CARTESIAN_POINT('',(0.00617803796334379,-0.0235029159919595,0.0103102311954498));
#16042=CARTESIAN_POINT('',(0.00720859040073369,-0.0297200331403614,0.0103102311954498));
#16043=CARTESIAN_POINT('',(0.00721879334631624,-0.0307503739783458,0.0103102311954498));
#16044=CARTESIAN_POINT('',(0.00721879334631624,-0.0307503739783458,0.0103102311954498));
#16045=CARTESIAN_POINT('',(0.00720859040073369,-0.0297200331403614,0.0103102311954498));
#16046=CARTESIAN_POINT('',(0.00722059080286959,-0.0297119112387055,0.0103102311954498));
#16047=CARTESIAN_POINT('',(0.00825948139537702,-0.0297098247246772,0.0103102311954498));
#16048=CARTESIAN_POINT('',(0.00825948139537702,-0.0297098247246772,0.0103102311954498));
#16049=CARTESIAN_POINT('',(0.00722059080286959,-0.0297119112387055,0.0103102311954498));
#16050=CARTESIAN_POINT('',(0.00825956019743598,-0.0271203120684212,0.0103102311954498));
#16051=CARTESIAN_POINT('',(0.00825956019743585,-0.0245307994913012,0.0103102311954498));
#16052=CARTESIAN_POINT('',(0.00825956019743585,-0.0245307994913012,0.0103102311954498));
#16053=CARTESIAN_POINT('',(0.00825956019743598,-0.0271203120684212,0.0103102311954498));
#16054=CARTESIAN_POINT('',(0.00897198559634589,-0.0245307994913012,0.0103102311954498));
#16055=CARTESIAN_POINT('',(0.00968441099525608,-0.0245307994913014,0.0103102311954498));
#16056=CARTESIAN_POINT('',(0.00968441099525608,-0.0245307994913014,0.0103102311954498));
#16057=CARTESIAN_POINT('',(0.00897198559634589,-0.0245307994913012,0.0103102311954498));
#16058=CARTESIAN_POINT('',(0.00968441099525608,-0.0271203133791179,0.0103102311954498));
#16059=CARTESIAN_POINT('',(0.0096846915995169,-0.0297098286567674,0.0103102311954498));
#16060=CARTESIAN_POINT('',(0.0096846915995169,-0.0297098286567674,0.0103102311954498));
#16061=CARTESIAN_POINT('',(0.00968441099525608,-0.0271203133791179,0.0103102311954498));
#16062=CARTESIAN_POINT('',(0.010714963432647,-0.0297200331403604,0.0103102311954498));
#16063=CARTESIAN_POINT('',(0.0107251663782281,-0.030750373978346,0.0103102311954498));
#16064=CARTESIAN_POINT('',(0.0107251663782281,-0.030750373978346,0.0103102311954498));
#16065=CARTESIAN_POINT('',(0.010714963432647,-0.0297200331403604,0.0103102311954498));
#16066=CARTESIAN_POINT('',(0.0107269638347816,-0.0297119112387058,0.0103102311954498));
#16067=CARTESIAN_POINT('',(0.0117658544272888,-0.0297098247246772,0.0103102311954498));
#16068=CARTESIAN_POINT('',(0.0117658544272888,-0.0297098247246772,0.0103102311954498));
#16069=CARTESIAN_POINT('',(0.0107269638347816,-0.0297119112387058,0.0103102311954498));
#16070=CARTESIAN_POINT('',(0.0117659332293478,-0.0271203120684212,0.0103102311954498));
#16071=CARTESIAN_POINT('',(0.0117659332293476,-0.0245307994913012,0.0103102311954498));
#16072=CARTESIAN_POINT('',(0.0117659332293476,-0.0245307994913012,0.0103102311954498));
#16073=CARTESIAN_POINT('',(0.0117659332293478,-0.0271203120684212,0.0103102311954498));
#16074=CARTESIAN_POINT('',(0.0124783589236585,-0.0245307994913012,0.0103102311954498));
#16075=CARTESIAN_POINT('',(0.0131907846179696,-0.0245307994913014,0.0103102311954498));
#16076=CARTESIAN_POINT('',(0.0131907846179696,-0.0245307994913014,0.0103102311954498));
#16077=CARTESIAN_POINT('',(0.0124783589236585,-0.0245307994913012,0.0103102311954498));
#16078=CARTESIAN_POINT('',(0.0131907846179696,-0.0271203133791179,0.0103102311954498));
#16079=CARTESIAN_POINT('',(0.0131910652222304,-0.0297098286567674,0.0103102311954498));
#16080=CARTESIAN_POINT('',(0.0131910652222304,-0.0297098286567674,0.0103102311954498));
#16081=CARTESIAN_POINT('',(0.0131907846179696,-0.0271203133791179,0.0103102311954498));
#16082=CARTESIAN_POINT('',(0.0142213370553608,-0.0297200331403602,0.0103102311954498));
#16083=CARTESIAN_POINT('',(0.0142315400008049,-0.0307503739864267,0.0103102311954498));
#16084=CARTESIAN_POINT('',(0.0142315400008049,-0.0307503739864267,0.0103102311954498));
#16085=CARTESIAN_POINT('',(0.0142213370553608,-0.0297200331403602,0.0103102311954498));
#16086=CARTESIAN_POINT('',(0.0142333373984281,-0.0297119115213933,0.0103102311954498));
#16087=CARTESIAN_POINT('',(0.0152722277391697,-0.029709824724756,0.0103102311954498));
#16088=CARTESIAN_POINT('',(0.0152722277391697,-0.029709824724756,0.0103102311954498));
#16089=CARTESIAN_POINT('',(0.0142333373984281,-0.0297119115213933,0.0103102311954498));
#16090=CARTESIAN_POINT('',(0.0152723065566607,-0.026599931569412,0.0103102311954498));
#16091=CARTESIAN_POINT('',(0.0152723755146653,-0.0234900385527173,0.0103102311954498));
#16092=CARTESIAN_POINT('',(0.0152723755146653,-0.0234900385527173,0.0103102311954498));
#16093=CARTESIAN_POINT('',(0.0152723065566607,-0.026599931569412,0.0103102311954498));
#16094=CARTESIAN_POINT('',(0.0142336323889402,-0.0234882463508512,0.0103102311954498));
#16095=CARTESIAN_POINT('',(0.0142315459723454,-0.0224493560366639,0.0103102311954498));
#16096=CARTESIAN_POINT('',(0.0142315459723454,-0.0224493560366639,0.0103102311954498));
#16097=CARTESIAN_POINT('',(0.0142336323889402,-0.0234882463508512,0.0103102311954498));
#16098=CARTESIAN_POINT('',(0.0129987395612916,-0.0224492772572122,0.0103102311954498));
#16099=CARTESIAN_POINT('',(0.0117659332293478,-0.0224492772572124,0.0103102311954498));
#16100=CARTESIAN_POINT('',(0.0117659332293478,-0.0224492772572124,0.0103102311954498));
#16101=CARTESIAN_POINT('',(0.0129987395612916,-0.0224492772572122,0.0103102311954498));
#16102=CARTESIAN_POINT('',(0.0117659332293478,-0.0194756736890303,0.0103102311954498));
#16103=CARTESIAN_POINT('',(0.0117656526647293,-0.0165020687314231,0.0103102311954498));
#16104=CARTESIAN_POINT('',(0.0117656526647293,-0.0165020687314231,0.0103102311954498));
#16105=CARTESIAN_POINT('',(0.0117659332293478,-0.0194756736890303,0.0103102311954498));
#16106=CARTESIAN_POINT('',(0.0107353792002461,-0.0164918657851888,0.0103102311954498));
#16107=CARTESIAN_POINT('',(0.0107251778437199,-0.0154615234090284,0.0103102311954498));
#16108=CARTESIAN_POINT('',(0.0107251778437199,-0.0154615234090284,0.0103102311954498));
#16109=CARTESIAN_POINT('',(0.0107353792002461,-0.0164918657851888,0.0103102311954498));
#16110=CARTESIAN_POINT('',(0.0107233787713022,-0.0164999845891748,0.0103102311954498));
#16111=CARTESIAN_POINT('',(0.00968448983463167,-0.0165020726619993,0.0103102311954498));
#16112=CARTESIAN_POINT('',(0.00968448983463167,-0.0165020726619993,0.0103102311954498));
#16113=CARTESIAN_POINT('',(0.0107233787713022,-0.0164999845891748,0.0103102311954498));
#16114=CARTESIAN_POINT('',(0.00968441099525608,-0.0194756749992223,0.0103102311954498));
#16115=CARTESIAN_POINT('',(0.00968441099525594,-0.0224492772572122,0.0103102311954498));
#16116=CARTESIAN_POINT('',(0.00968441099525594,-0.0224492772572122,0.0103102311954498));
#16117=CARTESIAN_POINT('',(0.00968441099525608,-0.0194756749992223,0.0103102311954498));
#16118=CARTESIAN_POINT('',(0.00845804384667349,-0.0224492772572122,0.0103102311954498));
#16119=CARTESIAN_POINT('',(0.00723167669809105,-0.0224492772572122,0.0103102311954498));
#16120=CARTESIAN_POINT('',(0.00723167669809105,-0.0224492772572122,0.0103102311954498));
#16121=CARTESIAN_POINT('',(0.00845804384667349,-0.0224492772572122,0.0103102311954498));
#16122=CARTESIAN_POINT('',(0.00723167669809118,-0.0235029159919591,0.0103102311954498));
#16123=CARTESIAN_POINT('',(0.00723167669809118,-0.0235029159919591,0.0103102311954498));
#16124=CARTESIAN_POINT('',(-0.0143358361992152,0.0238395672037221,0.0103102311954498));
#16125=CARTESIAN_POINT('',(0.0124721675293726,0.0128126934927143,0.0103102311954498));
#16126=CARTESIAN_POINT('',(0.0131784008560139,0.0128129741100396,0.0103102311954498));
#16127=CARTESIAN_POINT('',(0.0131784008560139,0.0128129741100396,0.0103102311954498));
#16128=CARTESIAN_POINT('',(0.0124721675293726,0.0128126934927143,0.0103102311954498));
#16129=CARTESIAN_POINT('',(0.0117659332293478,0.0128126934927141,0.0103102311954498));
#16130=CARTESIAN_POINT('',(0.0117659332293478,0.0128126934927141,0.0103102311954498));
#16131=CARTESIAN_POINT('',(0.0131886047890905,0.0138432455246474,0.0103102311954498));
#16132=CARTESIAN_POINT('',(0.014218945070276,0.0138534486558041,0.0103102311954498));
#16133=CARTESIAN_POINT('',(0.014218945070276,0.0138534486558041,0.0103102311954498));
#16134=CARTESIAN_POINT('',(0.0131886047890905,0.0138432455246474,0.0103102311954498));
#16135=CARTESIAN_POINT('',(0.0131804830186073,0.0138552466537808,0.0103102311954498));
#16136=CARTESIAN_POINT('',(0.0131783957424994,0.0148941364607257,0.0103102311954498));
#16137=CARTESIAN_POINT('',(0.0131783957424994,0.0148941364607257,0.0103102311954498));
#16138=CARTESIAN_POINT('',(0.0131804830186073,0.0138552466537808,0.0103102311954498));
#16139=CARTESIAN_POINT('',(0.0107251722788624,0.0148942152837046,0.0103102311954498));
#16140=CARTESIAN_POINT('',(0.00827194750478153,0.0148939346979309,0.0103102311954498));
#16141=CARTESIAN_POINT('',(0.00827194750478153,0.0148939346979309,0.0103102311954498));
#16142=CARTESIAN_POINT('',(0.0107251722788624,0.0148942152837046,0.0103102311954498));
#16143=CARTESIAN_POINT('',(0.00826174383011348,0.0138636619851723,0.0103102311954498));
#16144=CARTESIAN_POINT('',(0.00723140215817393,0.0138534601207604,0.0103102311954498));
#16145=CARTESIAN_POINT('',(0.00723140215817393,0.0138534601207604,0.0103102311954498));
#16146=CARTESIAN_POINT('',(0.00826174383011348,0.0138636619851723,0.0103102311954498));
#16147=CARTESIAN_POINT('',(0.00826986418546429,0.0138516621472686,0.0103102311954498));
#16148=CARTESIAN_POINT('',(0.00827195143611904,0.0128127723146615,0.0103102311954498));
#16149=CARTESIAN_POINT('',(0.00827195143611904,0.0128127723146615,0.0103102311954498));
#16150=CARTESIAN_POINT('',(0.00826986418546429,0.0138516621472686,0.0103102311954498));
#16151=CARTESIAN_POINT('',(0.008978182436883,0.0128126934927143,0.0103102311954498));
#16152=CARTESIAN_POINT('',(0.00968441099525608,0.0128126934927141,0.0103102311954498));
#16153=CARTESIAN_POINT('',(0.00968441099525608,0.0128126934927141,0.0103102311954498));
#16154=CARTESIAN_POINT('',(0.008978182436883,0.0128126934927143,0.0103102311954498));
#16155=CARTESIAN_POINT('',(0.00968441099525608,0.010656830242957,0.0103102311954498));
#16156=CARTESIAN_POINT('',(0.00968469275133038,0.00850096559782321,0.0103102311954498));
#16157=CARTESIAN_POINT('',(0.00968469275133038,0.00850096559782321,0.0103102311954498));
#16158=CARTESIAN_POINT('',(0.00968441099525608,0.010656830242957,0.0103102311954498));
#16159=CARTESIAN_POINT('',(0.0107149669896367,0.00849076227310266,0.0103102311954498));
#16160=CARTESIAN_POINT('',(0.0107251687432284,0.00746042026476668,0.0103102311954498));
#16161=CARTESIAN_POINT('',(0.0107251687432284,0.00746042026476668,0.0103102311954498));
#16162=CARTESIAN_POINT('',(0.0107149669896367,0.00849076227310266,0.0103102311954498));
#16163=CARTESIAN_POINT('',(0.0107269670072492,0.00849888224127534,0.0103102311954498));
#16164=CARTESIAN_POINT('',(0.0117658555902341,0.00850096953470008,0.0103102311954498));
#16165=CARTESIAN_POINT('',(0.0117658555902341,0.00850096953470008,0.0103102311954498));
#16166=CARTESIAN_POINT('',(0.0107269670072492,0.00849888224127534,0.0103102311954498));
#16167=CARTESIAN_POINT('',(0.0117659332293478,0.0106568315532994,0.0103102311954498));
#16168=CARTESIAN_POINT('',(0.0117659332293478,0.0106568315532994,0.0103102311954498));
#16169=CARTESIAN_POINT('',(-0.0143358361992152,0.0238395672037221,0.0103102311954498));
#16170=CARTESIAN_POINT('',(0.00503090418628178,0.00882824562273733,0.0103102311954498));
#16171=CARTESIAN_POINT('',(0.00502577000165839,0.0054275319926592,0.0103102311954498));
#16172=CARTESIAN_POINT('',(0.00502577000165839,0.0054275319926592,0.0103102311954498));
#16173=CARTESIAN_POINT('',(0.00503090418628178,0.00882824562273733,0.0103102311954498));
#16174=CARTESIAN_POINT('',(0.0016301905246204,0.00882310818867631,0.0103102311954498));
#16175=CARTESIAN_POINT('',(0.0016301905246204,0.00882310818867631,0.0103102311954498));
#16176=CARTESIAN_POINT('',(0.00502063406522478,0.00882824522767605,0.0103102311954498));
#16177=CARTESIAN_POINT('',(0.00842134729587336,0.00882310974864343,0.0103102311954498));
#16178=CARTESIAN_POINT('',(0.00842134729587336,0.00882310974864343,0.0103102311954498));
#16179=CARTESIAN_POINT('',(0.00502063406522478,0.00882824522767605,0.0103102311954498));
#16180=CARTESIAN_POINT('',(0.00502063357798797,0.00881797532132145,0.0103102311954498));
#16181=CARTESIAN_POINT('',(0.00502576563011098,0.0122186890427921,0.0103102311954498));
#16182=CARTESIAN_POINT('',(0.00502576563011098,0.0122186890427921,0.0103102311954498));
#16183=CARTESIAN_POINT('',(0.00502063357798797,0.00881797532132145,0.0103102311954498));
#16184=CARTESIAN_POINT('',(0.00502456595730859,0.00882349156017073,0.0103102311954498));
#16185=CARTESIAN_POINT('',(0.00502456595730859,0.00882349156017073,0.0107102311954498));
#16186=CARTESIAN_POINT('',(0.00635176571037998,0.0088231111145411,0.0107102311954498));
#16187=CARTESIAN_POINT('',(0.00502576956570407,0.00749752282358803,0.0107102311954498));
#16188=CARTESIAN_POINT('',(0.00502576943018205,0.00749731780689089,0.0103102311954498));
#16189=CARTESIAN_POINT('',(0.00502576943018205,0.00749731780689089,0.0103102311954498));
#16190=CARTESIAN_POINT('',(0.00502456595730859,0.00882349156017073,0.0103102311954498));
#16191=CARTESIAN_POINT('',(0.00635156055217585,0.00882311085194941,0.0103102311954498));
#16192=CARTESIAN_POINT('',(0.00635156055217585,0.00882311085194941,0.0103102311954498));
#16193=CARTESIAN_POINT('',(0.00502615177462287,0.00882431313260663,0.0103102311954498));
#16194=CARTESIAN_POINT('',(0.00502615177462287,0.00882431313260663,0.0107102311954498));
#16195=CARTESIAN_POINT('',(0.00370018244819463,0.00882310969889653,0.0107102311954498));
#16196=CARTESIAN_POINT('',(0.00369997728986653,0.00882310983419774,0.0103102311954498));
#16197=CARTESIAN_POINT('',(0.00369997728986653,0.00882310983419774,0.0103102311954498));
#16198=CARTESIAN_POINT('',(0.00502615177462287,0.00882431313260663,0.0103102311954498));
#16199=CARTESIAN_POINT('',(0.00502697188473308,0.00882272912598323,0.0103102311954498));
#16200=CARTESIAN_POINT('',(0.00502697188473308,0.00882272912598323,0.0107102311954498));
#16201=CARTESIAN_POINT('',(0.00502576827633817,0.0101486978625657,0.0107102311954498));
#16202=CARTESIAN_POINT('',(0.0050257684118602,0.0101489028792623,0.0103102311954498));
#16203=CARTESIAN_POINT('',(0.0050257684118602,0.0101489028792623,0.0103102311954498));
#16204=CARTESIAN_POINT('',(0.00502697188473308,0.00882272912598323,0.0103102311954498));
#16205=CARTESIAN_POINT('',(0.00502538606741498,0.00882190755354405,0.0103102311954498));
#16206=CARTESIAN_POINT('',(0.00502538606741498,0.00882190755354405,0.0107102311954498));
#16207=CARTESIAN_POINT('',(0.00502538606741498,0.00882190755354405,0.0103102311954498));
#16208=CARTESIAN_POINT('',(0.00503090446878728,0.00881797512379015,0.0103102311954498));
#16209=CARTESIAN_POINT('',(0.00503090446878728,0.00881797512379015,0.0103102311954498));
#16210=CARTESIAN_POINT('',(-0.0143358361992152,0.0238395672037221,0.0103102311954498));
#16211=CARTESIAN_POINT('',(-0.0185261049926282,-0.0134093045505762,0.0107102311954498));
#16212=CARTESIAN_POINT('',(0.0164357660511891,0.00881110205887335,0.0103102311954498));
#16213=CARTESIAN_POINT('',(0.0164357660511891,0.00881110205887335,0.0107102311954498));
#16214=CARTESIAN_POINT('',(0.0177629664529934,0.00881072082010329,0.0107102311954498));
#16215=CARTESIAN_POINT('',(0.0164369697876724,0.007485132737266,0.0107102311954498));
#16216=CARTESIAN_POINT('',(0.016436969652199,0.00748492764638412,0.0103102311954498));
#16217=CARTESIAN_POINT('',(0.016436969652199,0.00748492764638412,0.0103102311954498));
#16218=CARTESIAN_POINT('',(0.0164357660511891,0.00881110205887335,0.0103102311954498));
#16219=CARTESIAN_POINT('',(0.0177627613477006,0.00881072055751671,0.0103102311954498));
#16220=CARTESIAN_POINT('',(0.0177627613477006,0.00881072055751671,0.0103102311954498));
#16221=CARTESIAN_POINT('',(0.0164373514179084,0.00881192318298835,0.0103102311954498));
#16222=CARTESIAN_POINT('',(0.0164373514179084,0.00881192318298835,0.0107102311954498));
#16223=CARTESIAN_POINT('',(0.0151113818002383,0.00881071940377662,0.0107102311954498));
#16224=CARTESIAN_POINT('',(0.0151111767183112,0.00881071953925549,0.0103102311954498));
#16225=CARTESIAN_POINT('',(0.0151111767183112,0.00881071953925549,0.0103102311954498));
#16226=CARTESIAN_POINT('',(0.0164373514179084,0.00881192318298835,0.0103102311954498));
#16227=CARTESIAN_POINT('',(0.0164381719959027,0.00881033771952447,0.0103102311954498));
#16228=CARTESIAN_POINT('',(0.0164381719959027,0.00881033771952447,0.0107102311954498));
#16229=CARTESIAN_POINT('',(0.0164369682032545,0.0101363071221383,0.0107102311954498));
#16230=CARTESIAN_POINT('',(0.0164369683386104,0.0101365121953842,0.0103102311954498));
#16231=CARTESIAN_POINT('',(0.0164369683386104,0.0101365121953842,0.0103102311954498));
#16232=CARTESIAN_POINT('',(0.0164381719959027,0.00881033771952447,0.0103102311954498));
#16233=CARTESIAN_POINT('',(0.0164365870926081,0.00880951709159045,0.0103102311954498));
#16234=CARTESIAN_POINT('',(0.0164365870926081,0.00880951709159045,0.0107102311954498));
#16235=CARTESIAN_POINT('',(0.0164365870926081,0.00880951709159045,0.0103102311954498));
#16236=CARTESIAN_POINT('',(0.0164369688476246,0.00881072004844453,0.0103102311954498));
#16237=CARTESIAN_POINT('',(0.0164369688476246,0.00881072004844453,0.0103102311954498));
#16238=CARTESIAN_POINT('',(0.0130446796783649,0.00881072004844453,0.0103102311954498));
#16239=CARTESIAN_POINT('',(-0.0143358361992152,0.0238395672037221,0.0103102311954498));
#16240=CARTESIAN_POINT('',(-0.0185261049926282,-0.0134093045505762,0.0107102311954498));
#16241=CARTESIAN_POINT('',(0.00255806829357008,-0.000434020771990746,0.0103102311954498));
#16242=CARTESIAN_POINT('',(0.00256015558699723,-0.00147291053657784,0.0103102311954498));
#16243=CARTESIAN_POINT('',(0.00256015558699723,-0.00147291053657784,0.0103102311954498));
#16244=CARTESIAN_POINT('',(0.00255806829357008,-0.000434020771990746,0.0103102311954498));
#16245=CARTESIAN_POINT('',(0.00151960633028327,-0.000432221676135762,0.0103102311954498));
#16246=CARTESIAN_POINT('',(0.00151960633028327,-0.000432221676135762,0.0103102311954498));
#16247=CARTESIAN_POINT('',(0.0050133793460312,-0.00147298935729505,0.0103102311954498));
#16248=CARTESIAN_POINT('',(0.00746660441550949,-0.00147270877285545,0.0103102311954498));
#16249=CARTESIAN_POINT('',(0.00746660441550949,-0.00147270877285545,0.0103102311954498));
#16250=CARTESIAN_POINT('',(0.0050133793460312,-0.00147298935729505,0.0103102311954498));
#16251=CARTESIAN_POINT('',(0.00747680813042438,-0.000442436124050867,0.0103102311954498));
#16252=CARTESIAN_POINT('',(0.00850714973749537,-0.000432233972996223,0.0103102311954498));
#16253=CARTESIAN_POINT('',(0.00850714973749537,-0.000432233972996223,0.0103102311954498));
#16254=CARTESIAN_POINT('',(0.00747680813042438,-0.000442436124050867,0.0103102311954498));
#16255=CARTESIAN_POINT('',(0.00746868777760389,-0.000430435708509565,0.0103102311954498));
#16256=CARTESIAN_POINT('',(0.00746660048417632,0.000608454056077495,0.0103102311954498));
#16257=CARTESIAN_POINT('',(0.00746660048417632,0.000608454056077495,0.0103102311954498));
#16258=CARTESIAN_POINT('',(0.00746868777760389,-0.000430435708509565,0.0103102311954498));
#16259=CARTESIAN_POINT('',(0.00501337672514241,0.000608532876794743,0.0103102311954498));
#16260=CARTESIAN_POINT('',(0.00256015165566406,0.000608252292355142,0.0103102311954498));
#16261=CARTESIAN_POINT('',(0.00256015165566406,0.000608252292355142,0.0103102311954498));
#16262=CARTESIAN_POINT('',(0.00501337672514241,0.000608532876794743,0.0103102311954498));
#16263=CARTESIAN_POINT('',(0.00254994794074938,-0.00042202035644935,0.0103102311954498));
#16264=CARTESIAN_POINT('',(0.00254994794074938,-0.00042202035644935,0.0103102311954498));
#16265=CARTESIAN_POINT('',(-0.0143358361992152,0.0238395672037221,0.0103102311954498));
#16266=CARTESIAN_POINT('',(0.00500824337911109,-0.0180828587356513,0.0103102311954498));
#16267=CARTESIAN_POINT('',(0.00840895575832406,-0.018087992261088,0.0103102311954498));
#16268=CARTESIAN_POINT('',(0.00840895575832406,-0.018087992261088,0.0103102311954498));
#16269=CARTESIAN_POINT('',(0.00500824337911109,-0.0180828587356513,0.0103102311954498));
#16270=CARTESIAN_POINT('',(0.00501337690452721,-0.0214835711164956,0.0103102311954498));
#16271=CARTESIAN_POINT('',(0.00501337690452721,-0.0214835711164956,0.0103102311954498));
#16272=CARTESIAN_POINT('',(0.00500824337911479,-0.0180931268669952,0.0103102311954498));
#16273=CARTESIAN_POINT('',(0.00501337690450971,-0.0146924144877858,0.0103102311954498));
#16274=CARTESIAN_POINT('',(0.00501337690450971,-0.0146924144877858,0.0103102311954498));
#16275=CARTESIAN_POINT('',(0.00500824337911479,-0.0180931268669952,0.0103102311954498));
#16276=CARTESIAN_POINT('',(0.00501851151045599,-0.0180931268669954,0.0103102311954498));
#16277=CARTESIAN_POINT('',(0.00161779912961505,-0.0180879933415802,0.0103102311954498));
#16278=CARTESIAN_POINT('',(0.00161779912961505,-0.0180879933415802,0.0103102311954498));
#16279=CARTESIAN_POINT('',(0.00501851151045599,-0.0180931268669954,0.0103102311954498));
#16280=CARTESIAN_POINT('',(0.00501458006348358,-0.018088374597137,0.0103102311954498));
#16281=CARTESIAN_POINT('',(0.00501458006348358,-0.018088374597137,0.0107102311954498));
#16282=CARTESIAN_POINT('',(0.00368738059904374,-0.0180879935726457,0.0107102311954498));
#16283=CARTESIAN_POINT('',(0.00501337680059246,-0.0167624061213664,0.0107102311954498));
#16284=CARTESIAN_POINT('',(0.00501337693593938,-0.0167622010384112,0.0103102311954498));
#16285=CARTESIAN_POINT('',(0.00501337693593938,-0.0167622010384112,0.0103102311954498));
#16286=CARTESIAN_POINT('',(0.00501458006348358,-0.018088374597137,0.0103102311954498));
#16287=CARTESIAN_POINT('',(0.00368758568187659,-0.0180879933101709,0.0103102311954498));
#16288=CARTESIAN_POINT('',(0.00368758568187659,-0.0180879933101709,0.0103102311954498));
#16289=CARTESIAN_POINT('',(0.00501299564896338,-0.0180891954200221,0.0103102311954498));
#16290=CARTESIAN_POINT('',(0.00501299564896338,-0.0180891954200221,0.0107102311954498));
#16291=CARTESIAN_POINT('',(0.00633896412473848,-0.0180879921571324,0.0107102311954498));
#16292=CARTESIAN_POINT('',(0.00633916920769412,-0.0180879922924793,0.0103102311954498));
#16293=CARTESIAN_POINT('',(0.00633916920769412,-0.0180879922924793,0.0103102311954498));
#16294=CARTESIAN_POINT('',(0.00501299564896338,-0.0180891954200221,0.0103102311954498));
#16295=CARTESIAN_POINT('',(0.00501217482608608,-0.0180876110055059,0.0103102311954498));
#16296=CARTESIAN_POINT('',(0.00501217482608608,-0.0180876110055059,0.0107102311954498));
#16297=CARTESIAN_POINT('',(0.0050133780889778,-0.0194135794812771,0.0107102311954498));
#16298=CARTESIAN_POINT('',(0.00501337795363089,-0.0194137845642329,0.0103102311954498));
#16299=CARTESIAN_POINT('',(0.00501337795363089,-0.0194137845642329,0.0103102311954498));
#16300=CARTESIAN_POINT('',(0.00501217482608608,-0.0180876110055059,0.0103102311954498));
#16301=CARTESIAN_POINT('',(0.00501375924060268,-0.0180867901826245,0.0103102311954498));
#16302=CARTESIAN_POINT('',(0.00501375924060268,-0.0180867901826245,0.0107102311954498));
#16303=CARTESIAN_POINT('',(0.00501375924060268,-0.0180867901826245,0.0103102311954498));
#16304=CARTESIAN_POINT('',(0.00501851151045918,-0.0180828587356514,0.0103102311954498));
#16305=CARTESIAN_POINT('',(0.00501851151045918,-0.0180828587356514,0.0103102311954498));
#16306=CARTESIAN_POINT('',(-0.0143358361992152,0.0238395672037221,0.0103102311954498));
#16307=CARTESIAN_POINT('',(-0.0185261049926282,-0.0134093045505762,0.0107102311954498));
#16308=CARTESIAN_POINT('',(0.0164381709609378,-0.0180883751260296,0.0103102311954498));
#16309=CARTESIAN_POINT('',(0.0164381709609378,-0.0180883751260296,0.0107102311954498));
#16310=CARTESIAN_POINT('',(0.0151109710368782,-0.0180879935729508,0.0107102311954498));
#16311=CARTESIAN_POINT('',(0.0164369676126627,-0.0167624062778981,0.0107102311954498));
#16312=CARTESIAN_POINT('',(0.0164369677479723,-0.0167622011396007,0.0103102311954498));
#16313=CARTESIAN_POINT('',(0.0164369677479723,-0.0167622011396007,0.0103102311954498));
#16314=CARTESIAN_POINT('',(0.0164381709609378,-0.0180883751260296,0.0103102311954498));
#16315=CARTESIAN_POINT('',(0.0151111760934799,-0.0180879933104141,0.0103102311954498));
#16316=CARTESIAN_POINT('',(0.0151111760934799,-0.0180879933104141,0.0103102311954498));
#16317=CARTESIAN_POINT('',(0.0164365868950433,-0.0180891956787827,0.0103102311954498));
#16318=CARTESIAN_POINT('',(0.0164365868950433,-0.0180891956787827,0.0107102311954498));
#16319=CARTESIAN_POINT('',(0.0177625556090382,-0.0180879921566583,0.0107102311954498));
#16320=CARTESIAN_POINT('',(0.0177627606280962,-0.0180879922921841,0.0103102311954498));
#16321=CARTESIAN_POINT('',(0.0177627606280962,-0.0180879922921841,0.0103102311954498));
#16322=CARTESIAN_POINT('',(0.0164365868950433,-0.0180891956787827,0.0103102311954498));
#16323=CARTESIAN_POINT('',(0.0164357652383419,-0.0180876099185926,0.0103102311954498));
#16324=CARTESIAN_POINT('',(0.0164357652383419,-0.0180876099185926,0.0107102311954498));
#16325=CARTESIAN_POINT('',(0.0164369689012518,-0.0194135793671778,0.0107102311954498));
#16326=CARTESIAN_POINT('',(0.0164369687658701,-0.0194137845044926,0.0103102311954498));
#16327=CARTESIAN_POINT('',(0.0164369687658701,-0.0194137845044926,0.0103102311954498));
#16328=CARTESIAN_POINT('',(0.0164357652383419,-0.0180876099185926,0.0103102311954498));
#16329=CARTESIAN_POINT('',(0.0164373499039548,-0.0180867898145023,0.0103102311954498));
#16330=CARTESIAN_POINT('',(0.0164373499039548,-0.0180867898145023,0.0107102311954498));
#16331=CARTESIAN_POINT('',(0.0164373499039548,-0.0180867898145023,0.0103102311954498));
#16332=CARTESIAN_POINT('',(0.0164369682568231,-0.0180879928013248,0.0103102311954498));
#16333=CARTESIAN_POINT('',(0.0164369682568231,-0.0180879928013248,0.0103102311954498));
#16334=CARTESIAN_POINT('',(0.0130378599831574,-0.0180879928013248,0.0103102311954498));
#16335=CARTESIAN_POINT('',(-0.0143358361992152,0.0238395672037221,0.0103102311954498));
#16336=CARTESIAN_POINT('',(-0.0185261049926282,-0.0134093045505762,0.0107102311954498));
#16337=CARTESIAN_POINT('',(0.00826986495740648,-0.0135426527591223,0.0103102311954498));
#16338=CARTESIAN_POINT('',(0.0082719514363102,-0.014581543344919,0.0103102311954498));
#16339=CARTESIAN_POINT('',(0.0082719514363102,-0.014581543344919,0.0103102311954498));
#16340=CARTESIAN_POINT('',(0.00826986495740648,-0.0135426527591223,0.0103102311954498));
#16341=CARTESIAN_POINT('',(0.00723140213996376,-0.0135408544524788,0.0103102311954498));
#16342=CARTESIAN_POINT('',(0.00723140213996376,-0.0135408544524788,0.0103102311954498));
#16343=CARTESIAN_POINT('',(0.0107251751949874,-0.0145816221326177,0.0103102311954498));
#16344=CARTESIAN_POINT('',(0.0131784002639447,-0.0145813415705895,0.0103102311954498));
#16345=CARTESIAN_POINT('',(0.0131784002639447,-0.0145813415705895,0.0103102311954498));
#16346=CARTESIAN_POINT('',(0.0107251751949874,-0.0145816221326177,0.0103102311954498));
#16347=CARTESIAN_POINT('',(0.0131886031208624,-0.0135510685644181,0.0103102311954498));
#16348=CARTESIAN_POINT('',(0.0142189450687622,-0.0135408667474461,0.0103102311954498));
#16349=CARTESIAN_POINT('',(0.0142189450687622,-0.0135408667474461,0.0103102311954498));
#16350=CARTESIAN_POINT('',(0.0131886031208624,-0.0135510685644181,0.0103102311954498));
#16351=CARTESIAN_POINT('',(0.0131804822216101,-0.0135390692717068,0.0103102311954498));
#16352=CARTESIAN_POINT('',(0.0131783957423024,-0.0125001786862968,0.0103102311954498));
#16353=CARTESIAN_POINT('',(0.0131783957423024,-0.0125001786862968,0.0103102311954498));
#16354=CARTESIAN_POINT('',(0.0131804822216101,-0.0135390692717068,0.0103102311954498));
#16355=CARTESIAN_POINT('',(0.0107251722790717,-0.0125000998985279,0.0103102311954498));
#16356=CARTESIAN_POINT('',(0.00827194750560654,-0.0125003804497357,0.0103102311954498));
#16357=CARTESIAN_POINT('',(0.00827194750560654,-0.0125003804497357,0.0103102311954498));
#16358=CARTESIAN_POINT('',(0.0107251722790717,-0.0125000998985279,0.0103102311954498));
#16359=CARTESIAN_POINT('',(0.00826174458572299,-0.0135306539010647,0.0103102311954498));
#16360=CARTESIAN_POINT('',(0.00826174458572299,-0.0135306539010647,0.0103102311954498));
#16361=CARTESIAN_POINT('',(-0.0143358361992152,0.0238395672037221,0.0103102311954498));
#16362=CARTESIAN_POINT('',(0.0107186451917961,-0.0107961392133427,0.0103102311954498));
#16363=CARTESIAN_POINT('',(0.0117662022792262,-0.0108026698571552,0.0103102311954498));
#16364=CARTESIAN_POINT('',(0.0117662022792262,-0.0108026698571552,0.0103102311954498));
#16365=CARTESIAN_POINT('',(0.0107186451917961,-0.0107961392133427,0.0103102311954498));
#16366=CARTESIAN_POINT('',(0.0107251757088701,-0.0118436181159959,0.0103102311954498));
#16367=CARTESIAN_POINT('',(0.0107251757088701,-0.0118436181159959,0.0103102311954498));
#16368=CARTESIAN_POINT('',(0.0117659332293478,-0.00784145372655243,0.0103102311954498));
#16369=CARTESIAN_POINT('',(0.0117656532356808,-0.00488023704778855,0.0103102311954498));
#16370=CARTESIAN_POINT('',(0.0117656532356808,-0.00488023704778855,0.0103102311954498));
#16371=CARTESIAN_POINT('',(0.0117659332293478,-0.00784145372655243,0.0103102311954498));
#16372=CARTESIAN_POINT('',(0.0107353811777092,-0.00487003332994775,0.0103102311954498));
#16373=CARTESIAN_POINT('',(0.0107251790266511,-0.00383969172287894,0.0103102311954498));
#16374=CARTESIAN_POINT('',(0.0107251790266511,-0.00383969172287894,0.0103102311954498));
#16375=CARTESIAN_POINT('',(0.0107353811777092,-0.00487003332994775,0.0103102311954498));
#16376=CARTESIAN_POINT('',(0.0107233807621647,-0.00487815368277125,0.0103102311954498));
#16377=CARTESIAN_POINT('',(0.00968449040677371,-0.00488024097560327,0.0103102311954498));
#16378=CARTESIAN_POINT('',(0.00968449040677371,-0.00488024097560327,0.0103102311954498));
#16379=CARTESIAN_POINT('',(0.0107233807621647,-0.00487815368277125,0.0103102311954498));
#16380=CARTESIAN_POINT('',(0.00968441099525608,-0.007841454140805,0.0103102311954498));
#16381=CARTESIAN_POINT('',(0.00968434261259742,-0.0108026671672476,0.0103102311954498));
#16382=CARTESIAN_POINT('',(0.00968434261259742,-0.0108026671672476,0.0103102311954498));
#16383=CARTESIAN_POINT('',(0.00968441099525608,-0.007841454140805,0.0103102311954498));
#16384=CARTESIAN_POINT('',(0.0107230865776435,-0.0108044590887561,0.0103102311954498));
#16385=CARTESIAN_POINT('',(0.0107230865776435,-0.0108044590887561,0.0103102311954498));
#16386=CARTESIAN_POINT('',(-0.0143358361992152,0.0238395672037221,0.0103102311954498));
#16387=CARTESIAN_POINT('',(0.0164318328893073,-0.00563089649663775,0.0103102311954498));
#16388=CARTESIAN_POINT('',(0.019832547438838,-0.00563603156313824,0.0103102311954498));
#16389=CARTESIAN_POINT('',(0.019832547438838,-0.00563603156313824,0.0103102311954498));
#16390=CARTESIAN_POINT('',(0.0164318328893073,-0.00563089649663775,0.0103102311954498));
#16391=CARTESIAN_POINT('',(0.0164369677673021,-0.00903161109571581,0.0103102311954498));
#16392=CARTESIAN_POINT('',(0.0164369677673021,-0.00903161109571581,0.0103102311954498));
#16393=CARTESIAN_POINT('',(0.0164318338070043,-0.00564116789862556,0.0103102311954498));
#16394=CARTESIAN_POINT('',(0.0164369677673075,-0.00224045433800806,0.0103102311954498));
#16395=CARTESIAN_POINT('',(0.0164369677673075,-0.00224045433800806,0.0103102311954498));
#16396=CARTESIAN_POINT('',(0.0164318338070043,-0.00564116789862556,0.0103102311954498));
#16397=CARTESIAN_POINT('',(0.0164421030504501,-0.00564116719678775,0.0103102311954498));
#16398=CARTESIAN_POINT('',(0.0130413901897519,-0.0056360331842627,0.0103102311954498));
#16399=CARTESIAN_POINT('',(0.0130413901897519,-0.0056360331842627,0.0103102311954498));
#16400=CARTESIAN_POINT('',(0.0164421030504501,-0.00564116719678775,0.0103102311954498));
#16401=CARTESIAN_POINT('',(0.0164381715517398,-0.00563641496858256,0.0103102311954498));
#16402=CARTESIAN_POINT('',(0.0164381715517398,-0.00563641496858256,0.0107102311954498));
#16403=CARTESIAN_POINT('',(0.0151109716276804,-0.00563603341550342,0.0107102311954498));
#16404=CARTESIAN_POINT('',(0.0164369682034642,-0.00431044612045092,0.0107102311954498));
#16405=CARTESIAN_POINT('',(0.0164369683387738,-0.00431024098215342,0.0103102311954498));
#16406=CARTESIAN_POINT('',(0.0164369683387738,-0.00431024098215342,0.0103102311954498));
#16407=CARTESIAN_POINT('',(0.0164381715517398,-0.00563641496858256,0.0103102311954498));
#16408=CARTESIAN_POINT('',(0.0151111766842819,-0.00563603315296674,0.0103102311954498));
#16409=CARTESIAN_POINT('',(0.0151111766842819,-0.00563603315296674,0.0103102311954498));
#16410=CARTESIAN_POINT('',(0.0164365874858454,-0.00563723552133525,0.0103102311954498));
#16411=CARTESIAN_POINT('',(0.0164365874858454,-0.00563723552133525,0.0107102311954498));
#16412=CARTESIAN_POINT('',(0.0177625561998405,-0.00563603199921095,0.0107102311954498));
#16413=CARTESIAN_POINT('',(0.0177627612188983,-0.00563603213473671,0.0103102311954498));
#16414=CARTESIAN_POINT('',(0.0177627612188983,-0.00563603213473671,0.0103102311954498));
#16415=CARTESIAN_POINT('',(0.0164365874858454,-0.00563723552133525,0.0103102311954498));
#16416=CARTESIAN_POINT('',(0.0164357658291463,-0.00563564976114697,0.0103102311954498));
#16417=CARTESIAN_POINT('',(0.0164357658291463,-0.00563564976114697,0.0107102311954498));
#16418=CARTESIAN_POINT('',(0.0164369694920533,-0.00696161920972995,0.0107102311954498));
#16419=CARTESIAN_POINT('',(0.0164369693566715,-0.00696182434704491,0.0103102311954498));
#16420=CARTESIAN_POINT('',(0.0164369693566715,-0.00696182434704491,0.0103102311954498));
#16421=CARTESIAN_POINT('',(0.0164357658291463,-0.00563564976114697,0.0103102311954498));
#16422=CARTESIAN_POINT('',(0.0164373504947522,-0.00563482965705946,0.0103102311954498));
#16423=CARTESIAN_POINT('',(0.0164373504947522,-0.00563482965705946,0.0107102311954498));
#16424=CARTESIAN_POINT('',(0.0164373504947522,-0.00563482965705946,0.0103102311954498));
#16425=CARTESIAN_POINT('',(0.0164421030504538,-0.00563089809096355,0.0103102311954498));
#16426=CARTESIAN_POINT('',(0.0164421030504538,-0.00563089809096355,0.0103102311954498));
#16427=CARTESIAN_POINT('',(-0.0143358361992152,0.0238395672037221,0.0103102311954498));
#16428=CARTESIAN_POINT('',(-0.0185261049926282,-0.0134093045505762,0.0107102311954498));
#16429=CARTESIAN_POINT('',(0.00500824377059247,-0.00563089775927537,0.0103102311954498));
#16430=CARTESIAN_POINT('',(0.00840895693911228,-0.00563603156356373,0.0103102311954498));
#16431=CARTESIAN_POINT('',(0.00840895693911228,-0.00563603156356373,0.0103102311954498));
#16432=CARTESIAN_POINT('',(0.00500824377059247,-0.00563089775927537,0.0103102311954498));
#16433=CARTESIAN_POINT('',(0.00501337808601741,-0.00903161099673984,0.0103102311954498));
#16434=CARTESIAN_POINT('',(0.00501337808601741,-0.00903161099673984,0.0103102311954498));
#16435=CARTESIAN_POINT('',(0.00500824456071787,-0.00564116670954835,0.0103102311954498));
#16436=CARTESIAN_POINT('',(0.00501337754553716,-0.00224045429346348,0.0103102311954498));
#16437=CARTESIAN_POINT('',(0.00501337754553716,-0.00224045429346348,0.0103102311954498));
#16438=CARTESIAN_POINT('',(0.00500824456071787,-0.00564116670954835,0.0103102311954498));
#16439=CARTESIAN_POINT('',(0.00501851348218169,-0.00564116752847656,0.0103102311954498));
#16440=CARTESIAN_POINT('',(0.00161780024476397,-0.0056360331842898,0.0103102311954498));
#16441=CARTESIAN_POINT('',(0.00161780024476397,-0.0056360331842898,0.0103102311954498));
#16442=CARTESIAN_POINT('',(0.00501851348218169,-0.00564116752847656,0.0103102311954498));
#16443=CARTESIAN_POINT('',(0.00501458124508689,-0.00563641443968896,0.0103102311954498));
#16444=CARTESIAN_POINT('',(0.00501458124508689,-0.00563641443968896,0.0107102311954498));
#16445=CARTESIAN_POINT('',(0.00368738178064803,-0.00563603341519826,0.0107102311954498));
#16446=CARTESIAN_POINT('',(0.00501337798219585,-0.00431044596391914,0.0107102311954498));
#16447=CARTESIAN_POINT('',(0.00501337811754277,-0.00431024088096389,0.0103102311954498));
#16448=CARTESIAN_POINT('',(0.00501337811754277,-0.00431024088096389,0.0103102311954498));
#16449=CARTESIAN_POINT('',(0.00501458124508689,-0.00563641443968896,0.0103102311954498));
#16450=CARTESIAN_POINT('',(0.00368758686348076,-0.00563603315272337,0.0103102311954498));
#16451=CARTESIAN_POINT('',(0.00368758686348076,-0.00563603315272337,0.0103102311954498));
#16452=CARTESIAN_POINT('',(0.00501299683056698,-0.00563723526257455,0.0103102311954498));
#16453=CARTESIAN_POINT('',(0.00501299683056698,-0.00563723526257455,0.0107102311954498));
#16454=CARTESIAN_POINT('',(0.00633896530634202,-0.00563603199968497,0.0107102311954498));
#16455=CARTESIAN_POINT('',(0.00633917038929759,-0.00563603213503189,0.0103102311954498));
#16456=CARTESIAN_POINT('',(0.00633917038929759,-0.00563603213503189,0.0103102311954498));
#16457=CARTESIAN_POINT('',(0.00501299683056698,-0.00563723526257455,0.0103102311954498));
#16458=CARTESIAN_POINT('',(0.00501217600769299,-0.00563565084806156,0.0103102311954498));
#16459=CARTESIAN_POINT('',(0.00501217600769299,-0.00563565084806156,0.0107102311954498));
#16460=CARTESIAN_POINT('',(0.00501337927058119,-0.00696161932382927,0.0107102311954498));
#16461=CARTESIAN_POINT('',(0.00501337913523428,-0.00696182440678505,0.0103102311954498));
#16462=CARTESIAN_POINT('',(0.00501337913523428,-0.00696182440678505,0.0103102311954498));
#16463=CARTESIAN_POINT('',(0.00501217600769299,-0.00563565084806156,0.0103102311954498));
#16464=CARTESIAN_POINT('',(0.00501376042220197,-0.00563483002518176,0.0103102311954498));
#16465=CARTESIAN_POINT('',(0.00501376042220197,-0.00563483002518176,0.0107102311954498));
#16466=CARTESIAN_POINT('',(0.00501376042220197,-0.00563483002518176,0.0103102311954498));
#16467=CARTESIAN_POINT('',(0.00501851348218499,-0.00563089775927527,0.0103102311954498));
#16468=CARTESIAN_POINT('',(0.00501851348218499,-0.00563089775927527,0.0103102311954498));
#16469=CARTESIAN_POINT('',(-0.0143358361992152,0.0238395672037221,0.0103102311954498));
#16470=CARTESIAN_POINT('',(-0.0185261049926282,-0.0134093045505762,0.0107102311954498));
#16471=CARTESIAN_POINT('',(0.013981658810207,-0.000434020771990865,0.0103102311954498));
#16472=CARTESIAN_POINT('',(0.0139837461036342,-0.00147291053657785,0.0103102311954498));
#16473=CARTESIAN_POINT('',(0.0139837461036342,-0.00147291053657785,0.0103102311954498));
#16474=CARTESIAN_POINT('',(0.013981658810207,-0.000434020771990865,0.0103102311954498));
#16475=CARTESIAN_POINT('',(0.0129431968303056,-0.000432221676725991,0.0103102311954498));
#16476=CARTESIAN_POINT('',(0.0129431968303056,-0.000432221676725991,0.0103102311954498));
#16477=CARTESIAN_POINT('',(0.0164369699733493,-0.00147298935729505,0.0103102311954498));
#16478=CARTESIAN_POINT('',(0.0188901951534147,-0.00147270878464322,0.0103102311954498));
#16479=CARTESIAN_POINT('',(0.0188901951534147,-0.00147270878464322,0.0103102311954498));
#16480=CARTESIAN_POINT('',(0.0164369699733493,-0.00147298935729505,0.0103102311954498));
#16481=CARTESIAN_POINT('',(0.0189003986058146,-0.000442436108678367,0.0103102311954498));
#16482=CARTESIAN_POINT('',(0.0199307402422568,-0.000432233972891425,0.0103102311954498));
#16483=CARTESIAN_POINT('',(0.0199307402422568,-0.000432233972891425,0.0103102311954498));
#16484=CARTESIAN_POINT('',(0.0189003986058146,-0.000442436108678367,0.0103102311954498));
#16485=CARTESIAN_POINT('',(0.0188922784203146,-0.000430435549196455,0.0103102311954498));
#16486=CARTESIAN_POINT('',(0.0188901912223311,0.000608454063428943,0.0103102311954498));
#16487=CARTESIAN_POINT('',(0.0188901912223311,0.000608454063428943,0.0103102311954498));
#16488=CARTESIAN_POINT('',(0.0188922784203146,-0.000430435549196455,0.0103102311954498));
#16489=CARTESIAN_POINT('',(0.0164369673526457,0.000608532876794743,0.0103102311954498));
#16490=CARTESIAN_POINT('',(0.0139837421726069,0.000608252302265524,0.0103102311954498));
#16491=CARTESIAN_POINT('',(0.0139837421726069,0.000608252302265524,0.0103102311954498));
#16492=CARTESIAN_POINT('',(0.0164369673526457,0.000608532876794743,0.0103102311954498));
#16493=CARTESIAN_POINT('',(0.013973538842031,-0.000422020754374374,0.0103102311954498));
#16494=CARTESIAN_POINT('',(0.013973538842031,-0.000422020754374374,0.0103102311954498));
#16495=CARTESIAN_POINT('',(-0.0143358361992152,0.0238395672037221,0.0103102311954498));
#16496=CARTESIAN_POINT('',(0.00983309334924068,-0.00060568882029155,0.0103102311954498));
#16497=CARTESIAN_POINT('',(0.00983309334924068,-0.00060568882029155,0.0107102311954498));
#16498=CARTESIAN_POINT('',(0.0100189425142316,-0.000915437231675668,0.0103102311954498));
#16499=CARTESIAN_POINT('',(0.0100189425142316,-0.000915437231675668,0.0107102311954498));
#16500=CARTESIAN_POINT('',(0.0103534698797976,-0.00108889758793561,0.0103102311954498));
#16501=CARTESIAN_POINT('',(0.0103534698797976,-0.00108889758793561,0.0107102311954498));
#16502=CARTESIAN_POINT('',(0.0107127776913704,-0.00110128856577336,0.0103102311954498));
#16503=CARTESIAN_POINT('',(0.0107127776913704,-0.00110128856577336,0.0107102311954498));
#16504=CARTESIAN_POINT('',(0.0107127876070663,-0.00110100103503432,0.0103102311954498));
#16505=CARTESIAN_POINT('',(0.0107127876070663,-0.00110100103503432,0.0103102311954498));
#16506=CARTESIAN_POINT('',(0.00983309334924068,-0.00060568882029155,0.0103102311954498));
#16507=CARTESIAN_POINT('',(0.0100189436331133,-0.000915439096477358,0.0103102311954498));
#16508=CARTESIAN_POINT('',(0.0103534739077636,-0.00108889967652356,0.0103102311954498));
#16509=CARTESIAN_POINT('',(0.0107127841808767,-0.00110128878955086,0.0103102311954498));
#16510=CARTESIAN_POINT('',(0.00983309334924076,-0.00060568882029169,0.0103102311954498));
#16511=CARTESIAN_POINT('',(0.00983309334924076,-0.00060568882029169,0.0103102311954498));
#16512=CARTESIAN_POINT('',(0.0107247856738099,-9.33224718411505E-5,0.0103102311954498));
#16513=CARTESIAN_POINT('',(0.0115923841806807,-0.000605635753703312,0.0103102311954498));
#16514=CARTESIAN_POINT('',(0.0115923841806807,-0.000605635753703312,0.0103102311954498));
#16515=CARTESIAN_POINT('',(0.0107247856738099,-9.33224718411505E-5,0.0103102311954498));
#16516=CARTESIAN_POINT('',(0.0130235209999179,0.00176699782834266,0.0103102311954498));
#16517=CARTESIAN_POINT('',(0.0144545674935871,0.00413968531636695,0.0103102311954498));
#16518=CARTESIAN_POINT('',(0.0144545674935871,0.00413968531636695,0.0103102311954498));
#16519=CARTESIAN_POINT('',(0.0130235209999179,0.00176699782834266,0.0103102311954498));
#16520=CARTESIAN_POINT('',(0.0144545674935871,0.00413968531636695,0.0103102311954498));
#16521=CARTESIAN_POINT('',(0.0144545674935871,0.00413968531636695,0.0107102311954498));
#16522=CARTESIAN_POINT('',(0.0147519274751422,0.00463528528562623,0.0103102311954498));
#16523=CARTESIAN_POINT('',(0.0147519274751422,0.00463528528562623,0.0107102311954498));
#16524=CARTESIAN_POINT('',(0.0146032474843649,0.00526717613263644,0.0103102311954498));
#16525=CARTESIAN_POINT('',(0.0146032474843649,0.00526717613263644,0.0107102311954498));
#16526=CARTESIAN_POINT('',(0.0141076469243048,0.00556453670498915,0.0103102311954498));
#16527=CARTESIAN_POINT('',(0.0141076469243048,0.00556453670498915,0.0107102311954498));
#16528=CARTESIAN_POINT('',(0.0141076507571977,0.0055645429463826,0.0103102311954498));
#16529=CARTESIAN_POINT('',(0.0141076507571977,0.0055645429463826,0.0103102311954498));
#16530=CARTESIAN_POINT('',(0.0144545674935871,0.00413968531636695,0.0103102311954498));
#16531=CARTESIAN_POINT('',(0.0147519274751422,0.00463528528562623,0.0103102311954498));
#16532=CARTESIAN_POINT('',(0.0146032474843649,0.00526717613263644,0.0103102311954498));
#16533=CARTESIAN_POINT('',(0.0141076469243048,0.00556453670498915,0.0103102311954498));
#16534=CARTESIAN_POINT('',(0.0135670160705753,0.00468418602652024,0.0103102311954498));
#16535=CARTESIAN_POINT('',(0.0126826016643717,0.00521773319129119,0.0103102311954498));
#16536=CARTESIAN_POINT('',(0.0126826016643717,0.00521773319129119,0.0103102311954498));
#16537=CARTESIAN_POINT('',(0.0135670160705753,0.00468418602652024,0.0103102311954498));
#16538=CARTESIAN_POINT('',(0.0116977896059232,0.00358213453622086,0.0103102311954498));
#16539=CARTESIAN_POINT('',(0.0107127835900749,0.00194665279379407,0.0103102311954498));
#16540=CARTESIAN_POINT('',(0.0107127835900749,0.00194665279379407,0.0103102311954498));
#16541=CARTESIAN_POINT('',(0.0116977896059232,0.00358213453622086,0.0103102311954498));
#16542=CARTESIAN_POINT('',(0.00972777796169606,0.00358213438335197,0.0103102311954498));
#16543=CARTESIAN_POINT('',(0.00874275266179304,0.00521760401436681,0.0103102311954498));
#16544=CARTESIAN_POINT('',(0.00874275266179304,0.00521760401436681,0.0103102311954498));
#16545=CARTESIAN_POINT('',(0.00972777796169606,0.00358213438335197,0.0103102311954498));
#16546=CARTESIAN_POINT('',(0.00785550881376977,0.00467321049178425,0.0103102311954498));
#16547=CARTESIAN_POINT('',(0.00731792683655466,0.00556452869877404,0.0103102311954498));
#16548=CARTESIAN_POINT('',(0.00731792683655466,0.00556452869877404,0.0103102311954498));
#16549=CARTESIAN_POINT('',(0.00785550881376977,0.00467321049178425,0.0103102311954498));
#16550=CARTESIAN_POINT('',(0.00786232730358608,0.00467727356781785,0.0103102311954498));
#16551=CARTESIAN_POINT('',(0.00697099011753677,0.00413967847597269,0.0103102311954498));
#16552=CARTESIAN_POINT('',(0.00697099011753677,0.00413967847597269,0.0103102311954498));
#16553=CARTESIAN_POINT('',(0.00786232730358608,0.00467727356781785,0.0103102311954498));
#16554=CARTESIAN_POINT('',(0.00840204740410427,0.00176699824803758,0.0103102311954498));
#16555=CARTESIAN_POINT('',(0.00840204740410427,0.00176699824803758,0.0103102311954498));
#16556=CARTESIAN_POINT('',(-0.0143358361992152,0.0238395672037221,0.0103102311954498));
#16557=CARTESIAN_POINT('',(-0.0563117835959217,0.0419844626628861,-0.00162745820332083));
#16558=CARTESIAN_POINT('',(-0.0523117835959217,0.0419844626628861,-0.00162745820332083));
#16559=CARTESIAN_POINT('',(-0.0523117835959217,0.0453718995299625,-0.00501489507039728));
#16560=CARTESIAN_POINT('',(-0.0563117835959217,0.0453718995299625,-0.00501489507039728));
#16561=CARTESIAN_POINT('',(-0.0563117835959217,0.0453718995299625,-0.00501489507039728));
#16562=CARTESIAN_POINT('',(-0.0563117835959217,0.0419844626628861,-0.00162745820332083));
#16563=CARTESIAN_POINT('',(-0.0563117835959217,0.0428970257958095,-0.00748976880455019));
#16564=CARTESIAN_POINT('',(-0.0523117835959217,0.0428970257958095,-0.00748976880455019));
#16565=CARTESIAN_POINT('',(-0.0523117835959217,0.0393970257958096,-0.0074897688045502));
#16566=CARTESIAN_POINT('',(-0.0563117835959217,0.0393970257958096,-0.0074897688045502));
#16567=CARTESIAN_POINT('',(-0.0563117835959217,0.0393970257958096,-0.0074897688045502));
#16568=CARTESIAN_POINT('',(-0.0563117835959217,0.0428970257958095,-0.00748976880455019));
#16569=CARTESIAN_POINT('',(-0.0563117835959217,0.0389970257958096,-0.0074897688045502));
#16570=CARTESIAN_POINT('',(-0.0523117835959217,0.0389970257958096,-0.0074897688045502));
#16571=CARTESIAN_POINT('',(-0.0563117835959217,0.0389970257958096,-0.0074897688045502));
#16572=CARTESIAN_POINT('',(-0.0563117835959217,0.0404970257958095,-0.000139768804550199));
#16573=CARTESIAN_POINT('',(-0.0563117835959217,0.0428970257958096,-0.0074897688045502));
#16574=CARTESIAN_POINT('',(-0.0563117835959217,0.0428970257958096,-0.0057897688045502));
#16575=CARTESIAN_POINT('',(-0.0523117835959217,0.0404970257958095,-0.000139768804550199));
#16576=CARTESIAN_POINT('',(-0.0523117835959217,0.0428970257958096,-0.0074897688045502));
#16577=CARTESIAN_POINT('',(-0.0523117835959217,0.0428970257958096,-0.0057897688045502));
#16578=CARTESIAN_POINT('',(-0.0439117835959217,0.0389970257958096,-0.0074897688045502));
#16579=CARTESIAN_POINT('',(-0.0479117835959217,0.0389970257958096,-0.0074897688045502));
#16580=CARTESIAN_POINT('',(-0.0479117835959217,0.0393970257958096,-0.0074897688045502));
#16581=CARTESIAN_POINT('',(-0.0439117835959217,0.0393970257958096,-0.0074897688045502));
#16582=CARTESIAN_POINT('',(-0.0439117835959217,0.0393970257958096,-0.0074897688045502));
#16583=CARTESIAN_POINT('',(-0.0439117835959217,0.0389970257958096,-0.0074897688045502));
#16584=CARTESIAN_POINT('',(-0.0439117835959217,0.0428970257958095,-0.00748976880455019));
#16585=CARTESIAN_POINT('',(-0.0479117835959217,0.0428970257958095,-0.00748976880455019));
#16586=CARTESIAN_POINT('',(-0.0479117835959217,0.0453718995299625,-0.00501489507039728));
#16587=CARTESIAN_POINT('',(-0.0439117835959217,0.0453718995299625,-0.00501489507039728));
#16588=CARTESIAN_POINT('',(-0.0439117835959217,0.0453718995299625,-0.00501489507039728));
#16589=CARTESIAN_POINT('',(-0.0439117835959217,0.0428970257958095,-0.00748976880455019));
#16590=CARTESIAN_POINT('',(-0.0439117835959217,0.0419844626628861,-0.00162745820332083));
#16591=CARTESIAN_POINT('',(-0.0479117835959217,0.0419844626628861,-0.00162745820332083));
#16592=CARTESIAN_POINT('',(-0.0439117835959217,0.0419844626628861,-0.00162745820332083));
#16593=CARTESIAN_POINT('',(-0.0439117835959217,0.0404970257958095,-0.000139768804550199));
#16594=CARTESIAN_POINT('',(-0.0479117835959217,0.0404970257958095,-0.000139768804550199));
#16595=CARTESIAN_POINT('',(-0.0479117835959217,0.0428970257958096,-0.0074897688045502));
#16596=CARTESIAN_POINT('',(-0.0479117835959217,0.0428970257958096,-0.0057897688045502));
#16597=CARTESIAN_POINT('',(-0.0647117835959217,0.0419844626628861,-0.00162745820332083));
#16598=CARTESIAN_POINT('',(-0.0607117835959217,0.0419844626628861,-0.00162745820332083));
#16599=CARTESIAN_POINT('',(-0.0607117835959217,0.0453718995299625,-0.00501489507039728));
#16600=CARTESIAN_POINT('',(-0.0647117835959217,0.0453718995299625,-0.00501489507039728));
#16601=CARTESIAN_POINT('',(-0.0647117835959217,0.0453718995299625,-0.00501489507039728));
#16602=CARTESIAN_POINT('',(-0.0647117835959217,0.0419844626628861,-0.00162745820332083));
#16603=CARTESIAN_POINT('',(-0.0647117835959217,0.0428970257958095,-0.00748976880455019));
#16604=CARTESIAN_POINT('',(-0.0607117835959217,0.0428970257958095,-0.00748976880455019));
#16605=CARTESIAN_POINT('',(-0.0607117835959217,0.0393970257958096,-0.0074897688045502));
#16606=CARTESIAN_POINT('',(-0.0647117835959217,0.0393970257958096,-0.0074897688045502));
#16607=CARTESIAN_POINT('',(-0.0647117835959217,0.0393970257958096,-0.0074897688045502));
#16608=CARTESIAN_POINT('',(-0.0647117835959217,0.0428970257958095,-0.00748976880455019));
#16609=CARTESIAN_POINT('',(-0.0647117835959217,0.0389970257958096,-0.0074897688045502));
#16610=CARTESIAN_POINT('',(-0.0607117835959217,0.0389970257958096,-0.0074897688045502));
#16611=CARTESIAN_POINT('',(-0.0647117835959217,0.0389970257958096,-0.0074897688045502));
#16612=CARTESIAN_POINT('',(-0.0647117835959217,0.0404970257958095,-0.000139768804550199));
#16613=CARTESIAN_POINT('',(-0.0607117835959217,0.0404970257958095,-0.000139768804550199));
#16614=CARTESIAN_POINT('',(-0.0607117835959217,0.0428970257958096,-0.0074897688045502));
#16615=CARTESIAN_POINT('',(-0.0607117835959217,0.0428970257958096,-0.0091897688045502));
#16616=CARTESIAN_POINT('',(-0.0563117835959217,0.0428970257958096,-0.0074897688045502));
#16617=CARTESIAN_POINT('',(-0.0580117835959217,0.0428970257958096,-0.0074897688045502));
#16618=CARTESIAN_POINT('',(-0.0523117835959217,0.0428970257958096,-0.0074897688045502));
#16619=CARTESIAN_POINT('',(-0.0506117835959217,0.0428970257958096,-0.0074897688045502));
#16620=CARTESIAN_POINT('',(-0.0477117835959217,0.0428970257958096,-0.0074897688045502));
#16621=CARTESIAN_POINT('',(-0.0477117835959217,0.0428970257958096,-0.0074897688045502));
#16622=CARTESIAN_POINT('',(-0.0477117835959217,0.0428970257958096,-0.0057897688045502));
#16623=CARTESIAN_POINT('',(-0.0477117835959217,0.0428970257958096,-0.0074897688045502));
#16624=CARTESIAN_POINT('',(-0.0460117835959217,0.0428970257958096,-0.0074897688045502));
#16625=CARTESIAN_POINT('',(-0.0609117835959217,0.0428970257958096,-0.0074897688045502));
#16626=CARTESIAN_POINT('',(-0.0609117835959217,0.0428970257958096,-0.0074897688045502));
#16627=CARTESIAN_POINT('',(-0.0609117835959217,0.0428970257958096,-0.0057897688045502));
#16628=CARTESIAN_POINT('',(-0.0609117835959217,0.0428970257958096,-0.0074897688045502));
#16629=CARTESIAN_POINT('',(-0.0626117835959217,0.0428970257958096,-0.0074897688045502));
#16630=MECHANICAL_DESIGN_GEOMETRIC_PRESENTATION_REPRESENTATION('',(#9665),
#16632);
#16631=MECHANICAL_DESIGN_GEOMETRIC_PRESENTATION_REPRESENTATION('',(#9666),
#16633);
#16632=(
GEOMETRIC_REPRESENTATION_CONTEXT(3)
GLOBAL_UNCERTAINTY_ASSIGNED_CONTEXT((#16634))
GLOBAL_UNIT_ASSIGNED_CONTEXT((#16640,#16638,#16636))
REPRESENTATION_CONTEXT('case_right','TOP_LEVEL_ASSEMBLY_PART')
);
#16633=(
GEOMETRIC_REPRESENTATION_CONTEXT(3)
GLOBAL_UNCERTAINTY_ASSIGNED_CONTEXT((#16635))
GLOBAL_UNIT_ASSIGNED_CONTEXT((#16641,#16639,#16637))
REPRESENTATION_CONTEXT('case_left','TOP_LEVEL_ASSEMBLY_PART')
);
#16634=UNCERTAINTY_MEASURE_WITH_UNIT(LENGTH_MEASURE(2.E-5),#16640,
'DISTANCE_ACCURACY_VALUE','Maximum Tolerance applied to model');
#16635=UNCERTAINTY_MEASURE_WITH_UNIT(LENGTH_MEASURE(2.E-5),#16641,
'DISTANCE_ACCURACY_VALUE','Maximum Tolerance applied to model');
#16636=(
NAMED_UNIT(*)
SI_UNIT($,.STERADIAN.)
SOLID_ANGLE_UNIT()
);
#16637=(
NAMED_UNIT(*)
SI_UNIT($,.STERADIAN.)
SOLID_ANGLE_UNIT()
);
#16638=(
NAMED_UNIT(*)
PLANE_ANGLE_UNIT()
SI_UNIT($,.RADIAN.)
);
#16639=(
NAMED_UNIT(*)
PLANE_ANGLE_UNIT()
SI_UNIT($,.RADIAN.)
);
#16640=(
LENGTH_UNIT()
NAMED_UNIT(*)
SI_UNIT($,.METRE.)
);
#16641=(
LENGTH_UNIT()
NAMED_UNIT(*)
SI_UNIT($,.METRE.)
);
#16642=PRODUCT_DEFINITION_SHAPE('','',#16644);
#16643=PRODUCT_DEFINITION_SHAPE('','',#16645);
#16644=PRODUCT_DEFINITION('','',#16648,#16646);
#16645=PRODUCT_DEFINITION('','',#16649,#16647);
#16646=PRODUCT_DEFINITION_CONTEXT('',#16660,'design');
#16647=PRODUCT_DEFINITION_CONTEXT('',#16661,'design');
#16648=PRODUCT_DEFINITION_FORMATION_WITH_SPECIFIED_SOURCE('','',#16652,
 .NOT_KNOWN.);
#16649=PRODUCT_DEFINITION_FORMATION_WITH_SPECIFIED_SOURCE('','',#16653,
 .NOT_KNOWN.);
#16650=PRODUCT_RELATED_PRODUCT_CATEGORY('','',(#16652));
#16651=PRODUCT_RELATED_PRODUCT_CATEGORY('','',(#16653));
#16652=PRODUCT('case_right','case_right','case_right',(#16656));
#16653=PRODUCT('case_left','case_left','case_left',(#16657));
#16654=PRODUCT_CATEGORY('','');
#16655=PRODUCT_CATEGORY('','');
#16656=PRODUCT_CONTEXT('',#16660,'mechanical');
#16657=PRODUCT_CONTEXT('',#16661,'mechanical');
#16658=APPLICATION_PROTOCOL_DEFINITION('international standard',
'ap242_managed_model_based_3d_engineering',2011,#16660);
#16659=APPLICATION_PROTOCOL_DEFINITION('international standard',
'ap242_managed_model_based_3d_engineering',2011,#16661);
#16660=APPLICATION_CONTEXT('managed model based 3d engineering');
#16661=APPLICATION_CONTEXT('managed model based 3d engineering');
ENDSEC;
END-ISO-10303-21;
